"NZ_CP197096.1 Acidithiobacillus sibiricus strain A1 chromosome, complete genome","NZ_CP148753.1 Achromobacter veterisilvae strain AB1 chromosome, complete genome","NZ_CP071766.1 Acinetobacter towneri strain GX3 chromosome, complete genome","NZ_CP035282.1 Acidilutibacter cellobiosedens strain JN-28 chromosome, complete genome","NZ_OY726395.1 [Mycobacterium] wendilense strain Mu0050 isolate Mu0050 chromosome 1, complete sequence","NZ_CP116458.1 Acidithiobacillus ferriphilus strain YL25 chromosome, complete genome","NZ_CP036170.1 [Clostridium] scindens ATCC 35704 chromosome, complete genome",NZ_LR215050.1 Acholeplasma hippikon strain NCTC10172 chromosome 1,"NZ_CP065027.1 Actinomyces trachealis strain zg-993 chromosome, complete genome","NC_022549.1 Acholeplasma brassicae, complete sequence","NZ_CP049801.1 Acinetobacter shaoyimingii strain 323-1 chromosome, complete genome","NZ_AP043921.1 Acetobacter okinawensis JCM 25146 chromosome, complete genome","NZ_AP043913.1 Acetivibrio straminisolvens strain JCM 21531 chromosome, complete genome","NZ_CP015425.1 [Haemophilus] ducreyi strain VAN2 chromosome, complete genome",NZ_AP018365.1 Actinacidiphila reveromycinica strain SN-593 chromosome,"NZ_CP066049.1 Actinomyces naeslundii strain FDAARGOS_1037 chromosome, complete genome","NZ_AP031589.1 Acidocella aluminiidurans strain AL46 chromosome, complete genome","NZ_CP035934.2 Acinetobacter cumulans strain WCHAc060092 chromosome, complete genome","NZ_CM174445.1 Acidisoma sibiricum strain TPB606 chromosome, whole genome shotgun sequence","NZ_CP059558.1 Acinetobacter junii strain YR7 chromosome, complete genome","NZ_CP034726.1 Acetilactobacillus jinshanensis strain HSLZ-75 chromosome, complete genome","NZ_CP031716.1 Acinetobacter wuhouensis strain WCHA60 chromosome, complete genome","NZ_CM166503.1 Actinoplanes siamensis strain TBRC 4237 chromosome, whole genome shotgun sequence","NZ_CP044483.1 Acinetobacter schindleri strain HZE30-1 chromosome, complete genome","NZ_AP023356.1 Actinoplanes ianthinogenes strain NBRC 13996 chromosome, complete genome","NZ_CM166493.1 Acidovorax radicis N35 chromosome, whole genome shotgun sequence","NZ_CP098732.1 Acinetobacter tibetensis strain Y-23 chromosome, complete genome","NZ_CP173357.1 Acetobacterium carbinolicum strain DSM 2925 chromosome, complete genome","NC_014618.1 [Enterobacter] lignolyticus SCF1, complete sequence","NZ_CP055156.1 Adhaeribacter swui strain KCTC 52873 chromosome, complete genome","NZ_CP095732.1 Abyssibius alkaniclasticus strain 960558 chromosome, complete genome","NZ_CP016895.1 Acinetobacter larvae strain BRTC-1 chromosome, complete genome","NZ_CP039846.2 Acetobacter pasteurianus strain CICC 22518 chromosome, complete genome","NC_012483.1 Acidobacterium capsulatum ATCC 51196, complete sequence","NC_005966.1 Acinetobacter baylyi ADP1, complete sequence","NC_014259.1 Acinetobacter oleivorans DR1, complete sequence","NZ_CP124070.1 Borreliella finlandensis strain Z11 chromosome, complete genome","NZ_CP068211.1 Achromobacter xylosoxidans strain FDAARGOS_1091 chromosome, complete genome","NZ_CP124050.1 Borreliella lusitaniae strain PotiB2 chromosome, complete genome","NC_009925.1 Acaryochloris marina MBIC11017, complete sequence","NZ_LR134350.1 Actinomyces howellii strain NCTC11636 chromosome 1, complete sequence","NZ_CP053987.1 Achromobacter denitrificans strain FDAARGOS_786 chromosome, complete genome","NZ_CP102272.1 [Clostridium] asparagiforme DSM 15981 chromosome, complete genome","NZ_CP045198.1 Acinetobacter indicus strain TQ23 chromosome, complete genome","NZ_CP155569.1 [Mycoplasma] cavipharyngis strain 117C chromosome, complete genome","NC_014248.1 'Nostoc azollae' 0708, complete sequence","NZ_CP066119.1 Acinetobacter bereziniae strain GD03185 chromosome, complete genome","NC_011992.1 [Acidovorax] ebreus TPSY, complete sequence","NZ_CP039292.1 Actinomyces procaprae strain dk561 chromosome, complete genome","NZ_CP055153.1 Adhaeribacter radiodurans strain KUDC8001 chromosome, complete genome","NZ_CP053391.1 Acinetobacter lactucae isolate QL-1 chromosome, complete genome","NZ_LR134310.1 Actinobacillus equuli strain NCTC8529 chromosome 1, complete sequence","NZ_CP176394.1 Acidaminobacterium chupaoyuni strain LBM23126 chromosome, complete genome","NZ_CP030140.1 [Mycoplasma] anseris strain ATCC 49234 chromosome, complete genome","NZ_CP118963.1 Acinetobacter lwoffii strain DSM 2403 chromosome, complete genome","NZ_CP036263.1 Adhaeretor mobilis strain HG15A2 chromosome, complete genome","NZ_CP125628.1 [Clostridium] symbiosum strain LM19R chromosome, complete genome","NZ_CP021524.1 Acetobacter ascendens strain SRCM101447 chromosome, complete genome","NZ_CP045571.1 Acidithiobacillus thiooxidans ATCC 19377 chromosome, complete genome",NZ_LR746496.1 Acididesulfobacillus acetoxydans isolate PacBioINE chromosome 1,"NZ_CP025197.1 Acetivibrio saccincola strain GGR1 chromosome, complete genome","NZ_AP018795.1 Acidithiobacillus ferridurans strain JCM 18981 chromosome, complete genome","NZ_CP192460.1 Acidovorax facilis strain 37c5 chromosome, complete genome",NZ_AP023354.1 Actinocatenispora sera strain NBRC 101916 chromosome,"NZ_CP009159.1 Actinobacillus suis ATCC 33415 chromosome, complete genome","NZ_CP119075.1 Actomonas lomoniglobus strain LMO-M01 chromosome, complete genome","NZ_CP060096.1 Aceticella autotrophica strain 3443-3Ac chromosome, complete genome","NZ_CP129113.1 Aciduricibacillus chroicocephali strain 44XB chromosome, complete genome","NZ_CP043909.1 Acinetobacter suaedae strain C16S1 chromosome, complete genome","NZ_CP043506.1 Acetobacter vaccinii strain KACC 21233 chromosome, complete genome","NZ_CP157428.1 Acinetobacter sp. XH1741 chromosome, complete genome","NZ_AP025566.1 [Clostridium] hylemonae strain CE91-St63 chromosome, complete genome","NZ_CP157435.1 Acinetobacter sp. XH1639 chromosome, complete genome","NZ_AP035783.1 Acidovorax sacchari strain HC-19 chromosome, complete genome","NZ_OY726394.1 [Mycobacterium] kokjensenii strain Mu0083 isolate Mu0083 chromosome 1, complete sequence","NZ_CP066060.1 Actinomyces oris strain FDAARGOS_1051 chromosome, complete genome","NZ_CP109144.1 Actinacidiphila glaucinigra strain NBC 01746 chromosome, complete genome","NZ_CP136960.1 Actinotignum timonense strain UMB0063 chromosome, complete genome","NC_017093.1 Actinoplanes missouriensis 431, complete sequence","NC_013740.1 Acidaminococcus fermentans DSM 20731, complete sequence","NZ_CP041970.1 Acinetobacter dispersus strain NCCP 16014 chromosome, complete genome","NZ_CP059488.1 Acidithiobacillus ferrivorans strain XJFY6S-08 chromosome, complete genome","NC_016603.1 Acinetobacter pittii PHEA-2 chromosome, complete genome","NZ_CP196670.1 Acinetobacter bohemicus strain E2PVAC1 chromosome, complete genome","NZ_CP030880.1 Acinetobacter haemolyticus strain HW-2A chromosome, complete genome","NZ_CP127526.1 Acidithiobacillus montserratensis strain GG1-14 chromosome, complete genome","NZ_CP017415.1 Acidihalobacter yilgarnensis strain F5 chromosome, complete genome","NZ_CP063418.1 Actinomyces faecalis strain ZJ34 chromosome, complete genome","NZ_CP045110.1 Acinetobacter baumannii strain ATCC 19606 chromosome, complete genome","NZ_CP025198.1 Acidipropionibacterium virtanenii strain JS278 chromosome, complete genome","NZ_CP148066.1 [Mycoplasma] gypis strain B1/T1 chromosome, complete genome","NC_009012.1 Acetivibrio thermocellus ATCC 27405, complete sequence","NC_009655.1 Actinobacillus succinogenes 130Z, complete sequence","NZ_LN606600.1 Acetobacter senegalensis strain 108B chromosome I, complete sequence","NZ_CP157432.1 Acinetobacter nosocomialis strain XH1679 chromosome, complete genome","NZ_CP127527.1 Acidithiobacillus sulfuriphilus strain CJ-2 chromosome, complete genome","NZ_AP014630.1 Acinetobacter guillouiae strain NBRC 110550 chromosome, complete genome","NZ_CP080624.1 Acidiferrobacter thiooxydans strain ZJ chromosome, complete genome","NZ_CP030840.1 Acidisarcina polymorpha strain SBC82 chromosome, complete genome","NZ_OW712331.1 [Clostridium] colinum strain DSM 6011 chromosome 1, complete sequence","NZ_OZ260903.1 Acetobacter cerevisiae strain VUB-H039 E5 isolate ACVUBH039E5 chromosome 1, complete sequence","NZ_AP028461.1 Actinoplanes sichuanensis strain 03-723 chromosome, complete genome","NZ_CP059572.1 Actinomadura graeca strain 32-07 chromosome, complete genome","NC_022657.1 Actinoplanes friuliensis DSM 7358, complete sequence","NZ_CP044535.1 Borrelia maritima strain CA690 chromosome, complete genome","NZ_CP097897.1 Acetobacterium wieringae strain CH1 chromosome, complete genome","NZ_AP024595.1 Acinetobacter bouvetii strain JCM 18991 chromosome, complete genome","NZ_CP124034.1 Borreliella tanukii strain Koshiki4E chromosome, complete genome","NZ_CP016076.1 Actinoalloteichus fjordicus strain ADI127-7 chromosome, complete genome","NC_008578.1 Acidothermus cellulolyticus 11B, complete sequence","NZ_CP174122.1 Acetobacterium malicum subsp. dehalogenans DSM 11527 chromosome, complete genome","NZ_LR134361.1 Achromobacter insolitus strain NCTC13520 chromosome 1, complete sequence","NZ_CP132976.1 Achromobacter seleniivolatilans strain R39 chromosome, complete genome","NZ_CP126980.1 Actinoplanes oblitus strain NRRL 3884 chromosome, complete genome","NZ_CP022521.1 Actinoalloteichus hoggarensis strain DSM 45943 chromosome, complete genome","NC_015186.1 Acidiphilium multivorum AIU301, complete sequence","NZ_CP156787.1 Acinetobacter thermotolerans strain ANC 7924 chromosome, complete genome","NZ_CP029206.1 Actinobacillus porcitonsillarum strain 9953L55 chromosome, complete genome","NC_016627.1 Acetivibrio clariflavus DSM 19732, complete sequence","NZ_CP023865.1 Actinoplanes teichomyceticus ATCC 31121 chromosome, complete genome","NZ_CP029397.2 Acinetobacter defluvii strain WCHA30 chromosome, complete genome","NZ_OY726397.1 [Mycobacterium] burgundiense strain Mu0053 isolate Mu0053 chromosome 1, complete sequence","NZ_CP073241.1 Acinetobacter soli strain M3-1-68 chromosome, complete genome","NZ_CP025228.1 Actinomyces qiguomingii strain actinomyces sp. 410 chromosome, complete genome","NZ_CP146086.1 Actinomadura luteofluorescens strain YN2 chromosome, complete genome","NC_013124.1 Acidimicrobium ferrooxidans DSM 10331, complete sequence","NZ_CP125669.1 Acinetobacter corruptisaponis strain KCTC 92772 chromosome, complete genome","NC_015850.1 Acidithiobacillus caldus SM-1, complete sequence","NZ_CP049916.1 Acinetobacter lanii strain 185 chromosome, complete genome","NC_014378.1 Acetohalobium arabaticum DSM 5501, complete sequence","NZ_CP117193.1 Acidovorax temperans strain LMJ chromosome, complete genome","NZ_AP012977.1 Abyssogena phaseoliformis symbiont OG214 chromosome, complete genome","NZ_CP030753.1 Actinobacillus pleuropneumoniae strain S4074 chromosome, complete genome","NZ_CP020468.1 Actinomyces gaoshouyii strain pika_114 chromosome, complete genome","NZ_CP130328.1 Acinetobacter variabilis strain TB2-2B chromosome, complete genome","NZ_CP178606.1 Acinetobacter sp. A7.4 chromosome, complete genome","NZ_CP065820.1 Acinetobacter seifertii strain S21 chromosome, complete genome","NZ_CP192011.1 Actinomadura formosensis strain CS-045256 chromosome, complete genome","NZ_CP017717.1 [Actinomadura] parvosata subsp. kistnae strain ATCC 55076 chromosome, complete genome","NC_011761.1 Acidithiobacillus ferrooxidans ATCC 23270, complete sequence","NZ_CP022374.1 Acetobacter oryzifermentans strain dm chromosome, complete genome","NZ_AP029188.1 [Clostridium] nexile DSM 1787 chromosome, complete genome","NZ_CP127523.1 Acidithiobacillus ferrianus strain MG chromosome, complete genome","NZ_CP053642.1 Actinomyces marmotae strain zg-325 chromosome, complete genome","NZ_CP021359.1 Acidovorax carolinensis strain NA2 chromosome, complete genome","NZ_CP124018.1 Borreliella turdi strain Ya501 chromosome, complete genome","NC_006300.1 [Mannheimia] succiniciproducens MBEL55E, complete sequence","NZ_CM136904.1 Cellulomonas bogoriensis strain 69B4 chromosome, whole genome shotgun sequence","NZ_CP094358.1 Abyssalbus ytuae strain MT3330 chromosome, complete genome","NZ_CP022752.1 Actinopolyspora erythraea strain YIM 90600 chromosome, complete genome","NZ_AP025017.1 Actinomyces capricornis strain MAS-1 chromosome, complete genome","NZ_CP063989.1 Actinomyces respiraculi strain ZJ750 chromosome, complete genome","NZ_CP053988.1 Abiotrophia defectiva strain FDAARGOS_785 chromosome, complete genome","NZ_CP040635.1 Acidipropionibacterium jensenii strain FAM 19038 chromosome, complete genome","NZ_CP154825.1 Actinokineospora auranticolor strain DSM 44650 chromosome, complete genome","NC_014614.1 Acetoanaerobium sticklandii, complete sequence","NZ_CP123364.1 Achromobacter mucicolens strain Y3 chromosome, complete genome","NZ_OZ260804.1 Acetobacter orientalis strain VUB-H056 E3 isolate AOVUBH056E3 chromosome 1, complete sequence","NZ_CP042808.1 Acetobacter oryzoeni strain B6 chromosome, complete genome","NZ_CP071409.1 [Pantoea] beijingensis strain JZB2120001 chromosome, complete genome","NZ_CP139781.1 Actomonas aquatica strain WL0086 chromosome, complete genome","NZ_CP029295.1 [Mycoplasma] phocae strain 105 chromosome, complete genome","NZ_CP066802.1 Actinomyces weissii strain CCUG 61299 chromosome, complete genome","NZ_CP083237.1 Actinomadura madurae strain ATCC 19425 chromosome, complete genome","NZ_CP014859.1 Actinoalloteichus hymeniacidonis strain HPA177 chromosome, complete genome","NZ_CP130946.1 Acidithiobacillus ferruginosus strain CF3 chromosome, complete genome","NC_014376.1 [Clostridium] saccharolyticum WM1, complete sequence","NZ_CP126994.1 Acidisoma cladoniae strain PAMC 29798 chromosome, complete genome","NZ_AP029191.1 Actinomadura rugatobispora strain JCM 3366 chromosome, complete genome","NZ_CP013126.1 Acidipropionibacterium acidipropionici strain CGMCC 1.2230 chromosome, complete genome","NZ_CP124548.1 Actinomyces israelii strain F0345 chromosome, complete genome","NZ_CP029176.1 Acidibrevibacterium fodinaquatile strain G45-3 chromosome, complete genome","NC_014219.1 [Bacillus] selenitireducens MLS10, complete sequence","NZ_LR134477.1 Actinomyces viscosus strain NCTC10951 chromosome 1, complete sequence","NZ_CP045650.1 Acinetobacter wanghuae strain dk386 chromosome, complete genome",NZ_AP023355.1 Actinocatenispora thailandica strain NBRC 105041 chromosome,"NZ_CP008802.1 Actinotignum schaalii strain CCUG 27420 chromosome, complete genome","NZ_CP014228.1 Actinomyces radicidentis strain CCUG 36733 chromosome, complete genome","NZ_CP048838.1 [Clostridium] innocuum strain ATCC 14501 chromosome, complete genome","NZ_LR134363.1 Actinomyces slackii strain NCTC11923 chromosome 1, complete sequence","NC_013093.1 Actinosynnema mirum DSM 43827, complete sequence","NZ_CP032134.1 Acinetobacter chinensis strain WCHAc010005 chromosome, complete genome","NZ_CP103833.1 Actinobacillus arthritidis strain CCUG24862 chromosome, complete genome","NC_016894.1 Acetobacterium woodii DSM 1030, complete sequence","NZ_CP038145.1 Actinobacillus indolicus strain AIFJ1607 chromosome, complete genome",NZ_OZ219274.1 Acanthopleuribacter pedis isolate A_pedis chromosome 1,"NZ_CP025030.1 Achromobacter spanius strain DSM 23806 chromosome, complete genome","NZ_CP012808.1 Acinetobacter equi strain 114 chromosome, complete genome","NZ_CP023445.1 Actinosynnema pretiosum strain X47 chromosome, complete genome","NZ_CP186005.1 Actinoalloteichus caeruleus strain LHW52806 chromosome, complete genome","NZ_CP098611.1 [Phormidium] yuhuli AB48 chromosome, complete genome","NZ_CP045851.1 Actinomarinicola tropica strain SCSIO 58843 chromosome, complete genome","NZ_CP019573.1 Abyssicoccus albus strain S31 chromosome, complete genome","NC_010163.1 Acholeplasma laidlawii PG-8A, complete sequence","NZ_CP102292.1 [Ruminococcus] lactaris ATCC 29176 chromosome, complete genome","NZ_CP030031.1 Acinetobacter radioresistens strain LH6 chromosome, complete genome","NZ_CP025227.1 Actinomyces wuliandei strain 299 chromosome, complete genome","NZ_OY726398.1 [Mycobacterium] holstebronense strain Mu0102 isolate Mu0102 chromosome 1, complete sequence","NZ_CP102249.1 Acidaminococcus intestini strain D21 chromosome, complete genome","NZ_LR134510.1 Actinobacillus delphinicola strain NCTC12871 chromosome 1, complete sequence"
1.0,0.7621676799563714,0.0,0.0,0.0,0.8559136968503095,0.0,0.0,0.0,0.0,0.0,0.0,0.0,0.0,0.0,0.0,0.0,0.0,0.0,0.0,0.0,0.0,0.0,0.0,0.0,0.0,0.0,0.0,0.0,0.0,0.0,0.0,0.0,0.0,0.0,0.0,0.0,0.7784017600582457,0.0,0.0,0.0,0.761515075656253,0.0,0.0,0.0,0.0,0.0,0.0,0.0,0.0,0.0,0.7774953802294073,0.0,0.0,0.0,0.0,0.0,0.0,0.8191767544535662,0.0,0.0,0.8394583742598518,0.7640926637999472,0.0,0.7769427742074942,0.0,0.0,0.0,0.0,0.0,0.0,0.0,0.0,0.0,0.0,0.0,0.0,0.0,0.0,0.0,0.0,0.8498290860622361,0.0,0.0,0.0,0.8103306451477752,0.0,0.0,0.0,0.0,0.0,0.0,0.0,0.0,0.0,0.8457591011928242,0.0,0.7731460056110535,0.0,0.0,0.0,0.0,0.0,0.0,0.0,0.0,0.0,0.0,0.0,0.0,0.0,0.779652234526673,0.7610888765323282,0.0,0.0,0.0,0.0,0.7777894419227023,0.0,0.0,0.0,0.0,0.0,0.0,0.0,0.0,0.0,0.8770764377574485,0.0,0.0,0.0,0.0,0.7780451071271878,0.0,0.0,0.0,0.0,0.0,0.0,0.8413658753466979,0.0,0.0,0.8151297113572503,0.0,0.0,0.0,0.0,0.0,0.0,0.0,0.0,0.0,0.0,0.0,0.0,0.0,0.7643438421342821,0.0,0.0,0.0,0.0,0.0,0.0,0.0,0.0,0.8467681863756344,0.0,0.0,0.0,0.0,0.0,0.0,0.0,0.0,0.0,0.0,0.0,0.0,0.0,0.0,0.0,0.0,0.7780293766499922,0.0,0.7776961953557633,0.0,0.7625008134190723,0.0,0.0,0.0,0.0,0.0,0.0,0.0,0.0,0.0,0.0,0.0,0.0,0.7806093218280712
0.7621676799563714,1.0,0.0,0.0,0.0,0.7619490471956776,0.0,0.0,0.0,0.0,0.0,0.0,0.0,0.0,0.7765319015679628,0.0,0.7594614557217332,0.0,0.0,0.0,0.0,0.0,0.7671289096859615,0.0,0.7478711004946461,0.7899152727696783,0.0,0.0,0.7567977344829669,0.0,0.0,0.0,0.0,0.0,0.0,0.0,0.0,0.8987371400555646,0.0,0.0,0.0,0.9330387800095478,0.0,0.0,0.0,0.0,0.0,0.7995803606821641,0.0,0.0,0.0,0.7628582016973601,0.7624184624308648,0.0,0.0,0.0,0.0,0.0,0.7604118765105892,0.0,0.0,0.7613520620915328,0.789201908653112,0.7526043714377402,0.7625558726216334,0.0,0.0,0.0,0.0,0.0,0.0,0.0,0.0,0.7900112528675753,0.0,0.0,0.7651904415662842,0.0,0.7667465178877033,0.0,0.0,0.7609957673728409,0.0,0.0,0.0,0.7614071513837087,0.7598838286529832,0.0,0.0,0.7771011846438206,0.0,0.0,0.0,0.0,0.0,0.7614755343620914,0.0,0.0,0.0,0.0,0.0,0.744634332586205,0.7492937198735905,0.7484022506185947,0.0,0.0,0.0,0.0,0.7523272290535938,0.7627162674659512,0.0,0.9037522400614624,0.8761075809596751,0.7650110676476413,0.7533978293787889,0.0,0.0,0.763017840552121,0.7570893035653353,0.7674294743172972,0.0,0.0,0.0,0.7592398655396666,0.7486823723380819,0.0,0.0,0.7609596564749023,0.0,0.0,0.7844622853530523,0.0,0.7631559334888267,0.0,0.0,0.0,0.0,0.7522646951402256,0.7437314403090075,0.7612135918001527,0.0,0.0,0.7608311348036058,0.0,0.803618440260876,0.0,0.0,0.0,0.0,0.7562188333130213,0.0,0.0,0.0,0.7612918721970771,0.7501535162694098,0.0,0.8928313597562281,0.0,0.0,0.7584384506857188,0.0,0.0,0.0,0.7469103366071401,0.75386872246132,0.7610811034980033,0.0,0.7566984666185667,0.7443286099613019,0.787082846404836,0.7586362793664102,0.0,0.0,0.0,0.0,0.7520020898009928,0.0,0.0,0.0,0.0,0.7502777894053676,0.0,0.7631474557995042,0.0,0.7629673127118889,0.0,0.8885366277882959,0.0,0.7676962351353138,0.0,0.0,0.0,0.0,0.0,0.0,0.0,0.0,0.7572342439147797,0.0,0.7645047973585147
0.0,0.0,1.0,0.0,0.0,0.0,0.0,0.0,0.0,0.0,0.8557183972465935,0.0,0.0,0.0,0.0,0.0,0.0,0.8718188040492335,0.0,0.8474503777577926,0.0,0.8636376471425811,0.0,0.884186297858416,0.0,0.0,0.8620074363454631,0.0,0.0,0.0,0.0,0.8373521709416472,0.0,0.0,0.8357520345026346,0.8442465751751043,0.0,0.0,0.0,0.0,0.0,0.0,0.0,0.8904275697503221,0.0,0.0,0.8651158779672707,0.0,0.0,0.0,0.8476404253609471,0.0,0.0,0.0,0.876003558196061,0.0,0.0,0.0,0.0,0.0,0.0,0.0,0.0,0.0,0.0,0.0,0.0,0.0,0.8400355743252983,0.0,0.8476648429544953,0.0,0.8764628484370187,0.0,0.0,0.0,0.0,0.0,0.0,0.0,0.8524772080901388,0.0,0.8447765822633777,0.8599192451877846,0.8400399298652904,0.0,0.0,0.0,0.8526199254140806,0.0,0.0,0.0,0.0,0.0,0.8662713591394385,0.0,0.8535288292957236,0.0,0.0,0.0,0.0,0.0,0.0,0.0,0.0,0.0,0.8550138275944335,0.0,0.0,0.0,0.0,0.0,0.0,0.0,0.0,0.0,0.87066491979923,0.0,0.0,0.0,0.8690743573577105,0.0,0.8356615920550384,0.0,0.0,0.0,0.8514583417188771,0.0,0.8601392738410806,0.0,0.7845363024541271,0.0,0.0,0.0,0.8844160822477766,0.8557536856993772,0.839462350963954,0.0,0.0,0.0,0.0,0.0,0.0,0.0,0.0,0.0,0.0,0.0,0.0,0.0,0.0,0.0,0.0,0.0,0.0,0.0,0.0,0.0,0.0,0.0,0.0,0.0,0.0,0.0,0.0,0.0,0.0,0.0,0.0,0.0,0.0,0.0,0.0,0.0,0.8589968698531676,0.0,0.0,0.0,0.0,0.0,0.0,0.8652521976130105,0.0,0.0,0.8181033166931169,0.0,0.0,0.8546604189703136,0.0,0.0,0.0,0.0,0.0,0.0,0.0,0.8379188820184811,0.0,0.0,0.0,0.0
0.0,0.0,0.0,1.0,0.0,0.0,0.0,0.0,0.0,0.0,0.0,0.0,0.7668535018831869,0.0,0.0,0.0,0.0,0.0,0.0,0.0,0.0,0.0,0.0,0.0,0.0,0.0,0.0,0.0,0.0,0.0,0.0,0.0,0.0,0.0,0.0,0.0,0.0,0.0,0.0,0.0,0.0,0.0,0.0,0.0,0.0,0.0,0.0,0.0,0.0,0.0,0.0,0.0,0.0,0.0,0.0,0.0,0.0,0.0,0.0,0.0,0.8041795422072332,0.0,0.0,0.0,0.0,0.0,0.0,0.0,0.0,0.0,0.0,0.0,0.0,0.0,0.0,0.0,0.0,0.0,0.0,0.772763378841934,0.0,0.0,0.0,0.0,0.0,0.0,0.0,0.0,0.0,0.0,0.0,0.7954117875126181,0.0,0.0,0.0,0.0,0.0,0.0,0.0,0.7744218113994799,0.0,0.0,0.0,0.0,0.0,0.7676041479066634,0.0,0.0,0.0,0.0,0.0,0.0,0.0,0.0,0.0,0.0,0.0,0.0,0.8206644668585075,0.0,0.0,0.0,0.0,0.0,0.0,0.0,0.0,0.0,0.0,0.0,0.0,0.0,0.0,0.0,0.0,0.0,0.0,0.0,0.0,0.0,0.0,0.0,0.0,0.0,0.0,0.0,0.0,0.0,0.0,0.0,0.0,0.0,0.0,0.0,0.0,0.7715982879481746,0.0,0.0,0.0,0.0,0.0,0.0,0.0,0.0,0.0,0.0,0.0,0.0,0.0,0.0,0.0,0.0,0.0,0.0,0.0,0.0,0.0,0.0,0.0,0.0,0.0,0.0,0.0,0.0,0.0,0.0,0.0,0.0,0.0,0.0,0.0,0.0,0.0,0.0,0.0,0.0,0.0,0.0,0.7735435006164937,0.0
0.0,0.0,0.0,0.0,1.0,0.0,0.0,0.0,0.7836955556928416,0.0,0.0,0.0,0.0,0.0,0.7789608050930686,0.7998850505469954,0.0,0.0,0.0,0.0,0.0,0.0,0.7870013850374147,0.0,0.7843539409380398,0.0,0.0,0.0,0.0,0.0,0.0,0.0,0.0,0.0,0.0,0.0,0.0,0.0,0.0,0.0,0.7821239019257843,0.0,0.0,0.0,0.0,0.0,0.0,0.0,0.7805394909918801,0.0,0.0,0.0,0.0,0.0,0.0,0.0,0.0,0.0,0.0,0.0,0.0,0.0,0.0,0.7723784163515017,0.0,0.0,0.0,0.0,0.0,0.0,0.0,0.0,0.0,0.0,0.8531295872198046,0.7921025667708265,0.7504902463386512,0.0,0.7793026851547005,0.0,0.0,0.0,0.0,0.0,0.0,0.0,0.0,0.7838714001006541,0.0,0.0,0.0,0.0,0.0,0.0,0.0,0.0,0.0,0.0,0.0,0.0,0.0,0.7806618264536817,0.0,0.7676075522483248,0.0,0.0,0.0,0.0,0.7822253870258965,0.7669791995741726,0.0,0.0,0.0,0.7949414384097307,0.7907751866691353,0.0,0.0,0.0,0.0,0.7930301594402613,0.0,0.8813435610145954,0.0,0.0,0.0,0.0,0.0,0.0,0.0,0.0,0.0,0.0,0.0,0.7844338766373089,0.0,0.0,0.0,0.0,0.7624006571708235,0.0,0.0,0.0,0.0,0.7845499916192761,0.0,0.0,0.0,0.7919788391680451,0.0,0.7941215011348991,0.7993253210126863,0.7928166781915682,0.0,0.7652860426903523,0.8047811482758059,0.0,0.0,0.0,0.0,0.0,0.0,0.0,0.783507838587956,0.7489984659014127,0.7913302104407147,0.0,0.0,0.0,0.7731074690509778,0.7806501489894259,0.7621758161382627,0.0,0.0,0.7916874417834316,0.0,0.7546257168195704,0.0,0.7820991125320367,0.0,0.7995188631602828,0.7974932418145484,0.0,0.0,0.0,0.0,0.0,0.0,0.0,0.7980149079951642,0.7844645594731788,0.0,0.7628973123241158,0.0,0.0,0.0,0.0,0.0,0.834879481728295,0.0,0.0
0.8559136968503095,0.7619490471956776,0.0,0.0,0.0,1.0,0.0,0.0,0.0,0.0,0.0,0.0,0.0,0.0,0.0,0.0,0.0,0.0,0.0,0.0,0.0,0.0,0.0,0.0,0.0,0.0,0.0,0.0,0.0,0.0,0.0,0.0,0.0,0.0,0.0,0.0,0.0,0.7609802845588072,0.0,0.0,0.0,0.7613023290722565,0.0,0.0,0.0,0.0,0.0,0.0,0.0,0.0,0.0,0.7770835323652338,0.0,0.0,0.0,0.0,0.0,0.0,0.8324155788856887,0.0,0.0,0.8912825825615741,0.0,0.0,0.7765401169590324,0.7637511898501931,0.0,0.0,0.0,0.0,0.0,0.0,0.0,0.0,0.0,0.0,0.0,0.0,0.0,0.0,0.0,0.9360344131675642,0.0,0.0,0.0,0.8282574605424272,0.7719464311603124,0.0,0.0,0.0,0.0,0.0,0.0,0.0,0.0,0.8503395324602446,0.0,0.7728013699039243,0.0,0.0,0.0,0.0,0.0,0.0,0.0,0.0,0.0,0.0,0.0,0.0,0.0,0.7621920968446786,0.7608798912416317,0.0,0.0,0.0,0.0,0.7773726215942143,0.0,0.0,0.0,0.0,0.0,0.0,0.0,0.0,0.0,0.8548828243118736,0.0,0.0,0.0,0.0,0.7776239167884955,0.0,0.0,0.0,0.0,0.0,0.0,0.8920937356978226,0.0,0.0,0.879758598991223,0.0,0.0,0.0,0.0,0.0,0.0,0.0,0.0,0.0,0.0,0.0,0.0,0.0,0.7641044249072394,0.0,0.0,0.0,0.7631276862364622,0.0,0.0,0.0,0.0,0.8976238203738843,0.0,0.0,0.0,0.0,0.0,0.0,0.0,0.0,0.0,0.0,0.0,0.0,0.0,0.0,0.0,0.0,0.7776084564532659,0.0,0.7772809579993041,0.0,0.7622791157201517,0.0,0.0,0.0,0.0,0.0,0.0,0.0,0.0,0.0,0.0,0.0,0.0,0.7801417981856577
0.0,0.0,0.0,0.0,0.0,0.0,1.0,0.7771744525109666,0.772060873117827,0.7751416436503352,0.0,0.0,0.0,0.0,0.0,0.0,0.0,0.0,0.0,0.0,0.7761294856953911,0.0,0.0,0.0,0.0,0.0,0.0,0.0,0.0,0.0,0.0,0.0,0.0,0.0,0.0,0.0,0.0,0.0,0.0,0.756758840896158,0.0,0.0,0.7777686895250925,0.0,0.0,0.7637685830141279,0.0,0.0,0.0,0.0,0.0,0.0,0.772386720156517,0.7807554479353163,0.0,0.0,0.7912072858207663,0.0,0.0,0.0,0.0,0.0,0.0,0.0,0.0,0.0,0.0,0.0,0.0,0.0,0.0,0.8262712390057921,0.0,0.0,0.0,0.0,0.0,0.0,0.0,0.0,0.0,0.0,0.0,0.0,0.0,0.0,0.0,0.0,0.0,0.0,0.7805278719303665,0.0,0.0,0.0,0.0,0.0,0.0,0.0,0.0,0.7747126670919248,0.0,0.0,0.0,0.0,0.0,0.8029387367396931,0.0,0.0,0.0,0.0,0.0,0.0,0.0,0.0,0.0,0.0,0.0,0.0,0.0,0.0,0.0,0.0,0.0,0.0,0.0,0.0,0.0,0.0,0.0,0.0,0.0,0.0,0.0,0.0,0.0,0.0,0.0,0.0,0.0,0.0,0.0,0.8490421227423888,0.0,0.0,0.0,0.0,0.0,0.0,0.0,0.0,0.0,0.0,0.0,0.0,0.0,0.7718568918061447,0.0,0.0,0.0,0.0,0.0,0.7805569299683575,0.0,0.0,0.0,0.0,0.764930253594276,0.0,0.0,0.0,0.0,0.0,0.0,0.0,0.0,0.0,0.0,0.0,0.8577991576884515,0.0,0.0,0.0,0.0,0.0,0.0,0.0,0.0,0.0,0.0,0.0,0.7646578128194732,0.0,0.7757877448791578,0.776515479125035,0.7996424298387175,0.0,0.0,0.0,0.8444629128548002,0.0
0.0,0.0,0.0,0.0,0.0,0.0,0.7771744525109666,1.0,0.7826123884261139,0.8235601235670187,0.0,0.0,0.0,0.0,0.0,0.0,0.0,0.0,0.0,0.0,0.7892060451699467,0.0,0.0,0.0,0.0,0.0,0.0,0.0,0.0,0.0,0.0,0.0,0.0,0.0,0.0,0.0,0.0,0.0,0.0,0.7617590433621233,0.0,0.0,0.7665584008776897,0.0,0.0,0.7707493105645314,0.0,0.0,0.0,0.0,0.0,0.0,0.7831172875878166,0.797700211703937,0.0,0.0,0.7706023209680928,0.0,0.0,0.0,0.0,0.0,0.0,0.0,0.0,0.0,0.0,0.0,0.0,0.0,0.0,0.7753472787037186,0.0,0.0,0.0,0.0,0.0,0.0,0.0,0.0,0.0,0.0,0.0,0.0,0.0,0.0,0.0,0.0,0.0,0.0,0.7972497961670076,0.0,0.0,0.0,0.0,0.0,0.0,0.0,0.0,0.7868336313344144,0.0,0.0,0.0,0.0,0.0,0.0,0.0,0.0,0.0,0.0,0.0,0.0,0.0,0.0,0.0,0.0,0.0,0.0,0.0,0.0,0.0,0.0,0.0,0.0,0.0,0.0,0.0,0.0,0.0,0.0,0.0,0.0,0.0,0.0,0.0,0.0,0.0,0.0,0.0,0.0,0.0,0.7772606352006216,0.0,0.0,0.0,0.0,0.0,0.0,0.0,0.0,0.0,0.0,0.0,0.0,0.0,0.7822981352136664,0.0,0.0,0.0,0.0,0.0,0.7973070888158379,0.0,0.0,0.0,0.0,0.0,0.0,0.0,0.0,0.0,0.0,0.0,0.0,0.0,0.0,0.0,0.0,0.7722088149352682,0.0,0.0,0.0,0.0,0.0,0.0,0.0,0.0,0.0,0.0,0.0,0.7719464311603124,0.0,0.7886254990229457,0.8410387639462364,0.7822108633319356,0.0,0.0,0.0,0.0,0.0
0.0,0.0,0.0,0.0,0.7836955556928416,0.0,0.772060873117827,0.7826123884261139,1.0,0.7800961057037901,0.0,0.0,0.0,0.0,0.0,0.8310477227653081,0.0,0.0,0.0,0.0,0.7813128481687305,0.0,0.7748042808631657,0.0,0.7545685832526022,0.0,0.0,0.0,0.0,0.0,0.0,0.0,0.0,0.0,0.0,0.0,0.0,0.0,0.0,0.7589349689554759,0.830932736481126,0.0,0.7804033153505865,0.0,0.0,0.7667383081003191,0.0,0.0,0.8404172355168898,0.0,0.0,0.0,0.7767580152692969,0.7871740998401267,0.0,0.0,0.7666138644464958,0.0,0.0,0.0,0.0,0.0,0.0,0.7610914681083987,0.0,0.0,0.0,0.0,0.0,0.0,0.0,0.7705714897801335,0.0,0.0,0.7691870555815914,0.8273003800948399,0.0,0.0,0.7742799293251339,0.0,0.0,0.0,0.0,0.0,0.0,0.0,0.0,0.8390868742691855,0.0,0.7723908731305468,0.7868787557158078,0.0,0.0,0.0,0.0,0.0,0.0,0.0,0.0,0.7795711229454424,0.0,0.750351683865716,0.0,0.7552776829186232,0.0,0.0,0.0,0.0,0.0,0.0,0.0,0.0,0.0,0.75486759936888,0.0,0.770087260357192,0.0,0.0,0.0,0.7580773355408161,0.0,0.7652335689471771,0.0,0.8212237621941717,0.0,0.0,0.0,0.0,0.0,0.0,0.0,0.0,0.0,0.8465553816345247,0.0,0.0,0.0,0.0,0.0,0.0,0.0,0.7721306215111595,0.0,0.8486323010522074,0.0,0.0,0.0,0.7909410549153668,0.0,0.0,0.8504609517397629,0.896288249871117,0.0,0.7747492710114346,0.757654279408494,0.7761246388544414,0.0,0.0,0.0,0.0,0.7633945405312607,0.7869164227255327,0.8935652635912802,0.7532988031699236,0.0,0.0,0.0,0.7671890565088787,0.0,0.0,0.8237101733286208,0.0,0.0,0.8266768942658539,0.0,0.7602337198660496,0.0,0.8428217812680174,0.7679677235402583,0.8382395498788149,0.7578253061277143,0.0,0.0,0.0,0.0,0.0,0.0,0.0,0.7584384506857188,0.7634803390647783,0.7677475478595841,0.0,0.7808906613139182,0.7817913483508475,0.7760568845888751,0.0,0.8303185931008905,0.7680265488657037,0.0,0.0
0.0,0.0,0.0,0.0,0.0,0.0,0.7751416436503352,0.8235601235670187,0.7800961057037901,1.0,0.0,0.0,0.0,0.0,0.0,0.0,0.0,0.0,0.0,0.0,0.7859626158620809,0.0,0.0,0.0,0.0,0.0,0.0,0.0,0.0,0.0,0.0,0.0,0.0,0.0,0.0,0.0,0.0,0.0,0.0,0.760667634368636,0.0,0.0,0.7652304858391846,0.0,0.0,0.7691761498705822,0.0,0.0,0.0,0.0,0.0,0.0,0.7805511155907713,0.7932415991420845,0.0,0.0,0.7690384374690858,0.0,0.0,0.0,0.0,0.0,0.0,0.0,0.0,0.0,0.0,0.0,0.0,0.0,0.0,0.7734565308059494,0.0,0.0,0.0,0.0,0.0,0.0,0.0,0.0,0.0,0.0,0.0,0.0,0.0,0.0,0.0,0.0,0.0,0.0,0.792864599330693,0.0,0.0,0.0,0.0,0.0,0.0,0.0,0.0,0.7838714001006541,0.0,0.0,0.0,0.0,0.0,0.0,0.0,0.0,0.0,0.0,0.0,0.0,0.0,0.0,0.0,0.0,0.0,0.0,0.0,0.0,0.0,0.0,0.0,0.0,0.0,0.0,0.0,0.0,0.0,0.0,0.0,0.0,0.0,0.0,0.0,0.0,0.0,0.0,0.0,0.0,0.0,0.7752208867780989,0.0,0.0,0.0,0.0,0.0,0.0,0.0,0.0,0.0,0.0,0.0,0.0,0.0,0.779812452020997,0.0,0.0,0.0,0.0,0.0,0.7929126133335472,0.0,0.0,0.0,0.0,0.0,0.0,0.0,0.0,0.0,0.0,0.0,0.0,0.0,0.0,0.0,0.0,0.7705406980162863,0.0,0.0,0.0,0.0,0.0,0.0,0.0,0.0,0.0,0.0,0.0,0.770295771355989,0.0,0.7854530349675075,0.8284561319918051,0.7797336170418303,0.0,0.0,0.0,0.0,0.0
0.0,0.0,0.8557183972465935,0.0,0.0,0.0,0.0,0.0,0.0,0.0,1.0,0.0,0.0,0.0,0.0,0.0,0.0,0.8614833752060798,0.0,0.8411521263201095,0.0,0.8607077829713196,0.0,0.8537475220393648,0.0,0.0,0.8597842396572799,0.0,0.0,0.0,0.0,0.8344234549096552,0.0,0.0,0.8250785910607883,0.8365519379591998,0.0,0.0,0.0,0.0,0.0,0.0,0.0,0.8568095716610681,0.0,0.0,0.8580693629592226,0.0,0.0,0.0,0.841952362219443,0.7731588648024367,0.0,0.0,0.8530005794222106,0.0,0.0,0.0,0.0,0.0,0.0,0.0,0.0,0.0,0.7726959864009112,0.0,0.0,0.0,0.8406402315086472,0.0,0.8434440050948571,0.0,0.8508655435180841,0.0,0.0,0.0,0.0,0.0,0.0,0.0,0.8528897704497272,0.0,0.843433048240796,0.8560084703191689,0.8438441944039989,0.0,0.0,0.0,0.8419341502829476,0.0,0.0,0.0,0.0,0.0,0.8399327886575124,0.0,0.8555856563157431,0.0,0.0,0.0,0.0,0.0,0.0,0.0,0.0,0.0,0.858988353685829,0.0,0.0,0.0,0.0,0.0,0.0,0.0,0.0,0.0,0.8549321975395232,0.7734044987298755,0.0,0.0,0.8558056383088929,0.0,0.8278073664308979,0.0,0.0,0.0,0.838748586216084,0.0,0.8719700562808237,0.0,0.0,0.0,0.7736176717719749,0.0,0.8586110643752666,0.8612035614321552,0.8431064431357659,0.0,0.0,0.0,0.0,0.0,0.0,0.0,0.0,0.0,0.0,0.0,0.0,0.0,0.0,0.0,0.0,0.0,0.0,0.0,0.0,0.0,0.0,0.0,0.0,0.0,0.0,0.0,0.0,0.0,0.0,0.0,0.0,0.0,0.0,0.0,0.0,0.0,0.8615352727791857,0.0,0.0,0.0,0.0,0.0,0.0,0.8510288989251587,0.7736045661975541,0.0,0.7733266600497746,0.0,0.0,0.8608206930626822,0.0,0.0,0.0,0.0,0.0,0.0,0.0,0.8407251185884191,0.0,0.0,0.0,0.0
0.0,0.0,0.0,0.0,0.0,0.0,0.0,0.0,0.0,0.0,0.0,1.0,0.0,0.0,0.0,0.0,0.7696681614260227,0.0,0.7665063169189328,0.0,0.0,0.0,0.0,0.0,0.0,0.0,0.0,0.0,0.0,0.0,0.0,0.0,0.8353114054594064,0.0,0.0,0.0,0.0,0.0,0.0,0.0,0.0,0.0,0.0,0.0,0.0,0.0,0.0,0.0,0.0,0.0,0.0,0.0,0.0,0.0,0.0,0.0,0.0,0.8402410698803102,0.0,0.0,0.0,0.0,0.0,0.0,0.0,0.0,0.0,0.0,0.0,0.8389314762228953,0.0,0.0,0.0,0.0,0.0,0.0,0.0,0.0,0.0,0.0,0.0,0.0,0.0,0.0,0.0,0.0,0.0,0.0,0.0,0.0,0.0,0.0,0.0,0.8352110943962848,0.0,0.0,0.0,0.0,0.0,0.0,0.8400268654127098,0.0,0.0,0.0,0.0,0.0,0.0,0.0,0.0,0.0,0.0,0.0,0.0,0.0,0.0,0.7856169551804016,0.0,0.0,0.0,0.0,0.0,0.0,0.0,0.0,0.0,0.0,0.0,0.0,0.0,0.0,0.0,0.0,0.0,0.0,0.0,0.0,0.0,0.0,0.0,0.0,0.830962871130575,0.0,0.0,0.0,0.0,0.0,0.0,0.0,0.0,0.0,0.0,0.0,0.0,0.0,0.0,0.0,0.0,0.8361344744607315,0.8406168446597514,0.0,0.0,0.0,0.0,0.0,0.0,0.0,0.0,0.7655501523023417,0.0,0.0,0.0,0.7689842937919296,0.0,0.0,0.0,0.0,0.0,0.0,0.0,0.0,0.0,0.0,0.0,0.0,0.0,0.0,0.0,0.0,0.0,0.0,0.0,0.0,0.0,0.0,0.0,0.0,0.0,0.0,0.0,0.0
0.0,0.0,0.0,0.7668535018831869,0.0,0.0,0.0,0.0,0.0,0.0,0.0,0.0,1.0,0.0,0.0,0.0,0.0,0.0,0.0,0.0,0.0,0.0,0.0,0.0,0.0,0.0,0.0,0.0,0.0,0.0,0.0,0.0,0.0,0.0,0.0,0.0,0.0,0.0,0.0,0.0,0.0,0.0,0.0,0.0,0.0,0.0,0.0,0.0,0.0,0.0,0.0,0.0,0.0,0.0,0.0,0.0,0.0,0.0,0.0,0.0,0.8549901983883919,0.0,0.0,0.0,0.0,0.0,0.0,0.0,0.0,0.0,0.0,0.0,0.0,0.0,0.0,0.0,0.0,0.0,0.0,0.0,0.0,0.0,0.0,0.0,0.0,0.0,0.0,0.0,0.0,0.0,0.0,0.8995162780270932,0.0,0.0,0.0,0.0,0.0,0.0,0.0,0.0,0.0,0.0,0.0,0.0,0.0,0.0,0.0,0.0,0.0,0.0,0.0,0.0,0.0,0.0,0.0,0.0,0.0,0.0,0.8586136491517883,0.0,0.0,0.0,0.0,0.0,0.0,0.0,0.0,0.0,0.0,0.0,0.0,0.0,0.0,0.0,0.0,0.0,0.0,0.0,0.0,0.0,0.0,0.0,0.0,0.0,0.0,0.0,0.0,0.0,0.0,0.0,0.0,0.0,0.0,0.0,0.0,0.0,0.0,0.0,0.0,0.0,0.0,0.0,0.0,0.0,0.0,0.0,0.0,0.0,0.0,0.0,0.0,0.0,0.0,0.0,0.0,0.0,0.0,0.0,0.0,0.0,0.0,0.0,0.0,0.0,0.0,0.0,0.0,0.0,0.0,0.0,0.0,0.0,0.0,0.0,0.0,0.0,0.0,0.0,0.0,0.0
0.0,0.0,0.0,0.0,0.0,0.0,0.0,0.0,0.0,0.0,0.0,0.0,0.0,1.0,0.0,0.0,0.0,0.0,0.0,0.0,0.0,0.0,0.0,0.0,0.0,0.0,0.0,0.0,0.0,0.0,0.0,0.0,0.0,0.0,0.0,0.0,0.0,0.0,0.0,0.0,0.0,0.0,0.0,0.0,0.0,0.0,0.0,0.0,0.0,0.0,0.0,0.8439839368987577,0.0,0.0,0.0,0.0,0.0,0.0,0.0,0.0,0.0,0.0,0.0,0.0,0.8371749547018893,0.0,0.0,0.0,0.0,0.0,0.0,0.0,0.0,0.0,0.0,0.0,0.0,0.0,0.0,0.0,0.0,0.0,0.0,0.0,0.0,0.0,0.0,0.0,0.0,0.0,0.0,0.0,0.7839447645019032,0.0,0.0,0.0,0.0,0.0,0.0,0.0,0.0,0.0,0.0,0.0,0.0,0.0,0.0,0.0,0.0,0.0,0.0,0.0,0.0,0.0,0.0,0.0,0.0,0.8257201514689446,0.0,0.0,0.0,0.0,0.0,0.0,0.0,0.0,0.0,0.0,0.0,0.0,0.0,0.0,0.8386869771868346,0.0,0.0,0.0,0.0,0.0,0.0,0.0,0.0,0.0,0.0,0.0,0.0,0.0,0.8017529816844775,0.0,0.0,0.0,0.0,0.0,0.0,0.0,0.0,0.0,0.0,0.0,0.0,0.0,0.0,0.0,0.0,0.0,0.0,0.0,0.0,0.0,0.0,0.0,0.0,0.0,0.0,0.0,0.0,0.0,0.0,0.0,0.0,0.0,0.0,0.0,0.8418577975146572,0.0,0.8196723886598679,0.0,0.0,0.0,0.0,0.0,0.0,0.0,0.0,0.0,0.0,0.0,0.0,0.0,0.0,0.0
0.0,0.7765319015679628,0.0,0.0,0.7789608050930686,0.0,0.0,0.0,0.0,0.0,0.0,0.0,0.0,0.0,1.0,0.7830291934645445,0.7545489140759406,0.0,0.0,0.0,0.0,0.0,0.7911803839694831,0.0,0.7929992736895901,0.7511734542483552,0.0,0.0,0.0,0.0,0.0,0.0,0.0,0.0,0.0,0.0,0.0,0.748917881032928,0.0,0.0,0.0,0.7491105049639968,0.0,0.0,0.0,0.0,0.0,0.7542771982717104,0.7717131051288233,0.0,0.0,0.0,0.0,0.0,0.0,0.0,0.0,0.0,0.0,0.0,0.0,0.0,0.0,0.788743767462794,0.0,0.0,0.0,0.0,0.0,0.0,0.0,0.0,0.0,0.7682370751395285,0.7703605873549301,0.7900583126296175,0.8564482622253736,0.0,0.7982109030405087,0.0,0.0,0.0,0.0,0.0,0.0,0.0,0.0,0.7568670369630258,0.0,0.7821528546981183,0.0,0.0,0.0,0.0,0.0,0.0,0.0,0.0,0.0,0.0,0.0,0.7686607832996326,0.8035113835039807,0.7895574114033597,0.0,0.0,0.0,0.0,0.7655298523926215,0.7917875100844238,0.0,0.7496373708124638,0.0,0.7996648349460054,0.7765516231810551,0.0,0.0,0.0,0.0,0.7953945822089088,0.0,0.7682038948510502,0.0,0.7543687234037634,0.8002143999885557,0.7577508927448874,0.0,0.0,0.0,0.0,0.7526532996451698,0.0,0.0,0.7572320412117197,0.0,0.0,0.0,0.806266456875355,0.7982350025440051,0.0,0.0,0.0,0.0,0.7573070483774528,0.7537543902934511,0.0,0.0,0.7899728160367446,0.0,0.7862691117339187,0.7826503716432254,0.7832467801138479,0.0,0.7832987695636621,0.7808877139116104,0.0,0.0,0.0,0.0,0.0,0.0,0.0,0.7566296556683414,0.8100126899458018,0.7842083471419753,0.0,0.0,0.0,0.785753197952024,0.7892412336027399,0.7883542577613167,0.0,0.0,0.7824757158862042,0.0,0.7825492138637185,0.0,0.7727865884993774,0.0,0.8044718624020272,0.8044291312439023,0.0,0.0,0.0,0.0,0.0,0.7496884767354888,0.0,0.8136244197727018,0.7772962112646897,0.0,0.0,0.0,0.0,0.0,0.0,0.7725304122730066,0.7697443276284794,0.0,0.0
0.0,0.0,0.0,0.0,0.7998850505469954,0.0,0.0,0.0,0.8310477227653081,0.0,0.0,0.0,0.0,0.0,0.7830291934645445,1.0,0.0,0.0,0.0,0.0,0.0,0.0,0.7566468396418803,0.0,0.0,0.0,0.0,0.0,0.0,0.0,0.0,0.0,0.0,0.0,0.0,0.0,0.0,0.0,0.0,0.0,0.8490107464064307,0.0,0.0,0.0,0.0,0.0,0.0,0.0,0.8384307110365016,0.0,0.0,0.0,0.0,0.0,0.0,0.0,0.0,0.0,0.0,0.0,0.0,0.0,0.0,0.0,0.0,0.0,0.0,0.0,0.0,0.0,0.0,0.0,0.0,0.0,0.7849016727159436,0.9256995627702411,0.0,0.0,0.0,0.0,0.0,0.0,0.0,0.0,0.0,0.0,0.0,0.8451153772940327,0.0,0.7879480004693602,0.0,0.0,0.0,0.0,0.0,0.0,0.0,0.0,0.0,0.0,0.0,0.0,0.7555038466949905,0.0,0.0,0.0,0.0,0.0,0.7595341630537065,0.7750348433263591,0.0,0.0,0.0,0.0,0.7609983488221516,0.0,0.0,0.0,0.0,0.0,0.0,0.7811067888534154,0.0,0.8288065271384163,0.7547106877104829,0.0,0.0,0.0,0.0,0.0,0.0,0.0,0.0,0.8538387826674154,0.0,0.0,0.0,0.7594493594584476,0.7654084133644647,0.0,0.0,0.0,0.0,0.8526020707647055,0.0,0.0,0.0,0.8067901963880387,0.0,0.0,0.8689437373494835,0.8536077420649278,0.0,0.7727001929227046,0.773738138401496,0.0,0.0,0.0,0.0,0.0,0.0,0.0,0.8445785928795256,0.7524438065941288,0.7616500096140367,0.0,0.0,0.0,0.76615928443725,0.7979343902239749,0.8547679880686069,0.0,0.0,0.9236468183255988,0.0,0.0,0.0,0.8553967086903682,0.0,0.8654881251128248,0.7567934098132671,0.0,0.0,0.0,0.0,0.0,0.0,0.0,0.7573800775035617,0.0,0.0,0.0,0.0,0.0,0.0,0.0,0.8419859051547626,0.7664608361712282,0.0,0.0
0.0,0.7594614557217332,0.0,0.0,0.0,0.0,0.0,0.0,0.0,0.0,0.0,0.7696681614260227,0.0,0.0,0.7545489140759406,0.0,1.0,0.0,0.8102456945051099,0.0,0.0,0.0,0.0,0.0,0.7695682115984671,0.0,0.0,0.0,0.0,0.0,0.0,0.0,0.7688584309600516,0.0,0.0,0.0,0.0,0.0,0.0,0.0,0.0,0.75887823461233,0.7603013122613388,0.0,0.0,0.0,0.0,0.0,0.0,0.0,0.0,0.0,0.0,0.0,0.0,0.0,0.0,0.7695018084113416,0.0,0.0,0.0,0.0,0.0,0.0,0.0,0.0,0.0,0.0,0.0,0.770087260357192,0.0,0.0,0.0,0.0,0.0,0.0,0.753041054769341,0.0,0.7549194703136809,0.0,0.0,0.0,0.0,0.0,0.0,0.0,0.0,0.0,0.0,0.0,0.0,0.0,0.0,0.7842878086487031,0.0,0.0,0.0,0.0,0.0,0.0,0.7867174418772342,0.0,0.0,0.7532020485553934,0.0,0.0,0.0,0.0,0.0,0.0,0.0,0.759680249286418,0.0,0.7698487507152758,0.0,0.8324594145127598,0.0,0.0,0.0,0.7557528789704131,0.0,0.0,0.0,0.0,0.0,0.0,0.0,0.0,0.0,0.0,0.0,0.0,0.0,0.0,0.0,0.0,0.0,0.0,0.747585858949792,0.0,0.7693256245503464,0.0,0.0,0.772670762647559,0.0,0.0,0.0,0.0,0.0,0.7632068630077273,0.7691616166152487,0.0,0.0,0.0,0.0,0.0,0.0,0.786954147519506,0.7698170029075109,0.0,0.0,0.0,0.0,0.0,0.0,0.0,0.0,0.7914084804463574,0.0,0.0,0.7838414506044586,0.7947061169572152,0.0,0.0,0.0,0.0,0.0,0.0,0.0,0.0,0.7555243286040713,0.0,0.0,0.0,0.0,0.0,0.0,0.0,0.7560799675484149,0.0,0.0,0.0,0.0,0.0,0.0,0.0,0.0,0.0,0.0,0.0
0.0,0.0,0.8718188040492335,0.0,0.0,0.0,0.0,0.0,0.0,0.0,0.8614833752060798,0.0,0.0,0.0,0.0,0.0,0.0,1.0,0.0,0.8785860558717595,0.0,0.8882702970287699,0.0,0.8829118045483673,0.0,0.0,0.8609528792503796,0.0,0.0,0.0,0.0,0.8217491774227745,0.0,0.0,0.8253776982799476,0.8402165523253188,0.0,0.0,0.0,0.0,0.0,0.0,0.0,0.8901137844678643,0.0,0.0,0.8620440844914078,0.0,0.0,0.0,0.8437083452308503,0.7734956285020257,0.0,0.0,0.8720390971696675,0.0,0.0,0.0,0.0,0.0,0.0,0.0,0.0,0.0,0.7730263153968331,0.0,0.0,0.0,0.830842931580069,0.0,0.8390661662999073,0.0,0.8684593722538592,0.0,0.0,0.0,0.0,0.0,0.0,0.0,0.8435611624802639,0.0,0.8437194171315299,0.8590333250663991,0.8331821419004571,0.0,0.0,0.0,0.843689902388939,0.0,0.0,0.0,0.0,0.0,0.8583843407106816,0.0,0.8501408983915717,0.0,0.0,0.0,0.0,0.0,0.0,0.0,0.0,0.0,0.8677627583319343,0.0,0.0,0.0,0.0,0.0,0.0,0.0,0.0,0.0,0.8676251556321278,0.7912402056603496,0.0,0.0,0.8701343864299199,0.0,0.8281065576289847,0.0,0.0,0.0,0.8372881784210744,0.0,0.8609640442168028,0.0,0.0,0.0,0.7739609341805678,0.0,0.8806247325041823,0.8623215042088002,0.8419195898047589,0.0,0.0,0.0,0.0,0.0,0.0,0.0,0.0,0.0,0.0,0.0,0.0,0.0,0.0,0.0,0.0,0.0,0.0,0.0,0.0,0.0,0.0,0.0,0.0,0.0,0.0,0.0,0.0,0.0,0.0,0.0,0.0,0.0,0.0,0.0,0.0,0.0,0.8682883758942865,0.0,0.0,0.0,0.0,0.0,0.0,0.8832046754318176,0.7739476412878876,0.0,0.8304919134304877,0.0,0.0,0.8593075410491826,0.0,0.0,0.0,0.0,0.0,0.0,0.0,0.8410526434498837,0.0,0.0,0.0,0.0
0.0,0.0,0.0,0.0,0.0,0.0,0.0,0.0,0.0,0.0,0.0,0.7665063169189328,0.0,0.0,0.0,0.0,0.8102456945051099,0.0,1.0,0.0,0.0,0.0,0.0,0.0,0.0,0.0,0.0,0.0,0.0,0.0,0.0,0.0,0.7657951042289973,0.0,0.0,0.0,0.0,0.7565524819645479,0.0,0.0,0.0,0.7568193697015915,0.0,0.0,0.0,0.0,0.0,0.0,0.0,0.0,0.0,0.0,0.0,0.0,0.0,0.0,0.0,0.766360435085508,0.0,0.0,0.0,0.0,0.0,0.0,0.0,0.0,0.0,0.0,0.0,0.7668733051097097,0.0,0.0,0.0,0.0,0.0,0.0,0.0,0.0,0.0,0.0,0.0,0.0,0.0,0.0,0.0,0.0,0.0,0.0,0.0,0.0,0.0,0.0,0.0,0.7641044249072394,0.0,0.0,0.0,0.0,0.0,0.0,0.7662025901286358,0.0,0.0,0.0,0.0,0.0,0.0,0.0,0.0,0.0,0.0,0.0,0.0,0.0,0.0,0.8042680181270001,0.0,0.0,0.0,0.0,0.0,0.0,0.0,0.0,0.0,0.0,0.0,0.0,0.0,0.0,0.0,0.0,0.0,0.0,0.0,0.0,0.0,0.0,0.0,0.0,0.7662058010756198,0.0,0.0,0.0,0.0,0.0,0.0,0.0,0.0,0.0,0.0,0.0,0.0,0.0,0.0,0.0,0.0,0.7664057254001574,0.76663673976219,0.0,0.0,0.0,0.0,0.0,0.0,0.0,0.0,0.8248792049662533,0.0,0.0,0.0,0.781463260753715,0.0,0.0,0.0,0.0,0.0,0.0,0.0,0.0,0.0,0.0,0.0,0.0,0.0,0.0,0.7576251481640478,0.0,0.0,0.0,0.0,0.0,0.0,0.0,0.0,0.0,0.0,0.0,0.0,0.0
0.0,0.0,0.8474503777577926,0.0,0.0,0.0,0.0,0.0,0.0,0.0,0.8411521263201095,0.0,0.0,0.0,0.0,0.0,0.0,0.8785860558717595,0.0,1.0,0.0,0.8729674187127091,0.0,0.8509366263783368,0.0,0.0,0.8461255960165046,0.0,0.0,0.0,0.0,0.8305869419529949,0.0,0.0,0.8472808499239683,0.8603611184766004,0.0,0.0,0.0,0.0,0.0,0.0,0.0,0.8817518428372607,0.0,0.0,0.8544010401232026,0.0,0.0,0.0,0.8592160620136607,0.0,0.0,0.0,0.8461620135822018,0.0,0.0,0.0,0.0,0.0,0.0,0.0,0.0,0.0,0.0,0.0,0.0,0.0,0.8947642883949753,0.0,0.8592389025716539,0.0,0.9063712716454854,0.0,0.0,0.0,0.0,0.0,0.0,0.0,0.8824960091295797,0.0,0.8592274798640056,0.850287805376911,0.8985302170776042,0.0,0.0,0.0,0.858344597872175,0.0,0.0,0.0,0.0,0.0,0.8560897788554501,0.0,0.8404304957016869,0.0,0.0,0.0,0.0,0.0,0.0,0.0,0.0,0.0,0.8337592557920149,0.0,0.0,0.0,0.0,0.0,0.0,0.0,0.0,0.0,0.8450907397966636,0.7741522728005746,0.0,0.0,0.846257544214109,0.0,0.8411203355410762,0.0,0.0,0.0,0.8777607717062386,0.0,0.86047039664003,0.0,0.0,0.0,0.0,0.0,0.8384471028044891,0.8394345266865312,0.860518824173765,0.0,0.0,0.0,0.0,0.0,0.0,0.0,0.0,0.0,0.0,0.0,0.0,0.0,0.0,0.0,0.0,0.0,0.0,0.0,0.0,0.0,0.0,0.0,0.0,0.0,0.0,0.0,0.0,0.0,0.0,0.0,0.0,0.0,0.0,0.0,0.0,0.0,0.8404658889599861,0.0,0.0,0.0,0.0,0.0,0.0,0.8777095414981938,0.0,0.0,0.7915748723405144,0.0,0.0,0.8465851459079707,0.0,0.0,0.0,0.0,0.0,0.0,0.0,0.8305102499488094,0.0,0.0,0.0,0.0
0.0,0.0,0.0,0.0,0.0,0.0,0.7761294856953911,0.7892060451699467,0.7813128481687305,0.7859626158620809,0.0,0.0,0.0,0.0,0.0,0.0,0.0,0.0,0.0,0.0,1.0,0.0,0.0,0.0,0.0,0.0,0.0,0.0,0.0,0.0,0.0,0.0,0.0,0.0,0.0,0.0,0.0,0.0,0.0,0.7612031738495836,0.0,0.0,0.7658804828756473,0.0,0.0,0.7699442462840048,0.0,0.0,0.0,0.0,0.0,0.0,0.7817913483508475,0.795355156160972,0.0,0.0,0.7698020772476727,0.0,0.0,0.0,0.0,0.0,0.0,0.0,0.0,0.0,0.0,0.7807144443240273,0.0,0.0,0.0,0.7743766792809517,0.0,0.0,0.0,0.0,0.0,0.0,0.0,0.0,0.0,0.0,0.0,0.0,0.0,0.0,0.0,0.0,0.0,0.0,0.7949449157069484,0.0,0.0,0.0,0.0,0.0,0.0,0.0,0.0,0.7852972594611153,0.0,0.0,0.0,0.0,0.0,0.0,0.0,0.0,0.0,0.0,0.0,0.0,0.0,0.0,0.0,0.0,0.0,0.0,0.0,0.0,0.0,0.0,0.0,0.0,0.0,0.0,0.0,0.0,0.0,0.0,0.0,0.0,0.0,0.0,0.0,0.0,0.0,0.0,0.0,0.0,0.0,0.7762120305249779,0.0,0.0,0.0,0.0,0.0,0.777784252161945,0.0,0.0,0.0,0.0,0.0,0.0,0.0,0.7810147747579929,0.0,0.0,0.0,0.0,0.0,0.7949971336573742,0.0,0.0,0.0,0.0,0.0,0.0,0.0,0.0,0.0,0.0,0.0,0.0,0.0,0.0,0.0,0.0,0.7713543611454066,0.0,0.0,0.0,0.0,0.0,0.0,0.0,0.0,0.0,0.0,0.0,0.7711010640102279,0.0,0.8047714856686472,0.7881374138190883,0.7809319623683297,0.0,0.0,0.0,0.0,0.0
0.0,0.0,0.8636376471425811,0.0,0.0,0.0,0.0,0.0,0.0,0.0,0.8607077829713196,0.0,0.0,0.0,0.0,0.0,0.0,0.8882702970287699,0.0,0.8729674187127091,0.0,1.0,0.0,0.8733560925458885,0.0,0.0,0.8576258297675103,0.0,0.0,0.0,0.0,0.8287363552812205,0.0,0.0,0.8315421743116107,0.8445303312330393,0.0,0.0,0.0,0.0,0.0,0.0,0.0,0.8772997709351066,0.0,0.0,0.8825131704148749,0.0,0.0,0.0,0.8436495575728704,0.7717960322603328,0.0,0.0,0.8506085880254146,0.0,0.0,0.0,0.0,0.0,0.0,0.0,0.0,0.0,0.7713583401112619,0.0,0.0,0.0,0.8425903850814392,0.0,0.8436705512795921,0.0,0.8646444627494092,0.0,0.0,0.0,0.0,0.0,0.0,0.0,0.8496036666116921,0.0,0.8436600523365948,0.8566217941344278,0.8504498425899576,0.0,0.0,0.0,0.8497265987510968,0.0,0.0,0.0,0.0,0.0,0.856930432086828,0.0,0.8759320701472967,0.0,0.0,0.0,0.0,0.0,0.0,0.0,0.0,0.0,0.8494870646456898,0.0,0.0,0.0,0.0,0.0,0.0,0.0,0.0,0.0,0.8500553911620409,0.7894847841005377,0.0,0.0,0.8867008102389857,0.0,0.8206608545245926,0.0,0.0,0.0,0.842244317098147,0.0,0.8535828302963527,0.0,0.0,0.0,0.772229434334129,0.0,0.8652980571952414,0.8545646383320255,0.8433470128113427,0.0,0.0,0.0,0.0,0.0,0.0,0.0,0.0,0.0,0.0,0.0,0.0,0.0,0.0,0.0,0.0,0.0,0.0,0.0,0.0,0.0,0.0,0.0,0.0,0.0,0.0,0.0,0.0,0.0,0.0,0.0,0.0,0.0,0.0,0.0,0.0,0.0,0.8592194868589893,0.0,0.0,0.0,0.0,0.0,0.0,0.8925742546070349,0.7722170605807476,0.0,0.8286550262356959,0.0,0.0,0.8585415841975189,0.0,0.0,0.0,0.0,0.0,0.0,0.0,0.8355289807068772,0.0,0.0,0.0,0.0
0.0,0.7671289096859615,0.0,0.0,0.7870013850374147,0.0,0.0,0.0,0.7748042808631657,0.0,0.0,0.0,0.0,0.0,0.7911803839694831,0.7566468396418803,0.0,0.0,0.0,0.0,0.0,0.0,1.0,0.0,0.8979923411103292,0.0,0.0,0.0,0.0,0.0,0.0,0.0,0.0,0.0,0.0,0.0,0.0,0.7665225809940742,0.0,0.0,0.7737030316127004,0.7497717623682701,0.0,0.0,0.0,0.0,0.0,0.0,0.7554895199236135,0.0,0.0,0.0,0.0,0.0,0.0,0.0,0.0,0.0,0.0,0.0,0.0,0.0,0.0,0.8141436346807112,0.0,0.0,0.0,0.0,0.0,0.0,0.0,0.0,0.0,0.0,0.7943063727633649,0.7734804163266905,0.793963054086679,0.0,0.8737990555570964,0.0,0.0,0.0,0.0,0.0,0.0,0.0,0.0,0.7577914528726256,0.0,0.7903339082863906,0.0,0.0,0.0,0.0,0.0,0.0,0.0,0.0,0.0,0.0,0.0,0.8677217508742234,0.7807129811830935,0.8419764382567002,0.0,0.0,0.0,0.0,0.7762785943807876,0.7854435658309129,0.0,0.7773811264860563,0.0,0.8944118965140146,0.7901625909610038,0.754594177734928,0.0,0.0,0.0,0.8968347185351757,0.0,0.7863316086090011,0.0,0.0,0.7943543528881879,0.7587111858886091,0.0,0.0,0.0,0.0,0.0,0.0,0.0,0.7928454197512051,0.0,0.0,0.0,0.801173803039702,0.7810764749417647,0.0,0.0,0.0,0.0,0.7929270356958434,0.0,0.0,0.0,0.7908812140257927,0.0,0.7696459144295672,0.773367710332658,0.7568648681839235,0.0,0.7842224172839408,0.8117976486880342,0.0,0.0,0.0,0.0,0.0,0.0,0.0,0.7746738359719131,0.788732131479402,0.7905946647953468,0.0,0.0,0.0,0.7688739782645225,0.7901226299317063,0.7546889218127517,0.0,0.0,0.756092558039675,0.0,0.8221551866565563,0.0,0.0,0.0,0.7735021509375845,0.809823591460995,0.0,0.0,0.0,0.0,0.0,0.0,0.0,0.8161022531482703,0.7852690425664728,0.0,0.7552128829441299,0.0,0.0,0.0,0.0,0.7563182224046464,0.7705349289415246,0.0,0.0
0.0,0.0,0.884186297858416,0.0,0.0,0.0,0.0,0.0,0.0,0.0,0.8537475220393648,0.0,0.0,0.0,0.0,0.0,0.0,0.8829118045483673,0.0,0.8509366263783368,0.0,0.8733560925458885,0.0,1.0,0.0,0.0,0.8599991989937199,0.0,0.0,0.0,0.0,0.8148780523339039,0.0,0.0,0.8314861762998255,0.8409118461293758,0.0,0.0,0.0,0.0,0.0,0.0,0.0,0.8867208236151125,0.0,0.0,0.8647299558433196,0.0,0.0,0.0,0.8413946231872728,0.0,0.0,0.0,0.8991349229983909,0.0,0.0,0.0,0.0,0.0,0.0,0.0,0.0,0.0,0.0,0.0,0.0,0.0,0.831594280739622,0.0,0.864965704997743,0.0,0.8780784533331952,0.0,0.0,0.0,0.0,0.0,0.0,0.0,0.8378542818609906,0.0,0.8380156116282759,0.8579961273269261,0.8417107173248147,0.0,0.0,0.0,0.8484027054658604,0.0,0.0,0.0,0.0,0.0,0.8706871576643871,0.0,0.8497265987510968,0.0,0.0,0.0,0.0,0.0,0.0,0.0,0.0,0.0,0.8591776575679692,0.0,0.0,0.0,0.0,0.0,0.0,0.0,0.0,0.0,0.8918988048089153,0.0,0.0,0.0,0.8752306695448022,0.0,0.8314024049140387,0.0,0.0,0.0,0.8560046290289763,0.0,0.8599794660557458,0.0,0.0,0.0,0.0,0.0,0.9112110309974498,0.8597253486760884,0.8376790743532609,0.0,0.0,0.0,0.0,0.0,0.0,0.0,0.0,0.0,0.0,0.0,0.0,0.0,0.0,0.0,0.0,0.0,0.0,0.0,0.0,0.0,0.0,0.0,0.0,0.0,0.0,0.0,0.0,0.0,0.0,0.0,0.0,0.0,0.0,0.0,0.0,0.0,0.8725469886792955,0.0,0.0,0.0,0.0,0.0,0.0,0.8662387527046094,0.0,0.0,0.8282477608414127,0.0,0.0,0.8601459967430127,0.0,0.0,0.0,0.0,0.0,0.0,0.0,0.8635547491046313,0.0,0.0,0.0,0.0
0.0,0.7478711004946461,0.0,0.0,0.7843539409380398,0.0,0.0,0.0,0.7545685832526022,0.0,0.0,0.0,0.0,0.0,0.7929992736895901,0.0,0.7695682115984671,0.0,0.0,0.0,0.0,0.0,0.8979923411103292,0.0,1.0,0.0,0.0,0.0,0.0,0.0,0.0,0.0,0.0,0.0,0.0,0.0,0.0,0.7473329530642336,0.0,0.0,0.0,0.7475129040440286,0.0,0.0,0.0,0.0,0.0,0.0,0.0,0.0,0.0,0.0,0.0,0.0,0.0,0.0,0.0,0.0,0.0,0.0,0.0,0.0,0.0,0.8154733648081913,0.0,0.0,0.0,0.0,0.0,0.0,0.0,0.0,0.0,0.0,0.7857927781535679,0.7534296809334229,0.7953498535811422,0.0,0.8733367929169307,0.0,0.0,0.0,0.0,0.0,0.0,0.0,0.0,0.7546731046766063,0.0,0.7699161199843121,0.0,0.0,0.0,0.0,0.0,0.0,0.0,0.0,0.0,0.0,0.0,0.8704698957814843,0.7786411236259163,0.8449759105815401,0.0,0.0,0.0,0.0,0.7739875419034081,0.7720097158665096,0.0,0.7480046206345001,0.0,0.9210638451381387,0.7877428742941175,0.0,0.0,0.0,0.0,0.8934194223467009,0.0,0.7837518212077198,0.0,0.7523863423376251,0.7883615854953244,0.7554772467497499,0.0,0.0,0.0,0.0,0.0,0.0,0.0,0.7550055079525391,0.0,0.0,0.0,0.7867945904103715,0.8017050569626352,0.0,0.0,0.0,0.0,0.7721470622408493,0.0,0.0,0.0,0.7703892382212166,0.0,0.7843964274733453,0.7703663148010214,0.7538591735579614,0.0,0.7539050436332191,0.8074892308794875,0.0,0.0,0.0,0.0,0.0,0.0,0.0,0.7544566880938411,0.7765857630007788,0.7824814827373302,0.0,0.0,0.0,0.7845146435625502,0.7871379381982779,0.7519333754698753,0.0,0.0,0.0,0.0,0.8131371070282726,0.0,0.0,0.0,0.7534484372901004,0.8028626930753253,0.0,0.0,0.0,0.0,0.0,0.0,0.0,0.8032496011694122,0.7827933363711707,0.0,0.7523989006487362,0.0,0.0,0.0,0.0,0.0,0.7678487841556855,0.0,0.0
0.0,0.7899152727696783,0.0,0.0,0.0,0.0,0.0,0.0,0.0,0.0,0.0,0.0,0.0,0.0,0.7511734542483552,0.0,0.0,0.0,0.0,0.0,0.0,0.0,0.0,0.0,0.0,1.0,0.0,0.0,0.0,0.0,0.0,0.0,0.0,0.0,0.0,0.0,0.0,0.7818546359537129,0.0,0.0,0.0,0.7719464311603124,0.0,0.0,0.0,0.0,0.0,0.8534670764723419,0.0,0.0,0.0,0.0,0.0,0.0,0.0,0.0,0.0,0.0,0.0,0.0,0.0,0.0,0.9215892451401532,0.0,0.0,0.0,0.0,0.0,0.0,0.0,0.0,0.0,0.0,0.8445810915736202,0.0,0.0,0.7498617869119322,0.0,0.0,0.0,0.0,0.0,0.0,0.0,0.0,0.0,0.0,0.0,0.0,0.0,0.0,0.0,0.0,0.0,0.0,0.0,0.0,0.0,0.0,0.0,0.0,0.0,0.0,0.0,0.0,0.0,0.0,0.0,0.0,0.0,0.0,0.790107607568511,0.7545548131063923,0.0,0.0,0.0,0.0,0.0,0.0,0.0,0.0,0.0,0.0,0.0,0.0,0.0,0.0,0.0,0.0,0.0,0.8765364649806259,0.0,0.0,0.0,0.0,0.0,0.0,0.0,0.0,0.0,0.0,0.0,0.0,0.0,0.883981984354094,0.0,0.0,0.0,0.0,0.0,0.0,0.0,0.0,0.7641250207943442,0.7518824101425772,0.0,0.7741009524051996,0.0,0.0,0.0,0.0,0.0,0.0,0.0,0.0,0.0,0.0,0.0,0.0,0.7623145581418362,0.0,0.0,0.0,0.0,0.0,0.0,0.0,0.0,0.0,0.0,0.0,0.0,0.0,0.0,0.0,0.0,0.7901763559608539,0.0,0.0,0.0,0.0,0.0,0.0,0.0,0.0,0.0,0.0,0.0,0.0,0.0
0.0,0.0,0.8620074363454631,0.0,0.0,0.0,0.0,0.0,0.0,0.0,0.8597842396572799,0.0,0.0,0.0,0.0,0.0,0.0,0.8609528792503796,0.0,0.8461255960165046,0.0,0.8576258297675103,0.0,0.8599991989937199,0.0,0.0,1.0,0.0,0.0,0.0,0.0,0.8347050384805882,0.0,0.0,0.8408241523461986,0.8583732759197341,0.0,0.0,0.0,0.0,0.0,0.0,0.0,0.8626924321099532,0.0,0.0,0.8566973356654124,0.0,0.0,0.0,0.8489093905640018,0.0,0.0,0.0,0.8573920113371418,0.0,0.0,0.0,0.0,0.0,0.0,0.0,0.0,0.0,0.0,0.0,0.0,0.0,0.8470053999815356,0.0,0.855303317963718,0.0,0.8511763591615942,0.0,0.0,0.0,0.0,0.0,0.0,0.0,0.854164314264178,0.0,0.8477041062532967,0.8691330341723438,0.8496175278596493,0.0,0.0,0.0,0.8571041280102376,0.0,0.0,0.0,0.0,0.0,0.8538321803389973,0.0,0.8598580003276495,0.0,0.0,0.0,0.0,0.0,0.0,0.0,0.0,0.0,0.8684052593409759,0.0,0.0,0.0,0.0,0.0,0.0,0.0,0.0,0.0,0.8620885845295483,0.0,0.0,0.0,0.8484942034364287,0.0,0.8306410322372678,0.0,0.0,0.0,0.8422123413164952,0.0,0.8591567673345478,0.0,0.0,0.0,0.0,0.0,0.8579768258186171,0.905451662887751,0.8497543370927301,0.0,0.0,0.0,0.0,0.0,0.0,0.0,0.0,0.0,0.0,0.0,0.0,0.0,0.0,0.0,0.0,0.0,0.0,0.0,0.0,0.0,0.0,0.0,0.0,0.0,0.0,0.0,0.0,0.0,0.0,0.0,0.0,0.0,0.0,0.0,0.0,0.0,0.8660313558099122,0.0,0.0,0.0,0.0,0.0,0.0,0.8640290154191121,0.0,0.0,0.0,0.0,0.0,0.8628792671670883,0.0,0.0,0.0,0.0,0.0,0.0,0.0,0.8427885135747868,0.0,0.0,0.0,0.0
0.0,0.0,0.0,0.0,0.0,0.0,0.0,0.0,0.0,0.0,0.0,0.0,0.0,0.0,0.0,0.0,0.0,0.0,0.0,0.0,0.0,0.0,0.0,0.0,0.0,0.0,0.0,1.0,0.0,0.0,0.0,0.0,0.0,0.0,0.0,0.0,0.0,0.0,0.0,0.0,0.0,0.0,0.0,0.0,0.0,0.0,0.0,0.0,0.0,0.0,0.0,0.0,0.0,0.0,0.0,0.0,0.0,0.0,0.0,0.0,0.0,0.0,0.0,0.0,0.0,0.0,0.0,0.0,0.0,0.0,0.0,0.0,0.0,0.0,0.0,0.0,0.0,0.0,0.0,0.0,0.0,0.0,0.0,0.0,0.0,0.0,0.0,0.0,0.0,0.0,0.0,0.0,0.0,0.0,0.0,0.0,0.0,0.0,0.0,0.0,0.0,0.0,0.0,0.0,0.0,0.8745246612045333,0.0,0.0,0.0,0.0,0.8877201508736893,0.0,0.0,0.0,0.0,0.0,0.0,0.0,0.0,0.0,0.0,0.0,0.0,0.0,0.0,0.0,0.0,0.0,0.0,0.0,0.0,0.0,0.0,0.0,0.0,0.0,0.0,0.0,0.0,0.0,0.0,0.0,0.0,0.0,0.0,0.0,0.0,0.0,0.0,0.0,0.0,0.0,0.0,0.0,0.0,0.0,0.0,0.0,0.0,0.0,0.0,0.0,0.0,0.0,0.0,0.0,0.0,0.0,0.0,0.0,0.0,0.0,0.0,0.0,0.0,0.0,0.0,0.0,0.0,0.0,0.0,0.0,0.0,0.854288704235734,0.0,0.0,0.0,0.0,0.0,0.0,0.0,0.0,0.0,0.0,0.0,0.0,0.0,0.0,0.0,0.0
0.0,0.7567977344829669,0.0,0.0,0.0,0.0,0.0,0.0,0.0,0.0,0.0,0.0,0.0,0.0,0.0,0.0,0.0,0.0,0.0,0.0,0.0,0.0,0.0,0.0,0.0,0.0,0.0,0.0,1.0,0.0,0.0,0.0,0.0,0.0,0.0,0.0,0.0,0.7560150233451987,0.0,0.0,0.0,0.756275878075638,0.0,0.0,0.0,0.0,0.0,0.0,0.0,0.0,0.0,0.0,0.0,0.0,0.0,0.0,0.0,0.0,0.0,0.0,0.0,0.0,0.0,0.0,0.0,0.0,0.0,0.0,0.0,0.0,0.0,0.0,0.0,0.0,0.0,0.0,0.0,0.0,0.0,0.0,0.0,0.0,0.0,0.0,0.0,0.0,0.7644988166749367,0.0,0.0,0.0,0.0,0.0,0.0,0.0,0.0,0.0,0.0,0.0,0.0,0.0,0.0,0.0,0.0,0.0,0.0,0.0,0.0,0.0,0.0,0.0,0.0,0.7569931676140909,0.7559335721121817,0.0,0.0,0.0,0.0,0.0,0.0,0.0,0.0,0.0,0.0,0.0,0.0,0.0,0.0,0.0,0.0,0.0,0.0,0.0,0.7685307021460648,0.0,0.0,0.0,0.0,0.0,0.0,0.0,0.0,0.0,0.0,0.0,0.0,0.0,0.0,0.0,0.0,0.0,0.0,0.0,0.0,0.0,0.0,0.0,0.7585173841449606,0.0,0.0,0.8305332392671896,0.0,0.0,0.0,0.0,0.0,0.0,0.0,0.7606829148540807,0.0,0.0,0.0,0.0,0.0,0.0,0.0,0.0,0.0,0.0,0.0,0.0,0.0,0.0,0.0,0.0,0.0,0.0,0.7570630459026473,0.0,0.0,0.0,0.0,0.0,0.0,0.0,0.0,0.0,0.0,0.0,0.0,0.0
0.0,0.0,0.0,0.0,0.0,0.0,0.0,0.0,0.0,0.0,0.0,0.0,0.0,0.0,0.0,0.0,0.0,0.0,0.0,0.0,0.0,0.0,0.0,0.0,0.0,0.0,0.0,0.0,0.0,1.0,0.0,0.0,0.0,0.0,0.0,0.0,0.7676484420775437,0.0,0.7675327681154144,0.0,0.0,0.0,0.0,0.0,0.0,0.0,0.0,0.0,0.0,0.8601488627533631,0.0,0.0,0.0,0.0,0.0,0.0,0.0,0.0,0.0,0.0,0.0,0.0,0.0,0.0,0.0,0.0,0.0,0.0,0.0,0.0,0.0,0.0,0.0,0.0,0.0,0.0,0.0,0.0,0.0,0.0,0.0,0.0,0.0,0.0,0.0,0.0,0.0,0.0,0.0,0.0,0.0,0.0,0.0,0.0,0.0,0.0,0.0,0.0,0.0,0.0,0.0,0.0,0.0,0.0,0.7677030704941563,0.0,0.0,0.7673569270762486,0.0,0.0,0.0,0.0,0.0,0.0,0.0,0.0,0.0,0.0,0.0,0.0,0.0,0.0,0.0,0.0,0.0,0.0,0.0,0.0,0.0,0.0,0.0,0.0,0.0,0.0,0.0,0.0,0.0,0.0,0.0,0.0,0.0,0.0,0.0,0.0,0.0,0.7672024429865499,0.0,0.0,0.7588452021500905,0.0,0.0,0.0,0.0,0.0,0.0,0.0,0.0,0.0,0.0,0.0,0.0,0.0,0.0,0.0,0.0,0.0,0.0,0.0,0.0,0.0,0.0,0.0,0.0,0.0,0.0,0.0,0.0,0.0,0.0,0.0,0.0,0.0,0.0,0.0,0.0,0.0,0.0,0.0,0.0,0.0,0.0,0.0,0.0,0.0,0.0,0.0,0.0,0.0,0.0,0.0
0.0,0.0,0.0,0.0,0.0,0.0,0.0,0.0,0.0,0.0,0.0,0.0,0.0,0.0,0.0,0.0,0.0,0.0,0.0,0.0,0.0,0.0,0.0,0.0,0.0,0.0,0.0,0.0,0.0,0.0,1.0,0.0,0.0,0.0,0.0,0.0,0.0,0.0,0.0,0.0,0.0,0.0,0.0,0.0,0.0,0.0,0.0,0.0,0.0,0.0,0.0,0.0,0.0,0.0,0.0,0.0,0.0,0.0,0.0,0.0,0.0,0.0,0.0,0.7594929348895626,0.0,0.0,0.0,0.0,0.0,0.0,0.0,0.0,0.0,0.0,0.0,0.0,0.0,0.0,0.0,0.0,0.0,0.0,0.0,0.0,0.0,0.0,0.0,0.0,0.0,0.0,0.0,0.0,0.0,0.0,0.0,0.0,0.0,0.0,0.0,0.0,0.0,0.0,0.0,0.0,0.0,0.0,0.0,0.0,0.0,0.0,0.0,0.0,0.0,0.0,0.0,0.7677921078317776,0.0,0.0,0.0,0.0,0.0,0.0,0.0,0.0,0.0,0.0,0.0,0.0,0.0,0.0,0.0,0.0,0.0,0.0,0.0,0.0,0.0,0.0,0.0,0.0,0.0,0.0,0.0,0.0,0.0,0.0,0.0,0.0,0.0,0.0,0.0,0.0,0.0,0.0,0.0,0.0,0.0,0.0,0.0,0.0,0.0,0.0,0.0,0.0,0.0,0.0,0.0,0.7651443198112429,0.0,0.0,0.0,0.7685165540019936,0.0,0.0,0.0,0.0,0.0,0.0,0.0,0.0,0.0,0.0,0.0,0.0,0.0,0.0,0.7608413910115506,0.0,0.0,0.0,0.0,0.0,0.0,0.0,0.0,0.0,0.0,0.0,0.0,0.0
0.0,0.0,0.8373521709416472,0.0,0.0,0.0,0.0,0.0,0.0,0.0,0.8344234549096552,0.0,0.0,0.0,0.0,0.0,0.0,0.8217491774227745,0.0,0.8305869419529949,0.0,0.8287363552812205,0.0,0.8148780523339039,0.0,0.0,0.8347050384805882,0.0,0.0,0.0,0.0,1.0,0.0,0.0,0.8139170220267277,0.8278115271555155,0.0,0.0,0.0,0.0,0.0,0.0,0.0,0.829310840538921,0.0,0.0,0.8326870406100337,0.0,0.0,0.0,0.8257201514689446,0.772658160645073,0.0,0.0,0.8141772408784184,0.0,0.0,0.0,0.0,0.0,0.0,0.0,0.0,0.0,0.7722046931688499,0.0,0.0,0.0,0.8275417762680685,0.0,0.8198187740399928,0.0,0.8262086262051285,0.0,0.0,0.0,0.0,0.0,0.0,0.0,0.8227786681721885,0.0,0.8257307067709115,0.8336993704545127,0.8300937734943875,0.0,0.0,0.0,0.8282451160991559,0.0,0.0,0.0,0.0,0.0,0.8224667592053327,0.0,0.8285501546316807,0.0,0.0,0.0,0.0,0.0,0.0,0.0,0.0,0.0,0.8249417031610936,0.0,0.0,0.0,0.0,0.0,0.0,0.0,0.0,0.0,0.8159888652295731,0.7728987305633986,0.0,0.0,0.8290254576353273,0.0,0.8178964514215546,0.0,0.0,0.0,0.8305801885861032,0.0,0.8284796056603853,0.0,0.0,0.0,0.7731074690509778,0.0,0.8099396812816005,0.8246138611959816,0.8194957523859049,0.0,0.0,0.0,0.0,0.0,0.0,0.0,0.0,0.0,0.0,0.0,0.0,0.0,0.0,0.0,0.0,0.0,0.0,0.0,0.0,0.0,0.0,0.0,0.0,0.0,0.0,0.0,0.0,0.0,0.0,0.0,0.0,0.0,0.0,0.0,0.0,0.0,0.8301612681657857,0.0,0.0,0.0,0.0,0.0,0.0,0.8209624230598049,0.7730946371784805,0.0,0.7728225019025498,0.0,0.0,0.8320394135682451,0.0,0.0,0.0,0.0,0.0,0.0,0.0,0.8233707726678089,0.0,0.0,0.0,0.0
0.0,0.0,0.0,0.0,0.0,0.0,0.0,0.0,0.0,0.0,0.0,0.8353114054594064,0.0,0.0,0.0,0.0,0.7688584309600516,0.0,0.7657951042289973,0.0,0.0,0.0,0.0,0.0,0.0,0.0,0.0,0.0,0.0,0.0,0.0,0.0,1.0,0.0,0.0,0.0,0.0,0.0,0.0,0.0,0.0,0.0,0.0,0.0,0.0,0.0,0.0,0.0,0.0,0.0,0.0,0.0,0.0,0.0,0.0,0.0,0.0,0.941585935267797,0.0,0.0,0.0,0.0,0.0,0.0,0.0,0.0,0.0,0.0,0.0,0.830889747557001,0.0,0.0,0.0,0.0,0.0,0.0,0.0,0.0,0.0,0.0,0.0,0.0,0.0,0.0,0.0,0.0,0.0,0.0,0.0,0.0,0.0,0.0,0.0,0.8382196297590626,0.0,0.0,0.0,0.0,0.0,0.0,0.8409472223564034,0.0,0.0,0.0,0.0,0.0,0.0,0.0,0.0,0.0,0.0,0.0,0.0,0.0,0.0,0.7848357801270112,0.0,0.0,0.0,0.0,0.0,0.0,0.0,0.0,0.0,0.0,0.0,0.0,0.0,0.0,0.0,0.0,0.0,0.0,0.0,0.0,0.0,0.0,0.0,0.0,0.9243214100346883,0.0,0.0,0.0,0.0,0.0,0.0,0.0,0.0,0.0,0.0,0.0,0.0,0.0,0.0,0.0,0.0,0.8119239037423991,0.9470300008407385,0.0,0.0,0.0,0.0,0.0,0.0,0.0,0.0,0.7648664057448733,0.0,0.0,0.0,0.7681969153669232,0.0,0.0,0.0,0.0,0.0,0.0,0.0,0.0,0.0,0.0,0.0,0.0,0.0,0.0,0.0,0.0,0.0,0.0,0.0,0.0,0.0,0.0,0.0,0.0,0.0,0.0,0.0,0.0
0.0,0.0,0.0,0.0,0.0,0.0,0.0,0.0,0.0,0.0,0.0,0.0,0.0,0.0,0.0,0.0,0.0,0.0,0.0,0.0,0.0,0.0,0.0,0.0,0.0,0.0,0.0,0.0,0.0,0.0,0.0,0.0,0.0,1.0,0.0,0.0,0.0,0.0,0.0,0.0,0.0,0.0,0.0,0.0,0.0,0.0,0.0,0.0,0.0,0.0,0.0,0.0,0.0,0.0,0.0,0.0,0.0,0.0,0.0,0.7638382826939819,0.0,0.0,0.0,0.0,0.0,0.0,0.0,0.0,0.0,0.0,0.0,0.0,0.0,0.0,0.0,0.0,0.0,0.0,0.0,0.0,0.0,0.0,0.0,0.0,0.0,0.0,0.0,0.0,0.0,0.0,0.0,0.0,0.0,0.0,0.0,0.7685625659765295,0.0,0.0,0.7732813696636951,0.0,0.0,0.0,0.0,0.0,0.0,0.0,0.0,0.0,0.0,0.0,0.0,0.0,0.0,0.0,0.0,0.0,0.0,0.0,0.0,0.0,0.0,0.0,0.0,0.0,0.0,0.0,0.0,0.0,0.0,0.0,0.0,0.0,0.0,0.0,0.0,0.0,0.0,0.0,0.0,0.0,0.0,0.0,0.0,0.0,0.0,0.0,0.0,0.0,0.0,0.0,0.0,0.0,0.0,0.0,0.0,0.0,0.0,0.0,0.0,0.0,0.0,0.0,0.0,0.0,0.0,0.0,0.0,0.0,0.0,0.0,0.0,0.0,0.0,0.0,0.0,0.0,0.0,0.0,0.0,0.0,0.0,0.0,0.0,0.0,0.0,0.0,0.0,0.0,0.0,0.0,0.0,0.0,0.0,0.0,0.0,0.0,0.0,0.0,0.0,0.0
0.0,0.0,0.8357520345026346,0.0,0.0,0.0,0.0,0.0,0.0,0.0,0.8250785910607883,0.0,0.0,0.0,0.0,0.0,0.0,0.8253776982799476,0.0,0.8472808499239683,0.0,0.8315421743116107,0.0,0.8314861762998255,0.0,0.0,0.8408241523461986,0.0,0.0,0.0,0.0,0.8139170220267277,0.0,0.0,1.0,0.8572978705565134,0.0,0.0,0.0,0.0,0.0,0.0,0.0,0.8441725542369501,0.0,0.0,0.8266652816080441,0.0,0.0,0.0,0.8530850619716466,0.0,0.0,0.0,0.8391107644080383,0.0,0.0,0.0,0.0,0.0,0.0,0.0,0.0,0.0,0.0,0.0,0.0,0.0,0.8406909745516298,0.0,0.8509919514778643,0.0,0.8509198838962367,0.0,0.0,0.0,0.0,0.0,0.0,0.0,0.8460507988326953,0.0,0.8625528672549451,0.8361826755018668,0.8493755999547637,0.0,0.0,0.0,0.8498315404139162,0.0,0.0,0.0,0.0,0.0,0.8504944978001675,0.0,0.8311254050399769,0.0,0.0,0.0,0.0,0.0,0.0,0.0,0.0,0.0,0.8254433512947318,0.0,0.0,0.0,0.0,0.0,0.0,0.0,0.0,0.0,0.8349826050082986,0.0,0.0,0.0,0.8269595239971863,0.0,0.9007903531348174,0.0,0.0,0.0,0.8434586213223786,0.0,0.838044390840367,0.0,0.0,0.0,0.0,0.0,0.8358108408181192,0.8405662444682955,0.8599339806825048,0.0,0.0,0.0,0.0,0.0,0.0,0.0,0.0,0.0,0.0,0.0,0.0,0.0,0.0,0.0,0.0,0.0,0.0,0.0,0.0,0.0,0.0,0.0,0.0,0.0,0.0,0.0,0.0,0.0,0.0,0.0,0.0,0.0,0.0,0.0,0.0,0.0,0.8397798683501994,0.0,0.0,0.0,0.0,0.0,0.0,0.8299276824867963,0.0,0.0,0.0,0.0,0.0,0.8390819105007179,0.0,0.0,0.0,0.0,0.0,0.0,0.0,0.8239020470179962,0.0,0.0,0.0,0.0
0.0,0.0,0.8442465751751043,0.0,0.0,0.0,0.0,0.0,0.0,0.0,0.8365519379591998,0.0,0.0,0.0,0.0,0.0,0.0,0.8402165523253188,0.0,0.8603611184766004,0.0,0.8445303312330393,0.0,0.8409118461293758,0.0,0.0,0.8583732759197341,0.0,0.0,0.0,0.0,0.8278115271555155,0.0,0.0,0.8572978705565134,1.0,0.0,0.0,0.0,0.0,0.0,0.0,0.0,0.8433132264039929,0.0,0.0,0.837948582873771,0.0,0.0,0.0,0.9366618368181935,0.7707570717652084,0.0,0.0,0.8349885899031733,0.0,0.0,0.0,0.0,0.0,0.0,0.0,0.0,0.0,0.7703376911872482,0.0,0.0,0.0,0.8614215444551798,0.0,0.917867865853365,0.0,0.8579522964931275,0.0,0.0,0.0,0.0,0.0,0.0,0.0,0.8623532458669445,0.0,0.9395625706652552,0.8486400440477065,0.8582518635169958,0.0,0.0,0.0,0.9174044983281038,0.0,0.0,0.0,0.0,0.0,0.9178914045958592,0.0,0.8445943494729183,0.0,0.0,0.0,0.0,0.0,0.0,0.0,0.0,0.0,0.8350317217161873,0.0,0.0,0.0,0.0,0.0,0.0,0.0,0.0,0.0,0.8385901455315232,0.7884122731122281,0.0,0.0,0.8356874008093489,0.0,0.8399077923565075,0.0,0.0,0.0,0.8499013010025818,0.0,0.8453916534614129,0.0,0.0,0.0,0.7711720351640754,0.0,0.8313629398967511,0.8515567017199244,0.9256011996930067,0.0,0.0,0.0,0.0,0.0,0.0,0.0,0.0,0.0,0.0,0.0,0.0,0.0,0.0,0.0,0.0,0.0,0.0,0.0,0.0,0.0,0.0,0.0,0.0,0.0,0.0,0.0,0.0,0.0,0.0,0.0,0.0,0.0,0.0,0.0,0.0,0.0,0.8496015960120495,0.0,0.0,0.0,0.0,0.0,0.0,0.8360793713969163,0.7711601921139846,0.0,0.7709089171654553,0.0,0.0,0.8449511300688248,0.0,0.0,0.0,0.0,0.0,0.0,0.0,0.8461919945330224,0.0,0.0,0.0,0.0
0.0,0.0,0.0,0.0,0.0,0.0,0.0,0.0,0.0,0.0,0.0,0.0,0.0,0.0,0.0,0.0,0.0,0.0,0.0,0.0,0.0,0.0,0.0,0.0,0.0,0.0,0.0,0.0,0.0,0.7676484420775437,0.0,0.0,0.0,0.0,0.0,0.0,1.0,0.0,0.9274153436894097,0.0,0.0,0.0,0.0,0.0,0.0,0.0,0.0,0.0,0.0,0.7653200577451238,0.0,0.0,0.0,0.0,0.0,0.0,0.0,0.0,0.0,0.0,0.0,0.0,0.0,0.0,0.0,0.0,0.0,0.0,0.0,0.0,0.0,0.0,0.0,0.0,0.0,0.0,0.0,0.0,0.0,0.0,0.0,0.0,0.0,0.0,0.0,0.0,0.0,0.0,0.0,0.0,0.0,0.0,0.0,0.0,0.0,0.0,0.0,0.0,0.0,0.0,0.0,0.0,0.0,0.0,0.9226988800551134,0.0,0.0,0.9223178170134053,0.0,0.0,0.0,0.0,0.0,0.0,0.0,0.0,0.0,0.0,0.0,0.0,0.0,0.0,0.0,0.0,0.0,0.0,0.0,0.0,0.0,0.0,0.0,0.0,0.0,0.0,0.0,0.0,0.0,0.0,0.0,0.0,0.0,0.0,0.0,0.0,0.0,0.9197712915965843,0.0,0.0,0.0,0.0,0.0,0.0,0.0,0.0,0.0,0.0,0.0,0.0,0.0,0.0,0.0,0.0,0.0,0.0,0.0,0.0,0.0,0.0,0.0,0.0,0.0,0.0,0.0,0.0,0.0,0.0,0.0,0.0,0.0,0.0,0.0,0.0,0.0,0.0,0.0,0.0,0.0,0.0,0.0,0.0,0.0,0.0,0.0,0.0,0.0,0.0,0.0,0.0,0.0,0.0
0.7784017600582457,0.8987371400555646,0.0,0.0,0.0,0.7609802845588072,0.0,0.0,0.0,0.0,0.0,0.0,0.0,0.0,0.748917881032928,0.0,0.0,0.0,0.7565524819645479,0.0,0.0,0.0,0.7665225809940742,0.0,0.7473329530642336,0.7818546359537129,0.0,0.0,0.7560150233451987,0.0,0.0,0.0,0.0,0.0,0.0,0.0,0.0,1.0,0.0,0.0,0.0,0.8977337821458891,0.0,0.0,0.0,0.0,0.0,0.8073881749788303,0.0,0.0,0.0,0.7618525177235381,0.0,0.0,0.7590916918122704,0.0,0.0,0.0,0.7595026291931622,0.0,0.0,0.7604068396863144,0.7884523634430135,0.7519474543456478,0.7615626120981652,0.0,0.0,0.0,0.0,0.0,0.0,0.0,0.0,0.781946797736111,0.757144100804869,0.0,0.7477236339904031,0.0,0.7492089809533741,0.0,0.0,0.7600643344235477,0.0,0.0,0.0,0.7604597796628595,0.7589942119033957,0.0,0.7578207895633099,0.7590274527042251,0.0,0.0,0.0,0.0,0.0,0.7777220613145804,0.0,0.0,0.0,0.0,0.0,0.7441652510728707,0.0,0.7478518771442156,0.0,0.0,0.0,0.0,0.7516779068724977,0.7617164341651628,0.0,0.8883459400395437,0.8691270125784805,0.7644555014370158,0.7527186959861148,0.0,0.0,0.7620055373070515,0.0,0.7498601762940987,0.0,0.0,0.0,0.7583736434658848,0.0,0.0,0.0,0.7600296103894443,0.0,0.0,0.8215971467117673,0.0,0.7621378710458692,0.0,0.0,0.0,0.0,0.0,0.7432800547617429,0.7602737514016421,0.0,0.0,0.7599060087835676,0.0,0.7922979191497838,0.0,0.0,0.0,0.0,0.7554547624887913,0.0,0.0,0.0,0.0,0.0,0.0,0.8916597003716873,0.0,0.0,0.7576005266149001,0.0,0.0,0.0,0.7463936463556557,0.7531760670453528,0.7601463853457853,0.0,0.0,0.7438655935914038,0.7759532005712851,0.0,0.0,0.0,0.0,0.0,0.7513615709175661,0.0,0.0,0.0,0.0,0.7666334705223569,0.0,0.762129747813813,0.0,0.7619571090111605,0.0,0.8980368985927111,0.0,0.7670755722360896,0.0,0.0,0.0,0.0,0.0,0.0,0.0,0.0,0.0,0.0,0.7634288229265105
0.0,0.0,0.0,0.0,0.0,0.0,0.0,0.0,0.0,0.0,0.0,0.0,0.0,0.0,0.0,0.0,0.0,0.0,0.0,0.0,0.0,0.0,0.0,0.0,0.0,0.0,0.0,0.0,0.0,0.7675327681154144,0.0,0.0,0.0,0.0,0.0,0.0,0.9274153436894097,0.0,1.0,0.0,0.0,0.0,0.0,0.0,0.0,0.0,0.0,0.0,0.0,0.7652150762589105,0.0,0.0,0.0,0.0,0.0,0.0,0.0,0.0,0.0,0.0,0.0,0.0,0.0,0.0,0.0,0.0,0.0,0.0,0.0,0.0,0.0,0.0,0.0,0.0,0.0,0.0,0.0,0.0,0.0,0.0,0.0,0.0,0.0,0.0,0.0,0.0,0.0,0.0,0.0,0.0,0.0,0.0,0.0,0.0,0.0,0.0,0.0,0.0,0.0,0.0,0.0,0.0,0.0,0.0,0.9222433364962304,0.0,0.0,0.9296686638821167,0.0,0.0,0.0,0.0,0.0,0.0,0.0,0.0,0.0,0.0,0.0,0.0,0.0,0.0,0.0,0.0,0.0,0.0,0.0,0.0,0.0,0.0,0.0,0.0,0.0,0.0,0.0,0.0,0.0,0.0,0.0,0.0,0.0,0.0,0.0,0.0,0.0,0.9267911349240274,0.0,0.0,0.0,0.0,0.0,0.0,0.0,0.0,0.0,0.0,0.0,0.0,0.0,0.0,0.0,0.0,0.0,0.0,0.0,0.0,0.0,0.0,0.0,0.0,0.0,0.0,0.0,0.0,0.0,0.0,0.0,0.0,0.0,0.0,0.0,0.0,0.0,0.0,0.0,0.0,0.0,0.0,0.0,0.0,0.0,0.0,0.0,0.0,0.0,0.0,0.0,0.0,0.0,0.0
0.0,0.0,0.0,0.0,0.0,0.0,0.756758840896158,0.7617590433621233,0.7589349689554759,0.760667634368636,0.0,0.0,0.0,0.0,0.0,0.0,0.0,0.0,0.0,0.0,0.7612031738495836,0.0,0.0,0.0,0.0,0.0,0.0,0.0,0.0,0.0,0.0,0.0,0.0,0.0,0.0,0.0,0.0,0.0,0.0,1.0,0.0,0.0,0.7516639885540123,0.0,0.0,0.7538114870134588,0.0,0.0,0.0,0.0,0.0,0.0,0.7591226839083399,0.7635808288769714,0.0,0.0,0.7537391878466567,0.0,0.0,0.0,0.0,0.0,0.0,0.0,0.0,0.0,0.0,0.0,0.0,0.0,0.0,0.7559627787159079,0.0,0.0,0.0,0.0,0.0,0.0,0.0,0.0,0.0,0.0,0.0,0.0,0.0,0.0,0.0,0.0,0.0,0.0,0.7634688814171033,0.0,0.0,0.0,0.0,0.0,0.0,0.0,0.0,0.7604320344905616,0.0,0.0,0.0,0.0,0.0,0.0,0.0,0.0,0.0,0.0,0.0,0.0,0.0,0.0,0.0,0.0,0.0,0.0,0.0,0.0,0.0,0.0,0.0,0.0,0.0,0.0,0.0,0.0,0.0,0.0,0.0,0.0,0.0,0.0,0.0,0.0,0.0,0.0,0.0,0.0,0.0,0.7567955720492646,0.0,0.0,0.0,0.0,0.0,0.0,0.0,0.0,0.0,0.0,0.0,0.0,0.0,0.7588169251872935,0.0,0.0,0.0,0.0,0.0,0.7634832043366387,0.0,0.0,0.0,0.0,0.0,0.0,0.0,0.0,0.0,0.0,0.0,0.0,0.0,0.0,0.0,0.0,0.754517477480669,0.0,0.0,0.0,0.0,0.0,0.0,0.0,0.0,0.0,0.0,0.0,0.771450038066445,0.0,0.7610190105105544,0.7614097778675241,0.7587839779585088,0.0,0.0,0.0,0.0,0.0
0.0,0.0,0.0,0.0,0.7821239019257843,0.0,0.0,0.0,0.830932736481126,0.0,0.0,0.0,0.0,0.0,0.0,0.8490107464064307,0.0,0.0,0.0,0.0,0.0,0.0,0.7737030316127004,0.0,0.0,0.0,0.0,0.0,0.0,0.0,0.0,0.0,0.0,0.0,0.0,0.0,0.0,0.0,0.0,0.0,1.0,0.0,0.7617990588696992,0.0,0.0,0.0,0.0,0.0,0.8419514513231632,0.0,0.0,0.0,0.0,0.0,0.0,0.0,0.0,0.0,0.0,0.0,0.0,0.0,0.0,0.0,0.0,0.0,0.0,0.0,0.0,0.0,0.0,0.0,0.0,0.0,0.7848184693543553,0.8536938123331709,0.0,0.7931395337315935,0.7561051552435519,0.0,0.0,0.0,0.0,0.0,0.0,0.0,0.0,0.8514654363146898,0.0,0.7878538373780984,0.0,0.0,0.0,0.0,0.0,0.0,0.0,0.0,0.0,0.0,0.0,0.0,0.0,0.7543024782015307,0.0,0.0,0.0,0.0,0.7594759793804263,0.0,0.0,0.0,0.0,0.0,0.7609364712493112,0.0,0.0,0.0,0.0,0.0,0.0,0.7810355218349075,0.0,0.8413717348872631,0.0,0.0,0.0,0.0,0.0,0.0,0.0,0.0,0.0,0.8492518747110446,0.0,0.0,0.0,0.7593913830630157,0.0,0.0,0.0,0.0,0.0,0.8538901899531088,0.0,0.0,0.0,0.7992384040023557,0.0,0.0,0.8522409098197977,0.8620789802627388,0.0,0.77259943811117,0.0,0.0,0.0,0.0,0.0,0.0,0.7620324845344972,0.0,0.8239547853169251,0.0,0.7615864159734465,0.0,0.0,0.0,0.0,0.7700608517147085,0.8575833620447415,0.0,0.0,0.8564814451944958,0.0,0.0,0.7937732485177671,0.851611844735021,0.0,0.8470142266322999,0.0,0.0,0.0,0.0,0.0,0.0,0.0,0.0,0.0,0.0,0.0,0.7694135551076525,0.0,0.0,0.0,0.0,0.8380037450187245,0.7663830695368954,0.0,0.0
0.761515075656253,0.9330387800095478,0.0,0.0,0.0,0.7613023290722565,0.0,0.0,0.0,0.0,0.0,0.0,0.0,0.0,0.7491105049639968,0.0,0.75887823461233,0.0,0.7568193697015915,0.0,0.0,0.0,0.7497717623682701,0.0,0.7475129040440286,0.7719464311603124,0.0,0.0,0.756275878075638,0.0,0.0,0.0,0.0,0.0,0.0,0.0,0.0,0.8977337821458891,0.0,0.0,0.0,1.0,0.0,0.0,0.0,0.0,0.0,0.7989745468943188,0.0,0.0,0.0,0.7621866687059474,0.0,0.0,0.0,0.0,0.0,0.0,0.7598051333317895,0.0,0.0,0.7607211590958826,0.7887023899866353,0.7521667624230957,0.7618926907869409,0.0,0.0,0.0,0.0,0.0,0.0,0.0,0.0,0.7822025679510117,0.0,0.0,0.7479066313512647,0.0,0.7494040250256261,0.0,0.0,0.7603741263264198,0.0,0.0,0.0,0.7607748046079911,0.7592902639553846,0.0,0.0,0.7593239224688033,0.0,0.0,0.0,0.0,0.0,0.7608413910115506,0.0,0.0,0.0,0.0,0.0,0.7443222568011952,0.0,0.7480358853864988,0.0,0.0,0.0,0.0,0.7518947020007118,0.7620486675199826,0.0,0.9060821519060221,0.8755977078134192,0.7477339264092628,0.7529453518593875,0.0,0.0,0.7623418574702473,0.756561044391397,0.7500607418487216,0.0,0.0,0.0,0.0,0.0,0.0,0.0,0.7603389468487247,0.0,0.0,0.7912222439510257,0.0,0.7624760782235932,0.0,0.0,0.0,0.0,0.0,0.7434311745162411,0.7605863039313936,0.0,0.0,0.7602137293648783,0.0,0.7983161000566851,0.0,0.0,0.0,0.0,0.7727971457222119,0.0,0.0,0.0,0.0,0.0,0.0,0.8922623603272347,0.0,0.0,0.7578795721940934,0.0,0.0,0.0,0.0,0.7704428112371859,0.760457256035479,0.0,0.7561787730865733,0.7440205822728796,0.7762534085181002,0.758072770666065,0.0,0.0,0.0,0.0,0.7515754526257595,0.0,0.0,0.0,0.0,0.7498811229655363,0.0,0.762467838861237,0.0,0.7622927411810528,0.0,0.8906535824042034,0.0,0.7503171708017399,0.0,0.0,0.0,0.0,0.0,0.0,0.0,0.0,0.0,0.0,0.7637859888622306
0.0,0.0,0.0,0.0,0.0,0.0,0.7777686895250925,0.7665584008776897,0.7804033153505865,0.7652304858391846,0.0,0.0,0.0,0.0,0.0,0.0,0.7603013122613388,0.0,0.0,0.0,0.7658804828756473,0.0,0.0,0.0,0.0,0.0,0.0,0.0,0.0,0.0,0.0,0.0,0.0,0.0,0.0,0.0,0.0,0.0,0.0,0.7516639885540123,0.7617990588696992,0.0,1.0,0.0,0.0,0.757144100804869,0.0,0.0,0.0,0.0,0.0,0.0,0.7633717129401465,0.7688046909215063,0.0,0.0,0.812667346129003,0.0,0.0,0.0,0.0,0.0,0.0,0.0,0.0,0.0,0.0,0.0,0.0,0.0,0.0,0.7768152898861019,0.0,0.0,0.0,0.0,0.0,0.0,0.0,0.0,0.0,0.0,0.0,0.0,0.0,0.0,0.0,0.0,0.0,0.0,0.7686655268236123,0.0,0.0,0.0,0.0,0.0,0.0,0.0,0.0,0.764945480632752,0.0,0.0,0.0,0.0,0.0,0.0,0.0,0.0,0.0,0.0,0.0,0.7541957094600512,0.0,0.0,0.0,0.0,0.0,0.0,0.0,0.0,0.0,0.0,0.0,0.7600717818972413,0.0,0.0,0.0,0.0,0.0,0.0,0.0,0.0,0.0,0.0,0.0,0.0,0.0,0.0,0.0,0.0,0.0,0.7880530501973289,0.0,0.7811484575746553,0.0,0.0,0.0,0.0,0.0,0.0,0.7613913985663219,0.7621351629939926,0.0,0.0,0.0,0.7630066028861459,0.0,0.0,0.0,0.0,0.7548596293371674,0.7686833233859177,0.0,0.0,0.0,0.0,0.7926853710132751,0.0,0.0,0.0,0.0,0.0,0.0,0.0,0.0,0.0,0.0,0.0,0.7579589337555301,0.7615546827609676,0.0,0.0,0.0,0.0,0.0,0.0,0.0,0.0,0.0,0.0,0.7578140163314008,0.0,0.7656566180477956,0.7661320580209717,0.7802190989691467,0.0,0.7614544725068194,0.0,0.0,0.0
0.0,0.0,0.8904275697503221,0.0,0.0,0.0,0.0,0.0,0.0,0.0,0.8568095716610681,0.0,0.0,0.0,0.0,0.0,0.0,0.8901137844678643,0.0,0.8817518428372607,0.0,0.8772997709351066,0.0,0.8867208236151125,0.0,0.0,0.8626924321099532,0.0,0.0,0.0,0.0,0.829310840538921,0.0,0.0,0.8441725542369501,0.8433132264039929,0.0,0.0,0.0,0.0,0.0,0.0,0.0,1.0,0.0,0.0,0.8613626662086044,0.0,0.0,0.0,0.8452858747466211,0.0,0.0,0.0,0.8813637202201656,0.0,0.0,0.0,0.0,0.0,0.0,0.0,0.0,0.0,0.0,0.0,0.0,0.0,0.8370114647573856,0.0,0.8453093881130062,0.0,0.8703111047364298,0.0,0.0,0.0,0.0,0.0,0.0,0.0,0.8515225755197441,0.0,0.8452976288135594,0.8579726915882533,0.8426408295412283,0.0,0.0,0.0,0.8504918195214431,0.0,0.0,0.0,0.0,0.0,0.861594506235903,0.0,0.8516075190532709,0.0,0.0,0.0,0.0,0.0,0.0,0.0,0.0,0.0,0.8591948141181238,0.0,0.0,0.0,0.0,0.0,0.0,0.0,0.0,0.0,0.8747635407690638,0.0,0.0,0.0,0.866698855372572,0.0,0.8368116391662896,0.0,0.0,0.0,0.8527903908475395,0.0,0.8570010819279952,0.0,0.0,0.0,0.0,0.0,0.8815566377514881,0.8606706178600854,0.8434748710867862,0.0,0.0,0.0,0.0,0.0,0.0,0.0,0.0,0.0,0.0,0.0,0.0,0.0,0.0,0.0,0.0,0.0,0.0,0.0,0.0,0.0,0.0,0.0,0.0,0.0,0.0,0.0,0.0,0.0,0.0,0.0,0.0,0.0,0.0,0.0,0.0,0.0,0.8619487729443125,0.0,0.0,0.0,0.0,0.0,0.0,0.8841636230555721,0.0,0.0,0.8379261264889033,0.0,0.0,0.8591911287804626,0.0,0.0,0.0,0.0,0.0,0.0,0.0,0.8409935555479502,0.0,0.0,0.0,0.0
0.0,0.0,0.0,0.0,0.0,0.0,0.0,0.0,0.0,0.0,0.0,0.0,0.0,0.0,0.0,0.0,0.0,0.0,0.0,0.0,0.0,0.0,0.0,0.0,0.0,0.0,0.0,0.0,0.0,0.0,0.0,0.0,0.0,0.0,0.0,0.0,0.0,0.0,0.0,0.0,0.0,0.0,0.0,0.0,1.0,0.0,0.0,0.0,0.0,0.0,0.0,0.0,0.0,0.0,0.0,0.0,0.0,0.0,0.0,0.0,0.0,0.0,0.0,0.0,0.0,0.0,0.0,0.0,0.0,0.0,0.0,0.0,0.0,0.0,0.0,0.0,0.0,0.0,0.0,0.0,0.0,0.0,0.0,0.0,0.0,0.0,0.0,0.0,0.0,0.0,0.0,0.0,0.0,0.0,0.0,0.0,0.0,0.0,0.0,0.0,0.0,0.0,0.0,0.0,0.0,0.0,0.0,0.0,0.0,0.0,0.0,0.0,0.0,0.0,0.0,0.0,0.0,0.0,0.0,0.0,0.0,0.0,0.0,0.0,0.0,0.0,0.0,0.0,0.0,0.0,0.0,0.0,0.0,0.0,0.0,0.0,0.0,0.0,0.0,0.0,0.0,0.0,0.0,0.0,0.0,0.0,0.0,0.0,0.0,0.0,0.0,0.0,0.0,0.0,0.0,0.0,0.0,0.0,0.0,0.0,0.0,0.0,0.0,0.0,0.0,0.0,0.0,0.0,0.0,0.0,0.0,0.0,0.0,0.0,0.0,0.0,0.0,0.0,0.0,0.0,0.0,0.0,0.0,0.0,0.0,0.0,0.0,0.0,0.0,0.0,0.0,0.0,0.0,0.0,0.0,0.0,0.0,0.0,0.0,0.0
0.0,0.0,0.0,0.0,0.0,0.0,0.7637685830141279,0.7707493105645314,0.7667383081003191,0.7691761498705822,0.0,0.0,0.0,0.0,0.0,0.0,0.0,0.0,0.0,0.0,0.7699442462840048,0.0,0.0,0.0,0.0,0.0,0.0,0.0,0.0,0.0,0.0,0.0,0.0,0.0,0.0,0.0,0.0,0.0,0.0,0.7538114870134588,0.0,0.0,0.757144100804869,0.0,0.0,1.0,0.0,0.0,0.0,0.0,0.0,0.0,0.7669991069795016,0.7734478510108805,0.0,0.0,0.7597928607137048,0.0,0.0,0.0,0.0,0.0,0.0,0.0,0.0,0.0,0.0,0.0,0.0,0.0,0.0,0.762705171030274,0.0,0.0,0.0,0.0,0.0,0.0,0.0,0.0,0.0,0.0,0.0,0.0,0.0,0.0,0.0,0.0,0.0,0.0,0.7732792150944378,0.0,0.0,0.0,0.0,0.0,0.0,0.0,0.0,0.7688405042547333,0.0,0.0,0.0,0.0,0.0,0.0,0.0,0.0,0.0,0.0,0.0,0.0,0.0,0.0,0.0,0.0,0.0,0.0,0.0,0.0,0.0,0.0,0.0,0.0,0.0,0.0,0.0,0.0,0.0,0.0,0.0,0.0,0.0,0.0,0.0,0.0,0.0,0.0,0.0,0.0,0.0,0.7638179325878616,0.0,0.0,0.0,0.0,0.0,0.0,0.0,0.0,0.0,0.0,0.0,0.0,0.0,0.76657470036628,0.0,0.0,0.0,0.0,0.0,0.7733007694364499,0.0,0.0,0.0,0.0,0.0,0.0,0.0,0.0,0.0,0.0,0.0,0.0,0.0,0.0,0.0,0.0,0.7608029530229495,0.0,0.0,0.0,0.0,0.0,0.0,0.0,0.0,0.0,0.0,0.0,0.7778387999945964,0.0,0.7696792926455512,0.7702425242078058,0.7665290897174205,0.0,0.0,0.0,0.0,0.0
0.0,0.0,0.8651158779672707,0.0,0.0,0.0,0.0,0.0,0.0,0.0,0.8580693629592226,0.0,0.0,0.0,0.0,0.0,0.0,0.8620440844914078,0.0,0.8544010401232026,0.0,0.8825131704148749,0.0,0.8647299558433196,0.0,0.0,0.8566973356654124,0.0,0.0,0.0,0.0,0.8326870406100337,0.0,0.0,0.8266652816080441,0.837948582873771,0.0,0.0,0.0,0.0,0.0,0.0,0.0,0.8613626662086044,0.0,0.0,1.0,0.0,0.0,0.0,0.8383552591597361,0.0,0.0,0.0,0.849090042178205,0.0,0.0,0.0,0.0,0.0,0.0,0.0,0.0,0.0,0.0,0.0,0.0,0.0,0.8368085289744076,0.0,0.8461907108679819,0.0,0.8579271320212122,0.0,0.0,0.0,0.0,0.0,0.0,0.0,0.8547794495031549,0.0,0.8351855084470431,0.851260990656885,0.8399973733438632,0.0,0.0,0.0,0.8437837596418309,0.0,0.0,0.0,0.0,0.0,0.8553141047014471,0.0,0.8935331720749368,0.0,0.0,0.0,0.0,0.0,0.0,0.0,0.0,0.0,0.8550439970345037,0.0,0.0,0.0,0.0,0.0,0.0,0.0,0.0,0.0,0.8538652083299496,0.7692088818586466,0.0,0.0,0.8778041871351845,0.0,0.8212622369036843,0.0,0.0,0.0,0.8383457295075556,0.0,0.8486717435004774,0.0,0.0,0.0,0.0,0.0,0.8580550097133741,0.8564696856553424,0.8365364517786945,0.0,0.0,0.0,0.0,0.0,0.0,0.0,0.0,0.0,0.0,0.0,0.0,0.0,0.0,0.0,0.0,0.0,0.0,0.0,0.0,0.0,0.0,0.0,0.0,0.0,0.0,0.0,0.0,0.0,0.0,0.0,0.0,0.0,0.0,0.0,0.0,0.0,0.8513001815259731,0.0,0.0,0.0,0.0,0.0,0.0,0.8800712507218355,0.0,0.0,0.7691434623946093,0.0,0.0,0.8591744615380555,0.0,0.0,0.0,0.0,0.0,0.0,0.0,0.8257729712083235,0.0,0.0,0.0,0.0
0.0,0.7995803606821641,0.0,0.0,0.0,0.0,0.0,0.0,0.0,0.0,0.0,0.0,0.0,0.0,0.7542771982717104,0.0,0.0,0.0,0.0,0.0,0.0,0.0,0.0,0.0,0.0,0.8534670764723419,0.0,0.0,0.0,0.0,0.0,0.0,0.0,0.0,0.0,0.0,0.0,0.8073881749788303,0.0,0.0,0.0,0.7989745468943188,0.0,0.0,0.0,0.0,0.0,1.0,0.0,0.0,0.0,0.0,0.0,0.0,0.0,0.0,0.0,0.0,0.0,0.0,0.0,0.0,0.8583035674120126,0.0,0.0,0.0,0.0,0.0,0.0,0.0,0.0,0.0,0.0,0.8659133119072848,0.0,0.0,0.7527860988884088,0.0,0.0,0.0,0.0,0.0,0.0,0.0,0.0,0.0,0.0,0.0,0.0,0.0,0.0,0.0,0.0,0.0,0.0,0.0,0.0,0.0,0.0,0.0,0.0,0.0,0.7540316487717605,0.7529453518593875,0.0,0.0,0.0,0.0,0.0,0.0,0.0,0.7867361450129162,0.7581756936999988,0.0,0.0,0.0,0.0,0.0,0.0,0.0,0.0,0.0,0.0,0.0,0.0,0.0,0.0,0.7692927333260177,0.0,0.0,0.8662537201706914,0.0,0.0,0.0,0.0,0.0,0.0,0.0,0.0,0.0,0.0,0.0,0.0,0.0,0.8665343502482566,0.0,0.0,0.0,0.0,0.0,0.0,0.0,0.0,0.769764803563281,0.7550878370728727,0.0,0.7958370804219111,0.0,0.0,0.0,0.0,0.0,0.0,0.7511462169686164,0.0,0.0,0.0,0.0,0.0,0.7674954633047919,0.0,0.0,0.0,0.0,0.0,0.0,0.0,0.0,0.0,0.0,0.7552412110436048,0.0,0.0,0.0,0.0,0.0,0.8086181027492935,0.0,0.7557901505143623,0.0,0.0,0.0,0.0,0.0,0.0,0.0,0.0,0.7641662659375161,0.0,0.0
0.0,0.0,0.0,0.0,0.7805394909918801,0.0,0.0,0.0,0.8404172355168898,0.0,0.0,0.0,0.0,0.0,0.7717131051288233,0.8384307110365016,0.0,0.0,0.0,0.0,0.0,0.0,0.7554895199236135,0.0,0.0,0.0,0.0,0.0,0.0,0.0,0.0,0.0,0.0,0.0,0.0,0.0,0.0,0.0,0.0,0.0,0.8419514513231632,0.0,0.0,0.0,0.0,0.0,0.0,0.0,1.0,0.0,0.0,0.0,0.0,0.0,0.0,0.0,0.0,0.0,0.0,0.0,0.0,0.0,0.0,0.0,0.0,0.0,0.0,0.0,0.0,0.0,0.0,0.0,0.0,0.0,0.7657415031540772,0.8379195515913449,0.7875792981122328,0.7732189650191984,0.0,0.0,0.0,0.0,0.0,0.0,0.0,0.0,0.0,0.8425255100047596,0.0,0.7684918147878922,0.0,0.0,0.0,0.0,0.0,0.0,0.0,0.0,0.0,0.0,0.0,0.0,0.7543999621484843,0.0,0.0,0.0,0.0,0.0,0.0,0.7726036278447423,0.0,0.0,0.0,0.7529196520585535,0.0,0.0,0.0,0.0,0.0,0.0,0.0,0.0,0.0,0.8892775299143483,0.7536425022343101,0.0,0.0,0.0,0.0,0.0,0.0,0.0,0.0,0.839398795926811,0.0,0.0,0.0,0.0,0.7476605084021958,0.0,0.0,0.0,0.0,0.8468516662514449,0.0,0.0,0.0,0.7693915423017277,0.0,0.0,0.8413276661725759,0.8471521180208595,0.0,0.0,0.7554731571092295,0.0,0.0,0.0,0.0,0.0,0.7606498195415283,0.0,0.8437933488565226,0.0,0.7602287206635554,0.0,0.0,0.0,0.7652906782591022,0.0,0.84706322791325,0.0,0.0,0.8392484670310129,0.0,0.0,0.7737798940261951,0.845123594903411,0.0,0.8261013019758757,0.0,0.0,0.0,0.0,0.0,0.0,0.0,0.0,0.7561872011766925,0.0,0.0,0.7675497440470745,0.0,0.0,0.0,0.0,0.8336515610962265,0.7647331798094653,0.0,0.0
0.0,0.0,0.0,0.0,0.0,0.0,0.0,0.0,0.0,0.0,0.0,0.0,0.0,0.0,0.0,0.0,0.0,0.0,0.0,0.0,0.0,0.0,0.0,0.0,0.0,0.0,0.0,0.0,0.0,0.8601488627533631,0.0,0.0,0.0,0.0,0.0,0.0,0.7653200577451238,0.0,0.7652150762589105,0.0,0.0,0.0,0.0,0.0,0.0,0.0,0.0,0.0,0.0,1.0,0.0,0.0,0.0,0.0,0.0,0.0,0.0,0.0,0.0,0.0,0.0,0.0,0.0,0.0,0.0,0.0,0.0,0.0,0.0,0.0,0.0,0.0,0.0,0.0,0.0,0.0,0.0,0.0,0.0,0.0,0.0,0.0,0.0,0.0,0.0,0.0,0.0,0.0,0.0,0.0,0.0,0.0,0.0,0.0,0.0,0.0,0.0,0.0,0.0,0.0,0.0,0.0,0.0,0.0,0.7653696207092068,0.0,0.0,0.7650554025675409,0.0,0.0,0.0,0.0,0.0,0.0,0.0,0.0,0.0,0.0,0.0,0.0,0.0,0.0,0.0,0.0,0.0,0.0,0.0,0.0,0.0,0.0,0.0,0.0,0.0,0.0,0.0,0.0,0.0,0.0,0.0,0.0,0.0,0.0,0.0,0.0,0.0,0.7649150362493417,0.0,0.0,0.7572122261054951,0.0,0.0,0.0,0.0,0.0,0.0,0.0,0.0,0.0,0.0,0.0,0.0,0.0,0.0,0.0,0.0,0.0,0.0,0.0,0.0,0.0,0.0,0.0,0.0,0.0,0.0,0.0,0.0,0.0,0.0,0.0,0.0,0.0,0.0,0.0,0.0,0.0,0.0,0.0,0.0,0.0,0.0,0.0,0.0,0.0,0.0,0.0,0.0,0.0,0.0,0.0
0.0,0.0,0.8476404253609471,0.0,0.0,0.0,0.0,0.0,0.0,0.0,0.841952362219443,0.0,0.0,0.0,0.0,0.0,0.0,0.8437083452308503,0.0,0.8592160620136607,0.0,0.8436495575728704,0.0,0.8413946231872728,0.0,0.0,0.8489093905640018,0.0,0.0,0.0,0.0,0.8257201514689446,0.0,0.0,0.8530850619716466,0.9366618368181935,0.0,0.0,0.0,0.0,0.0,0.0,0.0,0.8452858747466211,0.0,0.0,0.8383552591597361,0.0,0.0,0.0,1.0,0.7712630257482884,0.0,0.0,0.8390624940129068,0.0,0.0,0.0,0.0,0.0,0.0,0.0,0.0,0.0,0.7708348216264224,0.0,0.0,0.0,0.8626427969960123,0.0,0.9187644300955727,0.0,0.8584554784228339,0.0,0.0,0.0,0.0,0.0,0.0,0.0,0.8614101172898848,0.0,0.9539746094650436,0.8479331441451113,0.8595569864467185,0.0,0.0,0.0,0.9210184429951246,0.0,0.0,0.0,0.0,0.0,0.9185683484809314,0.0,0.8437933488565226,0.0,0.0,0.0,0.0,0.0,0.0,0.0,0.0,0.0,0.8290254576353273,0.0,0.0,0.0,0.0,0.0,0.0,0.0,0.0,0.0,0.8372257665009555,0.7889345126028916,0.0,0.0,0.8410674362051034,0.0,0.8461202050848035,0.0,0.0,0.0,0.8503445366357965,0.0,0.8430080481118606,0.0,0.0,0.0,0.7716868705899832,0.0,0.8339880836142665,0.84484806085675,0.9198349406769463,0.0,0.0,0.0,0.0,0.0,0.0,0.0,0.0,0.0,0.0,0.0,0.0,0.0,0.0,0.0,0.0,0.0,0.0,0.0,0.0,0.0,0.0,0.0,0.0,0.0,0.0,0.0,0.0,0.0,0.0,0.0,0.0,0.0,0.0,0.0,0.0,0.0,0.8513401621068023,0.0,0.0,0.0,0.0,0.0,0.0,0.8346744500358122,0.7716747719604775,0.0,0.7714181035480779,0.0,0.0,0.848188812287801,0.0,0.0,0.0,0.0,0.0,0.0,0.0,0.8438207150450704,0.0,0.0,0.0,0.0
0.7774953802294073,0.7628582016973601,0.0,0.0,0.0,0.7770835323652338,0.0,0.0,0.0,0.0,0.7731588648024367,0.0,0.0,0.8439839368987577,0.0,0.0,0.0,0.7734956285020257,0.0,0.0,0.0,0.7717960322603328,0.0,0.0,0.0,0.0,0.0,0.0,0.0,0.0,0.0,0.772658160645073,0.0,0.0,0.0,0.7707570717652084,0.0,0.7618525177235381,0.0,0.0,0.0,0.7621866687059474,0.0,0.0,0.0,0.0,0.0,0.0,0.0,0.0,0.7712630257482884,1.0,0.0,0.0,0.0,0.0,0.0,0.0,0.774273193742386,0.0,0.0,0.7759748652243186,0.0,0.0,0.955390156882976,0.0,0.0,0.0,0.0,0.0,0.0,0.0,0.0,0.0,0.0,0.0,0.0,0.0,0.0,0.0,0.0,0.7753238229913936,0.7712749194514599,0.0,0.0,0.7760762236435026,0.0,0.0,0.0,0.0,0.0,0.0,0.779128402911208,0.0,0.0,0.7762023047758202,0.0,0.0,0.0,0.0,0.0,0.0,0.0,0.0,0.0,0.0,0.0,0.0,0.0,0.0,0.0,0.7631107539310595,0.7617483839105129,0.0,0.0,0.0,0.0,0.8463357636191626,0.0,0.0,0.7721224053451986,0.0,0.0,0.0,0.0,0.0,0.0,0.7752582675448357,0.7744082629239256,0.0,0.0,0.0,0.9203534909712378,0.0,0.0,0.7731931894762344,0.0,0.0,0.0,0.7757209241896372,0.0,0.0,0.7750255785589578,0.0,0.0,0.0,0.7968130017449138,0.0,0.0,0.0,0.0,0.0,0.0,0.0,0.0,0.0,0.7651013529581419,0.0,0.0,0.0,0.0,0.0,0.0,0.0,0.0,0.7754790519491922,0.0,0.0,0.0,0.0,0.0,0.0,0.0,0.0,0.0,0.0,0.0,0.0,0.0,0.0,0.0,0.0,0.9362125730038681,0.0,0.8462287535305149,0.0,0.7632011987985989,0.7755736163350458,0.0,0.0,0.0,0.0,0.0,0.0,0.0,0.0,0.0,0.0,0.0,0.7998025062761761
0.0,0.7624184624308648,0.0,0.0,0.0,0.0,0.772386720156517,0.7831172875878166,0.7767580152692969,0.7805511155907713,0.0,0.0,0.0,0.0,0.0,0.0,0.0,0.0,0.0,0.0,0.7817913483508475,0.0,0.0,0.0,0.0,0.0,0.0,0.0,0.0,0.0,0.0,0.0,0.0,0.0,0.0,0.0,0.0,0.0,0.0,0.7591226839083399,0.0,0.0,0.7633717129401465,0.0,0.0,0.7669991069795016,0.0,0.0,0.0,0.0,0.0,0.0,1.0,0.7877834506454109,0.0,0.0,0.7668733051097097,0.0,0.0,0.7693365982991992,0.0,0.0,0.7643646456212722,0.0,0.0,0.0,0.0,0.0,0.0,0.0,0.0,0.7708776912615702,0.0,0.0,0.0,0.0,0.0,0.0,0.0,0.0,0.0,0.0,0.0,0.0,0.0,0.0,0.0,0.0,0.0,0.0,0.7874807459857802,0.0,0.0,0.0,0.0,0.0,0.0,0.0,0.0,0.7800163493641444,0.0,0.0,0.0,0.0,0.0,0.0,0.0,0.0,0.0,0.0,0.0,0.0,0.0,0.0,0.0,0.0,0.0,0.0,0.0,0.0,0.0,0.0,0.0,0.0,0.0,0.0,0.0,0.0,0.0,0.0,0.0,0.0,0.0,0.0,0.0,0.0,0.0,0.0,0.0,0.0,0.0,0.7724574180752097,0.0,0.0,0.0,0.0,0.0,0.0,0.0,0.0,0.0,0.0,0.0,0.0,0.0,0.7765105545586188,0.0,0.0,0.0,0.0,0.0,0.7875193468552327,0.0,0.0,0.0,0.0,0.0,0.0,0.0,0.0,0.0,0.0,0.0,0.0,0.0,0.0,0.0,0.0,0.7682423183270444,0.0,0.0,0.0,0.0,0.0,0.0,0.0,0.0,0.0,0.0,0.0,0.768019620750944,0.0,0.7813608794647411,0.7822794078497931,0.7764417153630769,0.0,0.0,0.0,0.0,0.0
0.0,0.0,0.0,0.0,0.0,0.0,0.7807554479353163,0.797700211703937,0.7871740998401267,0.7932415991420845,0.0,0.0,0.0,0.0,0.0,0.0,0.0,0.0,0.0,0.0,0.795355156160972,0.0,0.0,0.0,0.0,0.0,0.0,0.0,0.0,0.0,0.0,0.0,0.0,0.0,0.0,0.0,0.0,0.0,0.0,0.7635808288769714,0.0,0.0,0.7688046909215063,0.0,0.0,0.7734478510108805,0.0,0.0,0.0,0.0,0.0,0.0,0.7877834506454109,1.0,0.0,0.0,0.7732835244250721,0.0,0.0,0.0,0.0,0.0,0.0,0.0,0.0,0.0,0.0,0.0,0.0,0.0,0.0,0.7786505322281114,0.0,0.0,0.0,0.0,0.0,0.0,0.0,0.0,0.0,0.0,0.0,0.0,0.0,0.0,0.0,0.0,0.0,0.0,0.8062107483116991,0.0,0.0,0.0,0.0,0.0,0.0,0.0,0.0,0.7923518928155538,0.0,0.0,0.0,0.0,0.0,0.0,0.0,0.0,0.0,0.0,0.0,0.0,0.0,0.0,0.0,0.0,0.0,0.0,0.0,0.0,0.0,0.0,0.0,0.0,0.0,0.0,0.0,0.0,0.0,0.0,0.0,0.0,0.0,0.0,0.0,0.0,0.0,0.0,0.0,0.0,0.0,0.780855315960258,0.0,0.0,0.0,0.0,0.0,0.0,0.0,0.0,0.0,0.0,0.0,0.0,0.0,0.786796090838669,0.0,0.0,0.0,0.0,0.0,0.8492589952708859,0.0,0.0,0.0,0.0,0.0,0.0,0.0,0.0,0.0,0.0,0.0,0.0,0.0,0.0,0.0,0.0,0.7750858629926191,0.0,0.0,0.0,0.0,0.0,0.0,0.0,0.0,0.0,0.0,0.0,0.7747905166786182,0.0,0.7946132954289694,0.7962074969800564,0.7866912813682759,0.0,0.0,0.0,0.0,0.0
0.0,0.0,0.876003558196061,0.0,0.0,0.0,0.0,0.0,0.0,0.0,0.8530005794222106,0.0,0.0,0.0,0.0,0.0,0.0,0.8720390971696675,0.0,0.8461620135822018,0.0,0.8506085880254146,0.0,0.8991349229983909,0.0,0.0,0.8573920113371418,0.0,0.0,0.0,0.0,0.8141772408784184,0.0,0.0,0.8391107644080383,0.8349885899031733,0.0,0.7590916918122704,0.0,0.0,0.0,0.0,0.0,0.8813637202201656,0.0,0.0,0.849090042178205,0.0,0.0,0.0,0.8390624940129068,0.0,0.0,0.0,1.0,0.0,0.0,0.0,0.0,0.0,0.0,0.0,0.0,0.0,0.0,0.0,0.0,0.0,0.8283118461437663,0.0,0.8512516680013581,0.0,0.8704615898319334,0.0,0.0,0.0,0.0,0.0,0.0,0.0,0.840558239796398,0.0,0.8354670062602264,0.8645523728786976,0.8332016960364053,0.0,0.0,0.0,0.8477078133438659,0.0,0.0,0.0,0.0,0.0,0.8548323122775902,0.0,0.8501580954682746,0.0,0.0,0.0,0.0,0.0,0.0,0.0,0.0,0.0,0.8544618989506346,0.0,0.0,0.0,0.0,0.0,0.0,0.0,0.0,0.0,0.8824974225818774,0.0,0.0,0.0,0.8570607342258125,0.0,0.8351643276452537,0.0,0.0,0.0,0.8500979543392989,0.0,0.8591943814653227,0.0,0.7927115768294807,0.0,0.0,0.0,0.8977495174636707,0.8571263422739751,0.8387449581440048,0.0,0.0,0.0,0.0,0.0,0.0,0.0,0.0,0.0,0.0,0.0,0.0,0.0,0.0,0.0,0.0,0.0,0.0,0.0,0.0,0.0,0.0,0.0,0.0,0.0,0.0,0.0,0.0,0.0,0.0,0.0,0.0,0.0,0.0,0.0,0.0,0.0,0.8716962911162124,0.0,0.0,0.0,0.0,0.0,0.0,0.8489642628470249,0.0,0.0,0.0,0.0,0.0,0.8593292736638771,0.0,0.0,0.0,0.0,0.0,0.0,0.0,0.8392039859260435,0.0,0.0,0.0,0.0
0.0,0.0,0.0,0.0,0.0,0.0,0.0,0.0,0.0,0.0,0.0,0.0,0.0,0.0,0.0,0.0,0.0,0.0,0.0,0.0,0.0,0.0,0.0,0.0,0.0,0.0,0.0,0.0,0.0,0.0,0.0,0.0,0.0,0.0,0.0,0.0,0.0,0.0,0.0,0.0,0.0,0.0,0.0,0.0,0.0,0.0,0.0,0.0,0.0,0.0,0.0,0.0,0.0,0.0,0.0,1.0,0.0,0.0,0.0,0.0,0.0,0.0,0.0,0.0,0.0,0.0,0.0,0.0,0.0,0.0,0.0,0.0,0.0,0.0,0.0,0.0,0.0,0.0,0.0,0.0,0.0,0.0,0.0,0.0,0.0,0.0,0.0,0.0,0.0,0.0,0.0,0.0,0.0,0.0,0.0,0.0,0.0,0.0,0.0,0.0,0.0,0.0,0.0,0.0,0.0,0.0,0.0,0.0,0.0,0.0,0.0,0.0,0.0,0.0,0.0,0.0,0.0,0.0,0.0,0.0,0.0,0.0,0.0,0.0,0.0,0.0,0.0,0.0,0.0,0.0,0.0,0.0,0.0,0.0,0.0,0.0,0.0,0.0,0.0,0.0,0.0,0.0,0.0,0.0,0.0,0.0,0.0,0.0,0.0,0.0,0.0,0.0,0.0,0.0,0.0,0.0,0.0,0.0,0.0,0.0,0.0,0.0,0.0,0.0,0.0,0.0,0.0,0.0,0.0,0.0,0.0,0.0,0.0,0.0,0.0,0.0,0.0,0.0,0.0,0.0,0.0,0.0,0.0,0.0,0.0,0.0,0.0,0.0,0.0,0.0,0.0,0.0,0.0,0.0,0.0,0.0,0.0,0.0,0.0,0.0
0.0,0.0,0.0,0.0,0.0,0.0,0.7912072858207663,0.7706023209680928,0.7666138644464958,0.7690384374690858,0.0,0.0,0.0,0.0,0.0,0.0,0.0,0.0,0.0,0.0,0.7698020772476727,0.0,0.0,0.0,0.0,0.0,0.0,0.0,0.0,0.0,0.0,0.0,0.0,0.0,0.0,0.0,0.0,0.0,0.0,0.7537391878466567,0.0,0.0,0.812667346129003,0.0,0.0,0.7597928607137048,0.0,0.0,0.0,0.0,0.0,0.0,0.7668733051097097,0.7732835244250721,0.0,0.0,1.0,0.0,0.0,0.0,0.0,0.0,0.0,0.0,0.0,0.0,0.0,0.0,0.0,0.0,0.0,0.7974768737351169,0.0,0.0,0.0,0.0,0.0,0.0,0.0,0.0,0.0,0.0,0.0,0.0,0.0,0.0,0.0,0.0,0.0,0.0,0.7731160274205376,0.0,0.0,0.0,0.0,0.0,0.0,0.0,0.0,0.7687046966792684,0.0,0.0,0.0,0.0,0.0,0.0,0.0,0.0,0.0,0.0,0.0,0.0,0.0,0.0,0.0,0.0,0.0,0.0,0.0,0.0,0.0,0.0,0.0,0.0,0.0,0.0,0.0,0.0,0.0,0.0,0.0,0.0,0.0,0.0,0.0,0.0,0.0,0.0,0.0,0.0,0.0,0.7809762912001076,0.0,0.0,0.0,0.0,0.0,0.0,0.0,0.0,0.0,0.0,0.0,0.0,0.0,0.7664511015220737,0.0,0.0,0.0,0.0,0.0,0.7731374366174906,0.0,0.0,0.0,0.0,0.795565518035154,0.0,0.0,0.0,0.0,0.0,0.0,0.0,0.0,0.0,0.0,0.0,0.7607058540151128,0.0,0.0,0.0,0.0,0.0,0.0,0.0,0.0,0.0,0.0,0.0,0.7605432100629099,0.0,0.7695386764318153,0.7700985872244231,0.7837352591044865,0.0,0.0,0.0,0.0,0.0
0.0,0.0,0.0,0.0,0.0,0.0,0.0,0.0,0.0,0.0,0.0,0.8402410698803102,0.0,0.0,0.0,0.0,0.7695018084113416,0.0,0.766360435085508,0.0,0.0,0.0,0.0,0.0,0.0,0.0,0.0,0.0,0.0,0.0,0.0,0.0,0.941585935267797,0.0,0.0,0.0,0.0,0.0,0.0,0.0,0.0,0.0,0.0,0.0,0.0,0.0,0.0,0.0,0.0,0.0,0.0,0.0,0.0,0.0,0.0,0.0,0.0,1.0,0.0,0.0,0.0,0.0,0.0,0.0,0.0,0.0,0.0,0.0,0.0,0.8342222670080423,0.0,0.0,0.0,0.0,0.0,0.0,0.0,0.0,0.0,0.0,0.0,0.0,0.0,0.0,0.0,0.0,0.0,0.0,0.0,0.0,0.0,0.0,0.0,0.8370347579972428,0.0,0.0,0.0,0.0,0.0,0.0,0.8378263881776654,0.0,0.0,0.0,0.0,0.0,0.0,0.0,0.0,0.0,0.0,0.0,0.0,0.0,0.0,0.7854565868357357,0.0,0.0,0.0,0.0,0.0,0.0,0.0,0.0,0.0,0.0,0.0,0.0,0.0,0.0,0.0,0.0,0.0,0.0,0.0,0.0,0.0,0.0,0.0,0.0,0.925782838657548,0.0,0.0,0.0,0.0,0.0,0.0,0.0,0.0,0.0,0.0,0.0,0.0,0.0,0.0,0.0,0.0,0.8250757318039446,0.9366986548742241,0.0,0.0,0.0,0.0,0.0,0.0,0.0,0.0,0.7654099663800974,0.0,0.0,0.0,0.7688225909150863,0.0,0.0,0.0,0.0,0.0,0.0,0.0,0.0,0.0,0.0,0.0,0.0,0.0,0.0,0.0,0.0,0.0,0.0,0.0,0.0,0.0,0.0,0.0,0.0,0.0,0.0,0.0,0.0
0.8191767544535662,0.7604118765105892,0.0,0.0,0.0,0.8324155788856887,0.0,0.0,0.0,0.0,0.0,0.0,0.0,0.0,0.0,0.0,0.0,0.0,0.0,0.0,0.0,0.0,0.0,0.0,0.0,0.0,0.0,0.0,0.0,0.0,0.0,0.0,0.0,0.0,0.0,0.0,0.0,0.7595026291931622,0.0,0.0,0.0,0.7598051333317895,0.0,0.0,0.0,0.0,0.0,0.0,0.0,0.0,0.0,0.774273193742386,0.0,0.0,0.0,0.0,0.0,0.0,1.0,0.0,0.0,0.8623147504986208,0.0,0.0,0.7737886938795123,0.7620972825638815,0.0,0.0,0.0,0.0,0.0,0.0,0.0,0.0,0.0,0.0,0.0,0.0,0.0,0.0,0.0,0.8522189326119923,0.0,0.0,0.0,0.8877219000208121,0.7696496208335963,0.0,0.0,0.0,0.0,0.0,0.0,0.0,0.0,0.7999381072735682,0.0,0.770425578335102,0.0,0.0,0.0,0.0,0.0,0.0,0.0,0.0,0.0,0.0,0.0,0.0,0.0,0.7606396456316252,0.7594082782192206,0.0,0.0,0.0,0.0,0.7745304731205676,0.0,0.0,0.0,0.0,0.0,0.0,0.0,0.0,0.0,0.8333150433036183,0.0,0.0,0.0,0.0,0.7747538503950167,0.0,0.0,0.0,0.0,0.0,0.0,0.8582416686517851,0.0,0.0,0.8277261353668767,0.0,0.0,0.0,0.0,0.0,0.0,0.0,0.0,0.0,0.0,0.0,0.0,0.0,0.7624266847332427,0.0,0.0,0.0,0.761515075656253,0.0,0.0,0.0,0.0,0.8728882611411166,0.0,0.0,0.0,0.0,0.0,0.0,0.0,0.0,0.0,0.0,0.0,0.0,0.0,0.0,0.0,0.0,0.774740114841965,0.0,0.7744489311265874,0.0,0.7607211590958826,0.0,0.0,0.0,0.0,0.0,0.0,0.0,0.0,0.0,0.0,0.0,0.0,0.7769778873234754
0.0,0.0,0.0,0.0,0.0,0.0,0.0,0.0,0.0,0.0,0.0,0.0,0.0,0.0,0.0,0.0,0.0,0.0,0.0,0.0,0.0,0.0,0.0,0.0,0.0,0.0,0.0,0.0,0.0,0.0,0.0,0.0,0.0,0.7638382826939819,0.0,0.0,0.0,0.0,0.0,0.0,0.0,0.0,0.0,0.0,0.0,0.0,0.0,0.0,0.0,0.0,0.0,0.0,0.7693365982991992,0.0,0.0,0.0,0.0,0.0,0.0,1.0,0.0,0.0,0.0,0.0,0.0,0.0,0.7707687182573536,0.7686868842811162,0.0,0.0,0.0,0.0,0.0,0.0,0.0,0.0,0.0,0.0,0.0,0.7699067518529457,0.0,0.0,0.0,0.0,0.0,0.0,0.0,0.0,0.0,0.0,0.0,0.0,0.0,0.0,0.0,0.0,0.0,0.0,0.7558981554281083,0.0,0.0,0.0,0.0,0.0,0.0,0.0,0.0,0.0,0.0,0.0,0.0,0.0,0.0,0.0,0.0,0.0,0.0,0.0,0.0,0.0,0.0,0.0,0.0,0.0,0.0,0.0,0.0,0.0,0.0,0.0,0.0,0.0,0.0,0.0,0.0,0.0,0.0,0.0,0.0,0.0,0.0,0.0,0.0,0.0,0.0,0.0,0.0,0.0,0.0,0.0,0.0,0.0,0.0,0.0,0.0,0.0,0.0,0.0,0.0,0.0,0.0,0.0,0.0,0.0,0.0,0.0,0.0,0.0,0.0,0.0,0.0,0.0,0.0,0.0,0.0,0.0,0.0,0.0,0.0,0.0,0.0,0.0,0.0,0.0,0.0,0.0,0.0,0.0,0.0,0.0,0.0,0.0,0.0,0.0,0.0,0.0,0.0,0.0,0.7705984649101946,0.0
0.0,0.0,0.0,0.8041795422072332,0.0,0.0,0.0,0.0,0.0,0.0,0.0,0.0,0.8549901983883919,0.0,0.0,0.0,0.0,0.0,0.0,0.0,0.0,0.0,0.0,0.0,0.0,0.0,0.0,0.0,0.0,0.0,0.0,0.0,0.0,0.0,0.0,0.0,0.0,0.0,0.0,0.0,0.0,0.0,0.0,0.0,0.0,0.0,0.0,0.0,0.0,0.0,0.0,0.0,0.0,0.0,0.0,0.0,0.0,0.0,0.0,0.0,1.0,0.0,0.0,0.0,0.0,0.0,0.0,0.0,0.0,0.0,0.0,0.0,0.0,0.0,0.0,0.0,0.0,0.0,0.0,0.0,0.0,0.0,0.0,0.0,0.0,0.0,0.0,0.0,0.0,0.0,0.0,0.8644671851389456,0.0,0.0,0.0,0.0,0.0,0.0,0.0,0.0,0.0,0.0,0.0,0.0,0.0,0.0,0.0,0.0,0.0,0.0,0.0,0.0,0.0,0.0,0.0,0.0,0.0,0.0,0.8774358016213347,0.0,0.0,0.0,0.0,0.0,0.0,0.0,0.0,0.0,0.0,0.0,0.0,0.0,0.0,0.0,0.0,0.0,0.0,0.0,0.0,0.0,0.0,0.0,0.0,0.0,0.0,0.0,0.0,0.0,0.0,0.0,0.0,0.0,0.0,0.0,0.0,0.0,0.0,0.0,0.0,0.0,0.0,0.0,0.0,0.0,0.0,0.0,0.0,0.0,0.0,0.0,0.0,0.0,0.0,0.0,0.0,0.0,0.0,0.0,0.0,0.0,0.0,0.0,0.0,0.0,0.0,0.0,0.0,0.0,0.0,0.0,0.0,0.0,0.7769277412603267,0.0,0.0,0.0,0.0,0.0,0.0,0.0
0.8394583742598518,0.7613520620915328,0.0,0.0,0.0,0.8912825825615741,0.0,0.0,0.0,0.0,0.0,0.0,0.0,0.0,0.0,0.0,0.0,0.0,0.0,0.0,0.0,0.0,0.0,0.0,0.0,0.0,0.0,0.0,0.0,0.0,0.0,0.0,0.0,0.0,0.0,0.0,0.0,0.7604068396863144,0.0,0.0,0.0,0.7607211590958826,0.0,0.0,0.0,0.0,0.0,0.0,0.0,0.0,0.0,0.7759748652243186,0.0,0.0,0.0,0.0,0.0,0.0,0.8623147504986208,0.0,0.0,1.0,0.0,0.0,0.7754554683961049,0.7631079330486368,0.0,0.0,0.0,0.0,0.0,0.0,0.0,0.0,0.0,0.0,0.0,0.0,0.0,0.0,0.0,0.8912455803222596,0.0,0.0,0.0,0.8491123925359109,0.7884804655377756,0.0,0.0,0.0,0.0,0.0,0.0,0.0,0.0,0.8713959799993246,0.0,0.7718690821642983,0.0,0.0,0.0,0.0,0.0,0.0,0.0,0.0,0.0,0.0,0.0,0.0,0.0,0.7615890623187308,0.7603088344114077,0.0,0.0,0.0,0.0,0.7762509725636993,0.0,0.0,0.0,0.0,0.0,0.0,0.0,0.0,0.0,0.8264000317253973,0.0,0.0,0.0,0.0,0.7764908662809205,0.0,0.0,0.0,0.0,0.0,0.0,0.9571926328165192,0.0,0.0,0.8612205703412216,0.0,0.0,0.0,0.0,0.0,0.0,0.0,0.0,0.0,0.0,0.0,0.0,0.0,0.7807144443240273,0.0,0.0,0.0,0.7625008134190723,0.0,0.0,0.0,0.0,0.9546124628585637,0.0,0.0,0.0,0.0,0.0,0.0,0.0,0.0,0.0,0.0,0.0,0.0,0.0,0.0,0.0,0.0,0.7764761105488506,0.0,0.7761634407289325,0.0,0.7616739011036229,0.0,0.0,0.0,0.0,0.0,0.0,0.0,0.0,0.0,0.0,0.0,0.0,0.7788882948389589
0.7640926637999472,0.789201908653112,0.0,0.0,0.0,0.0,0.0,0.0,0.0,0.0,0.0,0.0,0.0,0.0,0.0,0.0,0.0,0.0,0.0,0.0,0.0,0.0,0.0,0.0,0.0,0.9215892451401532,0.0,0.0,0.0,0.0,0.0,0.0,0.0,0.0,0.0,0.0,0.0,0.7884523634430135,0.0,0.0,0.0,0.7887023899866353,0.0,0.0,0.0,0.0,0.0,0.8583035674120126,0.0,0.0,0.0,0.0,0.7643646456212722,0.0,0.0,0.0,0.0,0.0,0.0,0.0,0.0,0.0,1.0,0.0,0.0,0.0,0.0,0.0,0.0,0.0,0.0,0.0,0.0,0.8569898256025598,0.0,0.0,0.0,0.0,0.0,0.0,0.0,0.0,0.0,0.0,0.0,0.0,0.0,0.0,0.0,0.0,0.0,0.0,0.0,0.0,0.0,0.0,0.0,0.0,0.0,0.0,0.0,0.0,0.0,0.7494577898619399,0.0,0.0,0.0,0.0,0.0,0.0,0.0,0.7719342016599297,0.770942139095832,0.0,0.0,0.0,0.0,0.0,0.0,0.0,0.0,0.0,0.0,0.0,0.0,0.0,0.0,0.0,0.0,0.0,0.8863328131356686,0.0,0.0,0.0,0.0,0.0,0.0,0.0,0.7614281713764705,0.0,0.0,0.0,0.0,0.0,0.8829811795711984,0.0,0.0,0.0,0.0,0.0,0.0,0.0,0.0,0.0,0.0,0.0,0.8012531680799607,0.0,0.0,0.0,0.0,0.0,0.0,0.0,0.0,0.0,0.0,0.0,0.0,0.0,0.0,0.0,0.0,0.0,0.0,0.0,0.0,0.0,0.0,0.0,0.0,0.0,0.0,0.0,0.0,0.0,0.7719994974205053,0.0,0.0,0.0,0.0,0.0,0.0,0.0,0.0,0.0,0.0,0.0,0.0,0.0
0.0,0.7526043714377402,0.0,0.0,0.7723784163515017,0.0,0.0,0.0,0.7610914681083987,0.0,0.0,0.0,0.0,0.0,0.788743767462794,0.0,0.0,0.0,0.0,0.0,0.0,0.0,0.8141436346807112,0.0,0.8154733648081913,0.0,0.0,0.0,0.0,0.0,0.7594929348895626,0.0,0.0,0.0,0.0,0.0,0.0,0.7519474543456478,0.0,0.0,0.0,0.7521667624230957,0.0,0.0,0.0,0.0,0.0,0.0,0.0,0.0,0.0,0.0,0.0,0.0,0.0,0.0,0.0,0.0,0.0,0.0,0.0,0.0,0.0,1.0,0.0,0.0,0.0,0.0,0.0,0.0,0.0,0.0,0.0,0.0,0.774150039213709,0.0,0.7874900046740284,0.0,0.8068908816746412,0.0,0.0,0.0,0.0,0.0,0.0,0.0,0.0,0.0,0.0,0.7589065848185216,0.0,0.0,0.0,0.0,0.0,0.0,0.0,0.0,0.0,0.0,0.0,0.8039428746425049,0.7885383765392334,0.7996571309243534,0.0,0.0,0.0,0.0,0.7859626158620809,0.7890548247519976,0.0,0.7527678628343722,0.0,0.8075914414951324,0.7870468185729069,0.0,0.0,0.0,0.0,0.8123535757137997,0.0,0.771644551916513,0.0,0.0,0.7925594937749723,0.0,0.0,0.0,0.0,0.0,0.0,0.0,0.0,0.0,0.0,0.0,0.0,0.8067288638453398,0.7913663042793702,0.0,0.0,0.0,0.0,0.0,0.0,0.0,0.0,0.7766785529913998,0.0,0.7724303620622863,0.7594759793804263,0.7601613341933828,0.0,0.7774109170771125,0.7894187672719051,0.0,0.0,0.0,0.0,0.0,0.0,0.0,0.760944197146367,0.7804553779293074,0.7802487481878091,0.0,0.0,0.0,0.7834383865291954,0.7758307984976874,0.0,0.0,0.0,0.0,0.0,0.9243370075867112,0.0,0.7770130512915265,0.0,0.0,0.7766422195414894,0.0,0.0,0.0,0.0,0.0,0.0,0.0,0.7770885745641942,0.7935987150300191,0.0,0.7582721602656041,0.0,0.0,0.0,0.0,0.0,0.7836130464121434,0.0,0.0
0.7769427742074942,0.7625558726216334,0.0,0.0,0.0,0.7765401169590324,0.0,0.0,0.0,0.0,0.7726959864009112,0.0,0.0,0.8371749547018893,0.0,0.0,0.0,0.7730263153968331,0.0,0.0,0.0,0.7713583401112619,0.0,0.0,0.0,0.0,0.0,0.0,0.0,0.0,0.0,0.7722046931688499,0.0,0.0,0.0,0.7703376911872482,0.0,0.7615626120981652,0.0,0.0,0.0,0.7618926907869409,0.0,0.0,0.0,0.0,0.0,0.0,0.0,0.0,0.7708348216264224,0.955390156882976,0.0,0.0,0.0,0.0,0.0,0.0,0.7737886938795123,0.0,0.0,0.7754554683961049,0.0,0.0,1.0,0.0,0.0,0.0,0.0,0.0,0.0,0.0,0.0,0.0,0.0,0.0,0.0,0.0,0.0,0.0,0.0,0.7748180528767062,0.7708465057810086,0.0,0.0,0.775554673916402,0.0,0.0,0.0,0.0,0.0,0.0,0.7785378684100277,0.0,0.0,0.7756780650909428,0.0,0.0,0.0,0.0,0.0,0.0,0.0,0.0,0.0,0.0,0.0,0.0,0.0,0.0,0.0,0.7628052254129142,0.7614597362232006,0.0,0.0,0.0,0.0,0.8477184078905922,0.0,0.0,0.7716788041625783,0.0,0.0,0.0,0.0,0.0,0.0,0.7747538503950167,0.7739210774004808,0.0,0.0,0.0,0.9285240062278522,0.0,0.0,0.772729659111314,0.0,0.0,0.0,0.7752068838475273,0.0,0.0,0.7745259357954323,0.0,0.0,0.0,0.7962074969800564,0.0,0.0,0.0,0.0,0.0,0.0,0.0,0.0,0.0,0.7647694405662606,0.0,0.0,0.0,0.0,0.0,0.0,0.0,0.0,0.774970064258473,0.0,0.0,0.0,0.0,0.0,0.0,0.0,0.0,0.0,0.0,0.0,0.0,0.0,0.0,0.0,0.0,0.9271917041198194,0.0,0.8624800196196658,0.0,0.7628945165790828,0.7750626589115913,0.0,0.0,0.0,0.0,0.0,0.0,0.0,0.0,0.0,0.0,0.0,0.7814511935932881
0.0,0.0,0.0,0.0,0.0,0.7637511898501931,0.0,0.0,0.0,0.0,0.0,0.0,0.0,0.0,0.0,0.0,0.0,0.0,0.0,0.0,0.0,0.0,0.0,0.0,0.0,0.0,0.0,0.0,0.0,0.0,0.0,0.0,0.0,0.0,0.0,0.0,0.0,0.0,0.0,0.0,0.0,0.0,0.0,0.0,0.0,0.0,0.0,0.0,0.0,0.0,0.0,0.0,0.0,0.0,0.0,0.0,0.0,0.0,0.7620972825638815,0.0,0.0,0.7631079330486368,0.0,0.0,0.0,1.0,0.0,0.0,0.0,0.0,0.0,0.0,0.0,0.0,0.0,0.0,0.0,0.0,0.0,0.0,0.0,0.7627245931842132,0.0,0.0,0.0,0.7631672417645099,0.7615309105888007,0.0,0.0,0.0,0.0,0.0,0.0,0.0,0.0,0.0,0.0,0.0,0.0,0.0,0.0,0.0,0.0,0.0,0.0,0.0,0.0,0.0,0.0,0.0,0.0,0.0,0.0,0.0,0.0,0.0,0.0,0.0,0.0,0.0,0.0,0.0,0.0,0.0,0.0,0.0,0.0,0.0,0.0,0.0,0.0,0.0,0.0,0.0,0.0,0.0,0.0,0.0,0.0,0.7629589018056828,0.0,0.0,0.7625476056266984,0.0,0.0,0.0,0.0,0.0,0.0,0.0,0.0,0.0,0.0,0.0,0.0,0.0,0.0,0.0,0.0,0.0,0.8277746342735104,0.0,0.0,0.0,0.0,0.7628163685354422,0.0,0.0,0.0,0.0,0.0,0.0,0.0,0.0,0.0,0.0,0.0,0.0,0.0,0.0,0.0,0.0,0.0,0.0,0.0,0.0,0.0,0.0,0.0,0.0,0.0,0.0,0.0,0.0,0.0,0.0,0.0,0.0,0.0,0.0
0.0,0.0,0.0,0.0,0.0,0.0,0.0,0.0,0.0,0.0,0.0,0.0,0.0,0.0,0.0,0.0,0.0,0.0,0.0,0.0,0.0,0.0,0.0,0.0,0.0,0.0,0.0,0.0,0.0,0.0,0.0,0.0,0.0,0.0,0.0,0.0,0.0,0.0,0.0,0.0,0.0,0.0,0.0,0.0,0.0,0.0,0.0,0.0,0.0,0.0,0.0,0.0,0.0,0.0,0.0,0.0,0.0,0.0,0.0,0.7707687182573536,0.0,0.0,0.0,0.0,0.0,0.0,1.0,0.0,0.0,0.0,0.0,0.0,0.0,0.0,0.0,0.0,0.0,0.0,0.0,0.0,0.0,0.0,0.0,0.0,0.0,0.0,0.0,0.0,0.0,0.0,0.0,0.0,0.0,0.0,0.0,0.0,0.0,0.0,0.0,0.0,0.0,0.0,0.0,0.0,0.0,0.0,0.0,0.0,0.0,0.0,0.0,0.0,0.0,0.0,0.0,0.0,0.0,0.0,0.7694282415157597,0.0,0.0,0.0,0.0,0.0,0.0,0.0,0.0,0.0,0.0,0.0,0.0,0.0,0.0,0.0,0.0,0.0,0.0,0.0,0.0,0.0,0.0,0.0,0.0,0.0,0.0,0.0,0.0,0.0,0.0,0.0,0.0,0.0,0.0,0.0,0.0,0.0,0.0,0.0,0.0,0.0,0.0,0.0,0.0,0.0,0.0,0.0,0.0,0.0,0.0,0.0,0.0,0.0,0.0,0.0,0.0,0.0,0.0,0.0,0.0,0.0,0.0,0.0,0.0,0.0,0.0,0.0,0.0,0.0,0.0,0.0,0.0,0.0,0.0,0.0,0.0,0.0,0.0,0.0,0.0,0.0
0.0,0.0,0.0,0.0,0.0,0.0,0.0,0.0,0.0,0.0,0.0,0.0,0.0,0.0,0.0,0.0,0.0,0.0,0.0,0.0,0.7807144443240273,0.0,0.0,0.0,0.0,0.0,0.0,0.0,0.0,0.0,0.0,0.0,0.0,0.0,0.0,0.0,0.0,0.0,0.0,0.0,0.0,0.0,0.0,0.0,0.0,0.0,0.0,0.0,0.0,0.0,0.0,0.0,0.0,0.0,0.0,0.0,0.0,0.0,0.0,0.7686868842811162,0.0,0.0,0.0,0.0,0.0,0.0,0.0,1.0,0.0,0.0,0.0,0.0,0.0,0.0,0.0,0.0,0.0,0.0,0.0,0.7770231075000206,0.0,0.0,0.0,0.0,0.0,0.0,0.0,0.0,0.0,0.0,0.0,0.0,0.0,0.0,0.0,0.0,0.0,0.0,0.0,0.0,0.0,0.0,0.0,0.0,0.0,0.0,0.0,0.0,0.0,0.0,0.0,0.0,0.0,0.0,0.0,0.0,0.0,0.0,0.0,0.0,0.0,0.0,0.0,0.0,0.0,0.0,0.0,0.0,0.0,0.0,0.0,0.0,0.0,0.0,0.0,0.0,0.0,0.0,0.0,0.0,0.0,0.0,0.0,0.0,0.0,0.0,0.0,0.7730177887442529,0.0,0.0,0.0,0.0,0.0,0.0,0.0,0.0,0.0,0.0,0.0,0.0,0.0,0.0,0.0,0.0,0.0,0.0,0.0,0.0,0.0,0.0,0.0,0.0,0.789053454265561,0.0,0.0,0.0,0.0,0.0,0.0,0.0,0.0,0.0,0.0,0.0,0.0,0.0,0.0,0.0,0.0,0.0,0.0,0.0,0.780302399626684,0.0,0.0,0.0,0.0,0.0,0.7779561020287118,0.0
0.0,0.0,0.8400355743252983,0.0,0.0,0.0,0.0,0.0,0.0,0.0,0.8406402315086472,0.0,0.0,0.0,0.0,0.0,0.0,0.830842931580069,0.0,0.8947642883949753,0.0,0.8425903850814392,0.0,0.831594280739622,0.0,0.0,0.8470053999815356,0.0,0.0,0.0,0.0,0.8275417762680685,0.0,0.0,0.8406909745516298,0.8614215444551798,0.0,0.0,0.0,0.0,0.0,0.0,0.0,0.8370114647573856,0.0,0.0,0.8368085289744076,0.0,0.0,0.0,0.8626427969960123,0.0,0.0,0.0,0.8283118461437663,0.0,0.0,0.0,0.0,0.0,0.0,0.0,0.0,0.0,0.0,0.0,0.0,0.0,1.0,0.0,0.8603798445325695,0.0,0.8864980905929525,0.0,0.0,0.0,0.0,0.0,0.0,0.0,0.8868188978890571,0.0,0.8595644683046697,0.8445633428232816,0.9588657001225301,0.0,0.0,0.0,0.8587072210395292,0.0,0.0,0.0,0.0,0.0,0.8565153717845682,0.0,0.8399872279986609,0.0,0.0,0.0,0.0,0.0,0.0,0.0,0.0,0.0,0.8283585534948749,0.0,0.0,0.0,0.0,0.0,0.0,0.0,0.0,0.0,0.8242444195980566,0.0,0.0,0.0,0.8360851136831657,0.0,0.8388608203967025,0.0,0.0,0.0,0.8724654569300632,0.0,0.841771712353988,0.0,0.0,0.0,0.0,0.0,0.8229290378414326,0.8423170998090547,0.8566733222647929,0.0,0.0,0.0,0.0,0.0,0.0,0.0,0.0,0.0,0.0,0.0,0.0,0.0,0.0,0.0,0.0,0.0,0.0,0.0,0.0,0.0,0.0,0.0,0.0,0.0,0.0,0.0,0.0,0.0,0.0,0.0,0.0,0.0,0.0,0.0,0.0,0.0,0.8398965772661272,0.0,0.0,0.0,0.0,0.0,0.0,0.8383756006771487,0.0,0.0,0.0,0.0,0.0,0.8371917808177534,0.0,0.0,0.0,0.0,0.0,0.0,0.0,0.8370198240468202,0.0,0.0,0.0,0.0
0.0,0.0,0.0,0.0,0.0,0.0,0.0,0.0,0.0,0.0,0.0,0.8389314762228953,0.0,0.0,0.0,0.0,0.770087260357192,0.0,0.7668733051097097,0.0,0.0,0.0,0.0,0.0,0.0,0.0,0.0,0.0,0.0,0.0,0.0,0.0,0.830889747557001,0.0,0.0,0.0,0.0,0.0,0.0,0.0,0.0,0.0,0.0,0.0,0.0,0.0,0.0,0.0,0.0,0.0,0.0,0.0,0.0,0.0,0.0,0.0,0.0,0.8342222670080423,0.0,0.0,0.0,0.0,0.0,0.0,0.0,0.0,0.0,0.0,0.0,1.0,0.0,0.0,0.0,0.0,0.0,0.0,0.0,0.0,0.0,0.0,0.0,0.0,0.0,0.0,0.0,0.0,0.0,0.0,0.0,0.0,0.0,0.0,0.0,0.8429145118548727,0.0,0.0,0.0,0.0,0.0,0.0,0.8340056846127961,0.0,0.0,0.0,0.0,0.0,0.0,0.0,0.0,0.0,0.0,0.0,0.0,0.0,0.0,0.7860207019576596,0.0,0.0,0.0,0.0,0.0,0.0,0.0,0.0,0.0,0.0,0.0,0.0,0.0,0.0,0.7665681792399338,0.0,0.0,0.0,0.0,0.0,0.0,0.0,0.0,0.0,0.8405235049224828,0.0,0.0,0.0,0.0,0.0,0.0,0.0,0.0,0.0,0.0,0.0,0.0,0.0,0.0,0.0,0.0,0.8289013909411865,0.8391119718354919,0.0,0.0,0.0,0.0,0.0,0.0,0.0,0.0,0.7659026678888685,0.0,0.0,0.0,0.7693915423017277,0.0,0.0,0.0,0.0,0.0,0.0,0.0,0.0,0.0,0.0,0.0,0.0,0.0,0.0,0.0,0.0,0.0,0.0,0.0,0.0,0.0,0.0,0.0,0.0,0.0,0.0,0.0,0.0
0.0,0.0,0.8476648429544953,0.0,0.0,0.0,0.0,0.0,0.0,0.0,0.8434440050948571,0.0,0.0,0.0,0.0,0.0,0.0,0.8390661662999073,0.0,0.8592389025716539,0.0,0.8436705512795921,0.0,0.864965704997743,0.0,0.0,0.855303317963718,0.0,0.0,0.0,0.0,0.8198187740399928,0.0,0.0,0.8509919514778643,0.917867865853365,0.0,0.0,0.0,0.0,0.0,0.0,0.0,0.8453093881130062,0.0,0.0,0.8461907108679819,0.0,0.0,0.0,0.9187644300955727,0.0,0.0,0.0,0.8512516680013581,0.0,0.0,0.0,0.0,0.0,0.0,0.0,0.0,0.0,0.0,0.0,0.0,0.0,0.8603798445325695,0.0,1.0,0.0,0.8787901122898576,0.0,0.0,0.0,0.0,0.0,0.0,0.0,0.8599694586494819,0.0,0.9187756756823672,0.8427446771704707,0.8603835913093508,0.0,0.0,0.0,0.9250047971055594,0.0,0.0,0.0,0.0,0.7658994973419875,0.9357530894545742,0.0,0.846184293477324,0.0,0.0,0.0,0.0,0.0,0.0,0.0,0.0,0.0,0.8265022612727155,0.0,0.0,0.0,0.0,0.0,0.0,0.0,0.0,0.0,0.84553776949887,0.7715140342888706,0.0,0.0,0.8576960246060142,0.0,0.8461421607537333,0.0,0.0,0.0,0.8771511482899806,0.0,0.8459009198695584,0.0,0.0,0.0,0.0,0.0,0.8680950081483564,0.8509734969859967,0.9329538141236151,0.0,0.0,0.0,0.0,0.0,0.0,0.0,0.0,0.0,0.0,0.0,0.0,0.0,0.0,0.0,0.0,0.0,0.0,0.0,0.0,0.0,0.0,0.0,0.0,0.0,0.0,0.0,0.0,0.0,0.0,0.0,0.0,0.0,0.0,0.0,0.0,0.0,0.8525342033106328,0.0,0.0,0.0,0.0,0.0,0.0,0.8443549214461756,0.0,0.0,0.0,0.0,0.0,0.8440051986188672,0.0,0.0,0.0,0.0,0.0,0.0,0.0,0.8549537666526552,0.0,0.0,0.0,0.0
0.0,0.0,0.0,0.0,0.0,0.0,0.8262712390057921,0.7753472787037186,0.7705714897801335,0.7734565308059494,0.0,0.0,0.0,0.0,0.0,0.0,0.0,0.0,0.0,0.0,0.7743766792809517,0.0,0.0,0.0,0.0,0.0,0.0,0.0,0.0,0.0,0.0,0.0,0.0,0.0,0.0,0.0,0.0,0.0,0.0,0.7559627787159079,0.0,0.0,0.7768152898861019,0.0,0.0,0.762705171030274,0.0,0.0,0.0,0.0,0.0,0.0,0.7708776912615702,0.7786505322281114,0.0,0.0,0.7974768737351169,0.0,0.0,0.0,0.0,0.0,0.0,0.0,0.0,0.0,0.0,0.0,0.0,0.0,0.0,1.0,0.0,0.0,0.0,0.0,0.0,0.0,0.0,0.0,0.0,0.0,0.0,0.0,0.0,0.0,0.0,0.0,0.0,0.0,0.77844171293635,0.0,0.0,0.0,0.0,0.0,0.0,0.0,0.0,0.7730561824037986,0.0,0.0,0.0,0.0,0.0,0.7665681792399338,0.0,0.0,0.0,0.0,0.0,0.0,0.0,0.0,0.0,0.0,0.0,0.0,0.0,0.0,0.0,0.0,0.0,0.0,0.0,0.0,0.0,0.0,0.0,0.0,0.0,0.0,0.0,0.0,0.0,0.0,0.0,0.0,0.0,0.0,0.0,0.8288768896299973,0.0,0.0,0.0,0.0,0.0,0.0,0.0,0.0,0.0,0.0,0.0,0.0,0.0,0.7703796841433431,0.0,0.0,0.0,0.0,0.0,0.7784683846894522,0.0,0.0,0.0,0.0,0.7913693144785189,0.0,0.0,0.0,0.0,0.0,0.0,0.0,0.0,0.0,0.0,0.0,0.7637396014453481,0.0,0.0,0.0,0.0,0.0,0.0,0.0,0.0,0.0,0.0,0.0,0.763554948190465,0.0,0.7740586392620731,0.774735538055433,0.8055564662195025,0.0,0.0,0.0,0.0,0.0
0.0,0.0,0.8764628484370187,0.0,0.0,0.0,0.0,0.0,0.0,0.0,0.8508655435180841,0.0,0.0,0.0,0.0,0.0,0.0,0.8684593722538592,0.0,0.9063712716454854,0.0,0.8646444627494092,0.0,0.8780784533331952,0.0,0.0,0.8511763591615942,0.0,0.0,0.0,0.0,0.8262086262051285,0.0,0.0,0.8509198838962367,0.8579522964931275,0.0,0.0,0.0,0.0,0.0,0.0,0.0,0.8703111047364298,0.0,0.0,0.8579271320212122,0.0,0.0,0.0,0.8584554784228339,0.0,0.0,0.0,0.8704615898319334,0.0,0.0,0.0,0.0,0.0,0.0,0.0,0.0,0.0,0.0,0.0,0.0,0.0,0.8864980905929525,0.0,0.8787901122898576,0.0,1.0,0.0,0.0,0.0,0.0,0.0,0.0,0.0,0.8966031176106116,0.0,0.8593469443729901,0.8460569438334016,0.8902832200904424,0.0,0.0,0.0,0.8633492794416306,0.0,0.0,0.0,0.0,0.0,0.8831290067208778,0.0,0.846771764702816,0.0,0.0,0.0,0.0,0.0,0.0,0.0,0.0,0.0,0.8442145595672238,0.0,0.0,0.0,0.0,0.0,0.0,0.0,0.0,0.0,0.8636479552259662,0.0,0.0,0.0,0.8737659727684258,0.0,0.8495563183402935,0.0,0.0,0.0,0.912666439495874,0.0,0.8544736962923696,0.0,0.766170504319809,0.0,0.0,0.0,0.8798464028851204,0.8468844466790245,0.8622642955762837,0.0,0.0,0.0,0.0,0.0,0.0,0.0,0.0,0.0,0.0,0.0,0.0,0.0,0.0,0.0,0.0,0.0,0.0,0.0,0.0,0.0,0.0,0.0,0.0,0.0,0.0,0.0,0.0,0.0,0.0,0.0,0.0,0.0,0.0,0.0,0.0,0.0,0.8434764153355858,0.0,0.0,0.0,0.0,0.0,0.0,0.8661615736172846,0.0,0.0,0.834989308182814,0.0,0.0,0.8444836617736252,0.0,0.0,0.0,0.0,0.0,0.0,0.0,0.8341557749474178,0.0,0.0,0.0,0.0
0.0,0.7900112528675753,0.0,0.0,0.0,0.0,0.0,0.0,0.0,0.0,0.0,0.0,0.0,0.0,0.7682370751395285,0.0,0.0,0.0,0.0,0.0,0.0,0.0,0.0,0.0,0.0,0.8445810915736202,0.0,0.0,0.0,0.0,0.0,0.0,0.0,0.0,0.0,0.0,0.0,0.781946797736111,0.0,0.0,0.0,0.7822025679510117,0.0,0.0,0.0,0.0,0.0,0.8659133119072848,0.0,0.0,0.0,0.0,0.0,0.0,0.0,0.0,0.0,0.0,0.0,0.0,0.0,0.0,0.8569898256025598,0.0,0.0,0.0,0.0,0.0,0.0,0.0,0.0,0.0,0.0,1.0,0.0,0.0,0.7499343795263677,0.0,0.0,0.0,0.0,0.0,0.0,0.0,0.0,0.0,0.779914187469114,0.0,0.0,0.0,0.0,0.0,0.0,0.0,0.0,0.0,0.0,0.0,0.0,0.0,0.0,0.0,0.0,0.7500753660520529,0.0,0.0,0.0,0.0,0.0,0.0,0.0,0.7902043397618187,0.0,0.0,0.0,0.7611459565372977,0.0,0.0,0.0,0.0,0.0,0.0,0.0,0.0,0.0,0.0,0.0,0.0,0.0,0.0,0.8437960541374391,0.0,0.0,0.0,0.0,0.0,0.0,0.0,0.0,0.0,0.0,0.0,0.0,0.0,0.853597032237533,0.0,0.0,0.0,0.0,0.0,0.0,0.0,0.0,0.7642578487687669,0.7519615416617369,0.0,0.7974266811846531,0.0,0.0,0.0,0.0,0.0,0.0,0.0,0.0,0.0,0.0,0.0,0.0,0.7624376522188556,0.0,0.0,0.0,0.0,0.0,0.0,0.0,0.0,0.0,0.0,0.0,0.0,0.0,0.0,0.0,0.0,0.7829734927800853,0.0,0.0,0.0,0.0,0.0,0.0,0.0,0.0,0.0,0.7634459826157368,0.0,0.0,0.0
0.0,0.0,0.0,0.0,0.8531295872198046,0.0,0.0,0.0,0.7691870555815914,0.0,0.0,0.0,0.0,0.0,0.7703605873549301,0.7849016727159436,0.0,0.0,0.0,0.0,0.0,0.0,0.7943063727633649,0.0,0.7857927781535679,0.0,0.0,0.0,0.0,0.0,0.0,0.0,0.0,0.0,0.0,0.0,0.0,0.757144100804869,0.0,0.0,0.7848184693543553,0.0,0.0,0.0,0.0,0.0,0.0,0.0,0.7657415031540772,0.0,0.0,0.0,0.0,0.0,0.0,0.0,0.0,0.0,0.0,0.0,0.0,0.0,0.0,0.774150039213709,0.0,0.0,0.0,0.0,0.0,0.0,0.0,0.0,0.0,0.0,1.0,0.7844679710489704,0.7790171494786834,0.0,0.7881473191245882,0.0,0.0,0.0,0.0,0.0,0.0,0.0,0.0,0.7693805434517322,0.0,0.7661737109664926,0.0,0.0,0.0,0.0,0.0,0.0,0.0,0.0,0.0,0.0,0.0,0.7921879896761288,0.0,0.7791759773635201,0.0,0.0,0.0,0.0,0.7839960275040676,0.7698767983217427,0.0,0.0,0.0,0.7964150772609907,0.7853372890144528,0.0,0.0,0.0,0.0,0.7946730739838336,0.0,0.8436838559454248,0.0,0.0,0.7523737907306013,0.0,0.0,0.0,0.0,0.0,0.0,0.0,0.0,0.7700005977111563,0.0,0.0,0.0,0.7566232148966022,0.7808200217295035,0.0,0.0,0.0,0.0,0.7701288182929609,0.0,0.0,0.0,0.8020667467365085,0.0,0.7786828179392887,0.7842911957109426,0.7955931658403633,0.0,0.7853396457286222,0.802958245956309,0.0,0.0,0.0,0.0,0.0,0.0,0.0,0.7863684458648307,0.0,0.7989892690633791,0.0,0.0,0.0,0.7473503072062088,0.8008875061080334,0.7645197556208387,0.0,0.0,0.7666760054768016,0.0,0.7908967144238415,0.0,0.0,0.0,0.7671556229793048,0.7887470156946033,0.0,0.0,0.0,0.0,0.0,0.0,0.0,0.7949992246600704,0.7761925829247096,0.0,0.0,0.0,0.0,0.0,0.0,0.0,0.8912876998763225,0.0,0.0
0.0,0.0,0.0,0.0,0.7921025667708265,0.0,0.0,0.0,0.8273003800948399,0.0,0.0,0.0,0.0,0.0,0.7900583126296175,0.9256995627702411,0.0,0.0,0.0,0.0,0.0,0.0,0.7734804163266905,0.0,0.7534296809334229,0.0,0.0,0.0,0.0,0.0,0.0,0.0,0.0,0.0,0.0,0.0,0.0,0.0,0.0,0.0,0.8536938123331709,0.0,0.0,0.0,0.0,0.0,0.0,0.0,0.8379195515913449,0.0,0.0,0.0,0.0,0.0,0.0,0.0,0.0,0.0,0.0,0.0,0.0,0.0,0.0,0.0,0.0,0.0,0.0,0.0,0.0,0.0,0.0,0.0,0.0,0.0,0.7844679710489704,1.0,0.7539375890564097,0.0,0.0,0.0,0.0,0.0,0.0,0.0,0.0,0.0,0.0,0.8562264882637483,0.0,0.8110805020833435,0.0,0.0,0.0,0.0,0.0,0.0,0.0,0.0,0.0,0.0,0.0,0.0,0.0,0.0,0.0,0.0,0.0,0.0,0.7592302779670537,0.7744579777931713,0.0,0.0,0.0,0.0,0.7606752733835376,0.7679469960382351,0.0,0.0,0.0,0.0,0.0,0.7807349375157576,0.0,0.8283118461437663,0.0,0.0,0.0,0.0,0.0,0.0,0.0,0.0,0.0,0.8558266155274742,0.0,0.0,0.0,0.7591465515646868,0.0,0.0,0.0,0.0,0.0,0.8626833097649111,0.0,0.0,0.0,0.8062680972286614,0.0,0.0,0.8697502917160649,0.8565556890912319,0.0,0.7721758604998412,0.7734630426983788,0.0,0.0,0.0,0.0,0.0,0.0,0.0,0.8439768534658992,0.752218348821572,0.76131802300789,0.0,0.0,0.765282952810293,0.7490217631904574,0.7974451310609371,0.8521580187664793,0.0,0.0,0.9184058799519471,0.0,0.0,0.0,0.8590924083152184,0.0,0.8657098921705505,0.7565225378677843,0.0,0.0,0.0,0.0,0.0,0.0,0.0,0.7742216164739613,0.0,0.0,0.0,0.0,0.0,0.0,0.0,0.8354048978756456,0.7660553501473469,0.0,0.0
0.0,0.7651904415662842,0.0,0.0,0.7504902463386512,0.0,0.0,0.0,0.0,0.0,0.0,0.0,0.0,0.0,0.8564482622253736,0.0,0.753041054769341,0.0,0.0,0.0,0.0,0.0,0.793963054086679,0.0,0.7953498535811422,0.7498617869119322,0.0,0.0,0.0,0.0,0.0,0.0,0.0,0.0,0.0,0.0,0.0,0.7477236339904031,0.0,0.0,0.0,0.7479066313512647,0.0,0.0,0.0,0.0,0.0,0.7527860988884088,0.7875792981122328,0.0,0.0,0.0,0.0,0.0,0.0,0.0,0.0,0.0,0.0,0.0,0.0,0.0,0.0,0.7874900046740284,0.0,0.0,0.0,0.0,0.0,0.0,0.0,0.0,0.0,0.7499343795263677,0.7790171494786834,0.7539375890564097,1.0,0.0,0.7896976830078895,0.0,0.0,0.7542015207553336,0.0,0.0,0.0,0.0,0.0,0.0,0.0,0.7704236643293911,0.0,0.0,0.0,0.0,0.0,0.0,0.0,0.0,0.0,0.0,0.0,0.7981434887228278,0.7790039604745986,0.7958249177754377,0.0,0.0,0.0,0.0,0.774387202582541,0.7827349905778287,0.0,0.7484067910219525,0.0,0.798579222039429,0.7752832201372476,0.0,0.0,0.0,0.0,0.7976492770653816,0.0,0.7769561446456813,0.0,0.7528719982047308,0.7926530773174743,0.0,0.0,0.0,0.0,0.0,0.7512587750106217,0.0,0.0,0.7555489303719773,0.0,0.0,0.0,0.7872000166451529,0.7946041466684945,0.0,0.0,0.0,0.0,0.7727044001774254,0.7522950479804901,0.0,0.0,0.75386108302902,0.0,0.7848565691949941,0.753838179584859,0.7714340655193779,0.0,0.7714820149431241,0.7853806888240615,0.0,0.0,0.0,0.0,0.0,0.0,0.0,0.0,0.7944862297385746,0.7655954988836193,0.0,0.0,0.0,0.7978615593621591,0.7876529865281027,0.7795525147194602,0.0,0.0,0.0,0.0,0.795563608032176,0.0,0.7886073230882554,0.0,0.781155409282042,0.8057230100093025,0.0,0.0,0.0,0.0,0.0,0.7484552769156353,0.0,0.8083829883885317,0.7759893190869421,0.0,0.0,0.0,0.0,0.0,0.0,0.7538840087617766,0.7784292761188301,0.0,0.0
0.0,0.0,0.0,0.0,0.0,0.0,0.0,0.0,0.0,0.0,0.0,0.0,0.0,0.0,0.0,0.0,0.0,0.0,0.0,0.0,0.0,0.0,0.0,0.0,0.0,0.0,0.0,0.0,0.0,0.0,0.0,0.0,0.0,0.0,0.0,0.0,0.0,0.0,0.0,0.0,0.7931395337315935,0.0,0.0,0.0,0.0,0.0,0.0,0.0,0.7732189650191984,0.0,0.0,0.0,0.0,0.0,0.0,0.0,0.0,0.0,0.0,0.0,0.0,0.0,0.0,0.0,0.0,0.0,0.0,0.0,0.0,0.0,0.0,0.0,0.0,0.0,0.0,0.0,0.0,1.0,0.0,0.0,0.0,0.0,0.0,0.0,0.0,0.0,0.0,0.7783300098293148,0.0,0.0,0.0,0.0,0.0,0.0,0.0,0.0,0.0,0.0,0.0,0.0,0.0,0.0,0.0,0.0,0.0,0.0,0.0,0.0,0.0,0.0,0.0,0.0,0.0,0.0,0.0,0.0,0.0,0.0,0.0,0.0,0.0,0.0,0.0,0.7726120094936728,0.0,0.0,0.0,0.0,0.0,0.0,0.0,0.0,0.0,0.7792328225017067,0.0,0.0,0.0,0.0,0.0,0.0,0.0,0.0,0.0,0.7794208034815372,0.0,0.0,0.0,0.0,0.0,0.0,0.0,0.7762023047758202,0.0,0.0,0.0,0.0,0.0,0.0,0.0,0.0,0.0,0.0,0.0,0.0,0.0,0.0,0.0,0.0,0.0,0.0,0.7890123750528663,0.0,0.0,0.0,0.0,0.0,0.9591890945331669,0.7755641432751215,0.0,0.0,0.0,0.0,0.0,0.0,0.0,0.0,0.0,0.0,0.0,0.0,0.0,0.0,0.0,0.0,0.0,0.0,0.0,0.0,0.0,0.0
0.0,0.7667465178877033,0.0,0.0,0.7793026851547005,0.0,0.0,0.0,0.7742799293251339,0.0,0.0,0.0,0.0,0.0,0.7982109030405087,0.0,0.7549194703136809,0.0,0.0,0.0,0.0,0.0,0.8737990555570964,0.0,0.8733367929169307,0.0,0.0,0.0,0.0,0.0,0.0,0.0,0.0,0.0,0.0,0.0,0.0,0.7492089809533741,0.0,0.0,0.7561051552435519,0.7494040250256261,0.0,0.0,0.0,0.0,0.0,0.0,0.0,0.0,0.0,0.0,0.0,0.0,0.0,0.0,0.0,0.0,0.0,0.0,0.0,0.0,0.0,0.8068908816746412,0.0,0.0,0.0,0.0,0.0,0.0,0.0,0.0,0.0,0.0,0.7881473191245882,0.0,0.7896976830078895,0.0,1.0,0.0,0.0,0.0,0.0,0.0,0.0,0.0,0.0,0.7572761342764186,0.0,0.7825429053740498,0.0,0.0,0.0,0.0,0.0,0.0,0.0,0.0,0.0,0.0,0.0,0.8695476734446181,0.7860148871628335,0.8451798451191554,0.0,0.0,0.0,0.0,0.7759059265469919,0.7849028303077814,0.0,0.7499376110897867,0.0,0.8727407848886508,0.789768401096538,0.0,0.0,0.0,0.0,0.8713505101856671,0.0,0.78591009373141,0.0,0.0,0.7854487734039719,0.7581756936999988,0.0,0.0,0.0,0.0,0.0,0.0,0.0,0.774779052498991,0.0,0.0,0.0,0.7887405196589915,0.785409270801473,0.0,0.0,0.0,0.0,0.774857116174325,0.0,0.0,0.0,0.7830742752255899,0.0,0.7793487569694164,0.7557839345043398,0.7563691359433865,0.0,0.7910143910755273,0.8168907558044249,0.0,0.0,0.0,0.0,0.0,0.0,0.0,0.7741522728005746,0.7709884656493592,0.7772792637831499,0.0,0.0,0.0,0.7685992025818155,0.7896316560286631,0.754236418649215,0.0,0.0,0.0,0.0,0.8063305099188619,0.0,0.0,0.0,0.7559127323384047,0.8047159012149487,0.0,0.0,0.0,0.0,0.0,0.0,0.0,0.807611880958106,0.777615326499064,0.0,0.0,0.0,0.0,0.0,0.0,0.0,0.7700948110096246,0.0,0.0
0.0,0.0,0.0,0.772763378841934,0.0,0.0,0.0,0.0,0.0,0.0,0.0,0.0,0.0,0.0,0.0,0.0,0.0,0.0,0.0,0.0,0.0,0.0,0.0,0.0,0.0,0.0,0.0,0.0,0.0,0.0,0.0,0.0,0.0,0.0,0.0,0.0,0.0,0.0,0.0,0.0,0.0,0.0,0.0,0.0,0.0,0.0,0.0,0.0,0.0,0.0,0.0,0.0,0.0,0.0,0.0,0.0,0.0,0.0,0.0,0.7699067518529457,0.0,0.0,0.0,0.0,0.0,0.0,0.0,0.7770231075000206,0.0,0.0,0.0,0.0,0.0,0.0,0.0,0.0,0.0,0.0,0.0,1.0,0.0,0.0,0.0,0.0,0.0,0.0,0.0,0.0,0.0,0.0,0.0,0.0,0.0,0.0,0.0,0.0,0.0,0.0,0.0,0.0,0.0,0.0,0.0,0.0,0.0,0.0,0.0,0.0,0.0,0.0,0.0,0.0,0.0,0.0,0.0,0.0,0.0,0.0,0.0,0.0,0.0,0.0,0.0,0.0,0.0,0.0,0.0,0.0,0.0,0.0,0.0,0.0,0.0,0.0,0.0,0.0,0.0,0.0,0.0,0.0,0.0,0.0,0.0,0.0,0.0,0.0,0.0,0.0,0.0,0.0,0.0,0.0,0.0,0.0,0.0,0.0,0.0,0.0,0.0,0.0,0.0,0.0,0.0,0.0,0.0,0.0,0.0,0.0,0.0,0.0,0.0,0.0,0.0,0.0,0.0,0.0,0.0,0.0,0.0,0.0,0.0,0.0,0.0,0.0,0.0,0.0,0.0,0.0,0.0,0.0,0.0,0.0,0.0,0.0,0.0,0.0,0.0,0.0,0.8213201514552627,0.0
0.0,0.0,0.8524772080901388,0.0,0.0,0.0,0.0,0.0,0.0,0.0,0.8528897704497272,0.0,0.0,0.0,0.0,0.0,0.0,0.8435611624802639,0.0,0.8824960091295797,0.0,0.8496036666116921,0.0,0.8378542818609906,0.0,0.0,0.854164314264178,0.0,0.0,0.0,0.0,0.8227786681721885,0.0,0.0,0.8460507988326953,0.8623532458669445,0.0,0.0,0.0,0.0,0.0,0.0,0.0,0.8515225755197441,0.0,0.0,0.8547794495031549,0.0,0.0,0.0,0.8614101172898848,0.0,0.0,0.0,0.840558239796398,0.0,0.0,0.0,0.0,0.0,0.0,0.0,0.0,0.0,0.0,0.0,0.0,0.0,0.8868188978890571,0.0,0.8599694586494819,0.0,0.8966031176106116,0.0,0.0,0.0,0.0,0.0,0.0,0.0,1.0,0.0,0.8614205998774517,0.8453062144529778,0.8877612567630931,0.0,0.0,0.0,0.859171388791104,0.0,0.0,0.0,0.0,0.0,0.8602386371494504,0.0,0.8539249459427739,0.0,0.0,0.0,0.0,0.0,0.0,0.0,0.0,0.0,0.8406021811818221,0.0,0.0,0.0,0.0,0.0,0.0,0.0,0.0,0.0,0.8370697367957384,0.77133050113344,0.0,0.0,0.843789832406215,0.0,0.8402273888422358,0.0,0.0,0.0,0.8839855333875484,0.0,0.8483304928519201,0.0,0.0,0.0,0.0,0.0,0.8468395033254982,0.8460325642712193,0.8596468051433535,0.0,0.0,0.0,0.0,0.0,0.0,0.0,0.0,0.0,0.7713782447984623,0.0,0.0,0.0,0.0,0.0,0.0,0.0,0.0,0.0,0.0,0.0,0.0,0.0,0.0,0.0,0.0,0.0,0.0,0.0,0.0,0.0,0.0,0.0,0.0,0.0,0.0,0.0,0.8444741372974433,0.0,0.0,0.0,0.0,0.0,0.0,0.8441901883299785,0.0,0.0,0.0,0.0,0.0,0.8480310811775038,0.0,0.0,0.0,0.0,0.0,0.0,0.0,0.8303678736871707,0.0,0.0,0.0,0.0
0.8498290860622361,0.7609957673728409,0.0,0.0,0.0,0.9360344131675642,0.0,0.0,0.0,0.0,0.0,0.0,0.0,0.0,0.0,0.0,0.0,0.0,0.0,0.0,0.0,0.0,0.0,0.0,0.0,0.0,0.0,0.0,0.0,0.0,0.0,0.0,0.0,0.0,0.0,0.0,0.0,0.7600643344235477,0.0,0.0,0.0,0.7603741263264198,0.0,0.0,0.0,0.0,0.0,0.0,0.0,0.0,0.0,0.7753238229913936,0.0,0.0,0.0,0.0,0.0,0.0,0.8522189326119923,0.0,0.0,0.8912455803222596,0.0,0.0,0.7748180528767062,0.7627245931842132,0.0,0.0,0.0,0.0,0.0,0.0,0.0,0.0,0.0,0.0,0.7542015207553336,0.0,0.0,0.0,0.0,1.0,0.0,0.0,0.0,0.8297049678768867,0.7879362103706852,0.0,0.0,0.0,0.0,0.0,0.0,0.0,0.0,0.8470240951970257,0.0,0.7887592003777218,0.0,0.0,0.0,0.0,0.0,0.0,0.0,0.0,0.0,0.0,0.0,0.0,0.0,0.7612292272857744,0.7599677291760445,0.0,0.0,0.0,0.0,0.7755925735699087,0.0,0.0,0.0,0.0,0.0,0.0,0.0,0.0,0.0,0.8567062048479217,0.0,0.0,0.783698861853197,0.0,0.7758260109849549,0.0,0.0,0.0,0.0,0.0,0.0,0.8852773611310644,0.0,0.0,0.883723862011648,0.0,0.0,0.0,0.0,0.0,0.0,0.0,0.0,0.0,0.0,0.0,0.0,0.0,0.7630628442526232,0.0,0.0,0.0,0.7621270406853721,0.0,0.0,0.0,0.0,0.9043943092194254,0.0,0.0,0.0,0.0,0.0,0.0,0.0,0.0,0.0,0.0,0.0,0.0,0.0,0.0,0.0,0.0,0.7758116541164365,0.0,0.7755073825413832,0.0,0.7613127905456333,0.0,0.0,0.0,0.0,0.0,0.0,0.0,0.0,0.0,0.0,0.0,0.0,0.7781555063431608
0.0,0.0,0.8447765822633777,0.0,0.0,0.0,0.0,0.0,0.0,0.0,0.843433048240796,0.0,0.0,0.0,0.0,0.0,0.0,0.8437194171315299,0.0,0.8592274798640056,0.0,0.8436600523365948,0.0,0.8380156116282759,0.0,0.0,0.8477041062532967,0.0,0.0,0.0,0.0,0.8257307067709115,0.0,0.0,0.8625528672549451,0.9395625706652552,0.0,0.0,0.0,0.0,0.0,0.0,0.0,0.8452976288135594,0.0,0.0,0.8351855084470431,0.0,0.0,0.0,0.9539746094650436,0.7712749194514599,0.0,0.0,0.8354670062602264,0.0,0.0,0.0,0.0,0.0,0.0,0.0,0.0,0.0,0.7708465057810086,0.0,0.0,0.0,0.8595644683046697,0.0,0.9187756756823672,0.0,0.8593469443729901,0.0,0.0,0.0,0.0,0.0,0.0,0.0,0.8614205998774517,0.0,1.0,0.8454591696053959,0.8603723525450239,0.0,0.0,0.0,0.9259915047905457,0.0,0.0,0.0,0.0,0.0,0.9217889073373733,0.0,0.8398218965518475,0.0,0.0,0.0,0.0,0.0,0.0,0.0,0.0,0.0,0.8290363619912681,0.0,0.0,0.0,0.0,0.0,0.0,0.0,0.0,0.0,0.8372375063281962,0.7715020220503234,0.0,0.0,0.8361458594122728,0.0,0.8461311806404189,0.0,0.0,0.0,0.8560697654474712,0.0,0.8430194287320566,0.0,0.0,0.0,0.7716989752924315,0.0,0.8318486246722773,0.8461897940025315,0.9256837240351926,0.0,0.0,0.0,0.0,0.0,0.0,0.0,0.0,0.0,0.0,0.0,0.0,0.0,0.0,0.0,0.0,0.0,0.0,0.0,0.0,0.0,0.0,0.0,0.0,0.0,0.0,0.0,0.0,0.0,0.0,0.0,0.0,0.0,0.0,0.0,0.0,0.0,0.8488576694144357,0.0,0.0,0.0,0.0,0.0,0.0,0.8346850972991114,0.7716868705899832,0.0,0.7714300740356134,0.0,0.0,0.8439933844361707,0.0,0.0,0.0,0.0,0.0,0.0,0.0,0.8438324521113132,0.0,0.0,0.0,0.0
0.0,0.0,0.8599192451877846,0.0,0.0,0.0,0.0,0.0,0.0,0.0,0.8560084703191689,0.0,0.0,0.0,0.0,0.0,0.0,0.8590333250663991,0.0,0.850287805376911,0.0,0.8566217941344278,0.0,0.8579961273269261,0.0,0.0,0.8691330341723438,0.0,0.0,0.0,0.0,0.8336993704545127,0.0,0.0,0.8361826755018668,0.8486400440477065,0.0,0.0,0.0,0.0,0.0,0.0,0.0,0.8579726915882533,0.0,0.0,0.851260990656885,0.0,0.0,0.0,0.8479331441451113,0.0,0.0,0.0,0.8645523728786976,0.0,0.0,0.0,0.0,0.0,0.0,0.0,0.0,0.0,0.0,0.0,0.0,0.0,0.8445633428232816,0.0,0.8427446771704707,0.0,0.8460569438334016,0.0,0.0,0.0,0.0,0.0,0.0,0.0,0.8453062144529778,0.0,0.8454591696053959,1.0,0.849788355616147,0.0,0.0,0.0,0.8427055753008521,0.0,0.0,0.0,0.0,0.0,0.8486365242240411,0.0,0.8531509726961359,0.0,0.0,0.0,0.0,0.0,0.0,0.0,0.0,0.0,0.8615866683213698,0.0,0.0,0.0,0.0,0.0,0.0,0.0,0.0,0.0,0.8591525912376403,0.0,0.0,0.0,0.8462191494761933,0.0,0.831956555121347,0.0,0.0,0.0,0.8396945093267948,0.0,0.8580601975587944,0.0,0.0,0.0,0.0,0.0,0.8578286678155297,0.8604429481426846,0.8424159041119259,0.0,0.0,0.0,0.0,0.0,0.0,0.0,0.0,0.0,0.0,0.0,0.0,0.0,0.0,0.0,0.0,0.0,0.0,0.0,0.0,0.0,0.0,0.0,0.0,0.0,0.0,0.0,0.0,0.0,0.0,0.0,0.0,0.0,0.0,0.0,0.0,0.0,0.8588423597493584,0.0,0.0,0.0,0.0,0.0,0.0,0.8582195336528586,0.0,0.0,0.0,0.0,0.0,0.8590900276082082,0.0,0.0,0.0,0.0,0.0,0.0,0.0,0.8290134681424932,0.0,0.0,0.0,0.0
0.0,0.0,0.8400399298652904,0.0,0.0,0.0,0.0,0.0,0.0,0.0,0.8438441944039989,0.0,0.0,0.0,0.0,0.0,0.0,0.8331821419004571,0.0,0.8985302170776042,0.0,0.8504498425899576,0.0,0.8417107173248147,0.0,0.0,0.8496175278596493,0.0,0.0,0.0,0.0,0.8300937734943875,0.0,0.0,0.8493755999547637,0.8582518635169958,0.0,0.0,0.0,0.0,0.0,0.0,0.0,0.8426408295412283,0.0,0.0,0.8399973733438632,0.0,0.0,0.0,0.8595569864467185,0.0,0.0,0.0,0.8332016960364053,0.0,0.0,0.0,0.0,0.0,0.0,0.0,0.0,0.0,0.0,0.0,0.0,0.0,0.9588657001225301,0.0,0.8603835913093508,0.0,0.8902832200904424,0.0,0.0,0.0,0.0,0.0,0.0,0.0,0.8877612567630931,0.0,0.8603723525450239,0.849788355616147,1.0,0.0,0.0,0.0,0.8569808642028821,0.0,0.0,0.0,0.0,0.0,0.8590750829918148,0.0,0.8414569185786284,0.0,0.0,0.0,0.0,0.0,0.0,0.0,0.0,0.0,0.8309131872376728,0.0,0.0,0.0,0.0,0.0,0.0,0.0,0.0,0.0,0.8351001598901386,0.0,0.0,0.0,0.8413417978209368,0.0,0.8438128932355603,0.0,0.0,0.0,0.8768184991519427,0.0,0.8449801546229485,0.0,0.0,0.0,0.0,0.0,0.8379235693881205,0.8467485142210266,0.857554823166904,0.0,0.0,0.0,0.0,0.0,0.0,0.0,0.0,0.0,0.0,0.0,0.0,0.0,0.0,0.0,0.0,0.0,0.0,0.0,0.0,0.0,0.0,0.0,0.0,0.0,0.0,0.0,0.0,0.0,0.0,0.0,0.0,0.0,0.0,0.0,0.0,0.0,0.8467375915624141,0.0,0.0,0.0,0.0,0.0,0.0,0.8433247396318553,0.0,0.0,0.0,0.0,0.0,0.8460307415065741,0.0,0.0,0.0,0.0,0.0,0.0,0.0,0.8325255466747803,0.0,0.0,0.0,0.0
0.8103306451477752,0.7614071513837087,0.0,0.0,0.0,0.8282574605424272,0.0,0.0,0.0,0.0,0.0,0.0,0.0,0.0,0.0,0.0,0.0,0.0,0.0,0.0,0.0,0.0,0.0,0.0,0.0,0.0,0.0,0.0,0.0,0.0,0.0,0.0,0.0,0.0,0.0,0.0,0.0,0.7604597796628595,0.0,0.0,0.0,0.7607748046079911,0.0,0.0,0.0,0.0,0.0,0.0,0.0,0.0,0.0,0.7760762236435026,0.0,0.0,0.0,0.0,0.0,0.0,0.8877219000208121,0.0,0.0,0.8491123925359109,0.0,0.0,0.775554673916402,0.7631672417645099,0.0,0.0,0.0,0.0,0.0,0.0,0.0,0.0,0.0,0.0,0.0,0.0,0.0,0.0,0.0,0.8297049678768867,0.0,0.0,0.0,1.0,0.7711286390717886,0.0,0.0,0.0,0.0,0.0,0.0,0.0,0.0,0.8091129147664154,0.0,0.771954587606286,0.0,0.0,0.0,0.0,0.0,0.0,0.0,0.0,0.0,0.0,0.0,0.0,0.0,0.7616447036493106,0.7603615562472845,0.0,0.0,0.0,0.0,0.7763534938409623,0.0,0.0,0.0,0.0,0.0,0.0,0.0,0.0,0.0,0.8188605603998951,0.0,0.0,0.0,0.0,0.7765944084048435,0.0,0.0,0.0,0.0,0.0,0.0,0.8503421661193805,0.0,0.0,0.829414785479338,0.0,0.0,0.0,0.0,0.0,0.0,0.0,0.0,0.0,0.0,0.0,0.0,0.0,0.7635118759963444,0.0,0.0,0.0,0.7625586289240613,0.0,0.0,0.0,0.0,0.847056843630489,0.0,0.0,0.0,0.0,0.0,0.0,0.0,0.0,0.0,0.0,0.0,0.0,0.0,0.0,0.0,0.0,0.7765795895972447,0.0,0.7762655919606796,0.0,0.7617297413479995,0.0,0.0,0.0,0.0,0.0,0.0,0.0,0.0,0.0,0.0,0.0,0.0,0.7790025965026051
0.0,0.7598838286529832,0.0,0.0,0.0,0.7719464311603124,0.0,0.0,0.0,0.0,0.0,0.0,0.0,0.0,0.0,0.0,0.0,0.0,0.0,0.0,0.0,0.0,0.0,0.0,0.0,0.0,0.0,0.0,0.7644988166749367,0.0,0.0,0.0,0.0,0.0,0.0,0.0,0.0,0.7589942119033957,0.0,0.0,0.0,0.7592902639553846,0.0,0.0,0.0,0.0,0.0,0.0,0.0,0.0,0.0,0.0,0.0,0.0,0.0,0.0,0.0,0.0,0.7696496208335963,0.0,0.0,0.7884804655377756,0.0,0.0,0.0,0.7615309105888007,0.0,0.0,0.0,0.0,0.0,0.0,0.0,0.779914187469114,0.0,0.0,0.0,0.0,0.0,0.0,0.0,0.7879362103706852,0.0,0.0,0.0,0.7711286390717886,1.0,0.0,0.0,0.0,0.0,0.0,0.0,0.0,0.0,0.0,0.0,0.0,0.0,0.0,0.0,0.0,0.0,0.0,0.0,0.0,0.0,0.0,0.0,0.0,0.0,0.7601065676832622,0.7589018574300109,0.0,0.0,0.7669195763761015,0.0,0.0,0.0,0.0,0.0,0.0,0.0,0.0,0.0,0.0,0.0,0.0,0.0,0.0,0.0,0.0,0.0,0.0,0.0,0.0,0.0,0.0,0.0,0.7708387157149457,0.0,0.0,0.7702691330584297,0.0,0.0,0.0,0.0,0.0,0.0,0.0,0.0,0.0,0.0,0.0,0.0,0.0,0.7618525177235381,0.0,0.0,0.766797481449609,0.7609622340070373,0.0,0.0,0.0,0.0,0.7880662129783601,0.0,0.0,0.0,0.0,0.0,0.7676177681731273,0.0,0.0,0.0,0.0,0.0,0.0,0.0,0.0,0.0,0.0,0.0,0.0,0.0,0.0,0.7601862698631614,0.0,0.0,0.0,0.0,0.0,0.0,0.0,0.0,0.0,0.0,0.0,0.0,0.0
0.0,0.0,0.0,0.0,0.7838714001006541,0.0,0.0,0.0,0.8390868742691855,0.0,0.0,0.0,0.0,0.0,0.7568670369630258,0.8451153772940327,0.0,0.0,0.0,0.0,0.0,0.0,0.7577914528726256,0.0,0.7546731046766063,0.0,0.0,0.0,0.0,0.0,0.0,0.0,0.0,0.0,0.0,0.0,0.0,0.0,0.0,0.0,0.8514654363146898,0.0,0.0,0.0,0.0,0.0,0.0,0.0,0.8425255100047596,0.0,0.0,0.0,0.0,0.0,0.0,0.0,0.0,0.0,0.0,0.0,0.0,0.0,0.0,0.0,0.0,0.0,0.0,0.0,0.0,0.0,0.0,0.0,0.0,0.0,0.7693805434517322,0.8562264882637483,0.0,0.7783300098293148,0.7572761342764186,0.0,0.0,0.0,0.0,0.0,0.0,0.0,0.0,1.0,0.0,0.7900818761911056,0.0,0.0,0.0,0.0,0.0,0.0,0.0,0.0,0.0,0.0,0.0,0.7504390148193578,0.7565931811383194,0.7553854007634151,0.0,0.0,0.0,0.0,0.7608311348036058,0.0,0.0,0.0,0.0,0.7549734572824282,0.7623801291611001,0.0,0.0,0.0,0.0,0.7581986263320786,0.0,0.7827042823773809,0.0,0.8436486831977719,0.755763226278416,0.0,0.0,0.0,0.0,0.0,0.7680751017455935,0.0,0.0,0.8468526616473728,0.0,0.0,0.0,0.0,0.7492874323886761,0.0,0.0,0.0,0.0,0.8489324062195838,0.0,0.0,0.0,0.8090670534351644,0.0,0.0,0.842375282569766,0.8647386772727088,0.0,0.0,0.7749077624036262,0.0,0.0,0.0,0.0,0.0,0.0,0.0,0.8453346042528345,0.0,0.7630712919104462,0.0,0.0,0.0,0.7771053894592304,0.7722046931688499,0.8425568090506713,0.0,0.0,0.850318472578735,0.0,0.0,0.7790244292304384,0.8600843469870254,0.0,0.8463097143642119,0.7579453100171869,0.0,0.0,0.0,0.0,0.0,0.0,0.0,0.7585616087757057,0.7911803839694831,0.0,0.0,0.0,0.0,0.0,0.0,0.8238611028949803,0.7682108763649452,0.0,0.0
0.0,0.0,0.8526199254140806,0.0,0.0,0.0,0.0,0.0,0.0,0.0,0.8419341502829476,0.0,0.0,0.0,0.0,0.0,0.0,0.843689902388939,0.0,0.858344597872175,0.0,0.8497265987510968,0.0,0.8484027054658604,0.0,0.0,0.8571041280102376,0.0,0.0,0.0,0.0,0.8282451160991559,0.0,0.0,0.8498315404139162,0.9174044983281038,0.0,0.7578207895633099,0.0,0.0,0.0,0.0,0.0,0.8504918195214431,0.0,0.0,0.8437837596418309,0.0,0.0,0.0,0.9210184429951246,0.0,0.0,0.0,0.8477078133438659,0.0,0.0,0.0,0.0,0.0,0.0,0.0,0.0,0.0,0.0,0.0,0.0,0.0,0.8587072210395292,0.0,0.9250047971055594,0.0,0.8633492794416306,0.0,0.0,0.0,0.0,0.0,0.0,0.0,0.859171388791104,0.0,0.9259915047905457,0.8427055753008521,0.8569808642028821,0.0,0.0,0.0,1.0,0.0,0.0,0.0,0.0,0.0,0.9422216313065546,0.0,0.8397964444128989,0.0,0.0,0.0,0.0,0.0,0.0,0.0,0.0,0.0,0.8313374356171398,0.0,0.0,0.0,0.0,0.0,0.0,0.0,0.0,0.0,0.8454943038150036,0.0,0.0,0.0,0.8521226099206278,0.0,0.8508740634349129,0.0,0.0,0.0,0.849252078129101,0.0,0.8429890913301602,0.0,0.8041712399549948,0.0,0.0,0.0,0.8469713818744368,0.843433048240796,0.9286901332192876,0.0,0.0,0.0,0.0,0.0,0.0,0.0,0.0,0.0,0.0,0.0,0.0,0.0,0.0,0.0,0.0,0.0,0.0,0.0,0.0,0.0,0.0,0.0,0.0,0.0,0.0,0.0,0.0,0.0,0.0,0.0,0.0,0.0,0.0,0.0,0.0,0.0,0.8524894110908269,0.0,0.0,0.0,0.0,0.0,0.0,0.8469152960098795,0.0,0.0,0.7992260119405321,0.0,0.0,0.848169044487944,0.0,0.0,0.0,0.0,0.0,0.0,0.0,0.8516681426723659,0.0,0.0,0.0,0.0
0.0,0.7771011846438206,0.0,0.0,0.0,0.0,0.0,0.0,0.7723908731305468,0.0,0.0,0.0,0.0,0.0,0.7821528546981183,0.7879480004693602,0.0,0.0,0.0,0.0,0.0,0.0,0.7903339082863906,0.0,0.7699161199843121,0.0,0.0,0.0,0.0,0.0,0.0,0.0,0.0,0.0,0.0,0.0,0.0,0.7590274527042251,0.0,0.0,0.7878538373780984,0.7593239224688033,0.0,0.0,0.0,0.0,0.0,0.0,0.7684918147878922,0.0,0.0,0.0,0.0,0.0,0.0,0.0,0.0,0.0,0.0,0.0,0.0,0.0,0.0,0.7589065848185216,0.0,0.0,0.0,0.0,0.0,0.0,0.0,0.0,0.0,0.0,0.7661737109664926,0.8110805020833435,0.7704236643293911,0.0,0.7825429053740498,0.0,0.0,0.0,0.0,0.0,0.0,0.0,0.0,0.7900818761911056,0.0,1.0,0.0,0.0,0.0,0.0,0.0,0.0,0.0,0.0,0.0,0.0,0.0,0.7489426468380387,0.771731284234592,0.7705907546462872,0.0,0.0,0.0,0.0,0.7585453058897885,0.7731803120085593,0.0,0.7601414044863727,0.0,0.7702007696406045,0.7599479611925538,0.7669659371505949,0.0,0.0,0.0,0.7732404656618896,0.0,0.0,0.0,0.767991928273761,0.7709480065479997,0.0,0.0,0.0,0.0,0.0,0.0,0.0,0.0,0.7733223430208355,0.0,0.0,0.0,0.7584639592276148,0.7647709526257347,0.0,0.0,0.0,0.0,0.7909588134085175,0.0,0.0,0.0,0.7698955149081353,0.0,0.7637424980191044,0.7976226384956722,0.7709167299696662,0.0,0.8684398616315488,0.7557528789704131,0.0,0.0,0.0,0.0,0.0,0.0,0.0,0.7721552868083349,0.7687046966792684,0.7605710854072203,0.0,0.0,0.7644033288034776,0.7485754085887721,0.9121819662210039,0.8022094072595943,0.0,0.0,0.7869428240035837,0.0,0.7752652828642593,0.0,0.7981945524424149,0.0,0.7874961790686541,0.7559106493718386,0.0,0.0,0.0,0.0,0.0,0.0,0.0,0.7837650789587562,0.0,0.0,0.0,0.0,0.0,0.0,0.0,0.0,0.0,0.0,0.0
0.0,0.0,0.0,0.0,0.0,0.0,0.7805278719303665,0.7972497961670076,0.7868787557158078,0.792864599330693,0.0,0.0,0.0,0.0,0.0,0.0,0.0,0.0,0.0,0.0,0.7949449157069484,0.0,0.0,0.0,0.0,0.0,0.0,0.0,0.0,0.0,0.0,0.0,0.0,0.0,0.0,0.0,0.0,0.0,0.0,0.7634688814171033,0.0,0.0,0.7686655268236123,0.0,0.0,0.7732792150944378,0.0,0.0,0.0,0.0,0.0,0.0,0.7874807459857802,0.8062107483116991,0.0,0.0,0.7731160274205376,0.0,0.0,0.0,0.0,0.0,0.0,0.0,0.0,0.0,0.0,0.0,0.0,0.0,0.0,0.77844171293635,0.0,0.0,0.0,0.0,0.0,0.0,0.0,0.0,0.0,0.0,0.0,0.0,0.0,0.0,0.0,0.0,0.0,0.0,1.0,0.0,0.0,0.0,0.0,0.0,0.0,0.0,0.0,0.7919880973141199,0.0,0.0,0.0,0.0,0.0,0.0,0.0,0.0,0.0,0.0,0.0,0.0,0.0,0.0,0.0,0.0,0.0,0.0,0.0,0.0,0.0,0.0,0.0,0.0,0.0,0.0,0.0,0.0,0.0,0.0,0.0,0.0,0.0,0.0,0.0,0.0,0.0,0.0,0.0,0.0,0.0,0.7806268108168133,0.0,0.0,0.0,0.0,0.0,0.0,0.0,0.0,0.0,0.0,0.0,0.0,0.0,0.7865052258558669,0.0,0.0,0.0,0.0,0.0,0.8056603359290748,0.0,0.0,0.0,0.0,0.0,0.0,0.0,0.0,0.0,0.0,0.0,0.0,0.0,0.0,0.0,0.0,0.7749054580028478,0.0,0.0,0.0,0.0,0.0,0.0,0.0,0.0,0.0,0.0,0.0,0.7746122907531757,0.0,0.7942150310875229,0.7957830696872101,0.7864016466746278,0.0,0.0,0.0,0.0,0.0
0.0,0.0,0.0,0.7954117875126181,0.0,0.0,0.0,0.0,0.0,0.0,0.0,0.0,0.8995162780270932,0.0,0.0,0.0,0.0,0.0,0.0,0.0,0.0,0.0,0.0,0.0,0.0,0.0,0.0,0.0,0.0,0.0,0.0,0.0,0.0,0.0,0.0,0.0,0.0,0.0,0.0,0.0,0.0,0.0,0.0,0.0,0.0,0.0,0.0,0.0,0.0,0.0,0.0,0.0,0.0,0.0,0.0,0.0,0.0,0.0,0.0,0.0,0.8644671851389456,0.0,0.0,0.0,0.0,0.0,0.0,0.0,0.0,0.0,0.0,0.0,0.0,0.0,0.0,0.0,0.0,0.0,0.0,0.0,0.0,0.0,0.0,0.0,0.0,0.0,0.0,0.0,0.0,0.0,0.0,1.0,0.0,0.0,0.0,0.0,0.0,0.0,0.0,0.0,0.0,0.0,0.0,0.0,0.0,0.0,0.0,0.0,0.0,0.0,0.0,0.0,0.0,0.0,0.0,0.0,0.0,0.0,0.8687309170700401,0.0,0.0,0.0,0.0,0.0,0.0,0.0,0.0,0.0,0.0,0.0,0.0,0.0,0.0,0.0,0.0,0.0,0.0,0.0,0.0,0.0,0.0,0.0,0.0,0.0,0.0,0.0,0.0,0.0,0.0,0.0,0.0,0.0,0.0,0.0,0.0,0.0,0.0,0.0,0.0,0.0,0.0,0.0,0.0,0.0,0.0,0.0,0.0,0.0,0.0,0.0,0.0,0.0,0.0,0.0,0.0,0.0,0.0,0.0,0.0,0.0,0.0,0.0,0.0,0.0,0.0,0.0,0.0,0.0,0.0,0.0,0.0,0.0,0.0,0.0,0.0,0.0,0.0,0.0,0.0,0.0
0.0,0.0,0.0,0.0,0.0,0.0,0.0,0.0,0.0,0.0,0.0,0.0,0.0,0.7839447645019032,0.0,0.0,0.0,0.0,0.0,0.0,0.0,0.0,0.0,0.0,0.0,0.0,0.0,0.0,0.0,0.0,0.0,0.0,0.0,0.0,0.0,0.0,0.0,0.0,0.0,0.0,0.0,0.0,0.0,0.0,0.0,0.0,0.0,0.0,0.0,0.0,0.0,0.779128402911208,0.0,0.0,0.0,0.0,0.0,0.0,0.0,0.0,0.0,0.0,0.0,0.0,0.7785378684100277,0.0,0.0,0.0,0.0,0.0,0.0,0.0,0.0,0.0,0.0,0.0,0.0,0.0,0.0,0.0,0.0,0.0,0.0,0.0,0.0,0.0,0.0,0.0,0.0,0.0,0.0,0.0,1.0,0.0,0.0,0.0,0.0,0.0,0.0,0.0,0.0,0.0,0.0,0.0,0.0,0.0,0.0,0.0,0.0,0.0,0.0,0.0,0.0,0.0,0.0,0.0,0.0,0.8075610749276309,0.0,0.0,0.0,0.0,0.0,0.0,0.0,0.0,0.0,0.0,0.0,0.0,0.0,0.0,0.7973472722011717,0.0,0.0,0.0,0.0,0.0,0.0,0.0,0.0,0.0,0.0,0.0,0.0,0.0,0.8076302381703148,0.0,0.0,0.0,0.0,0.0,0.0,0.0,0.0,0.0,0.0,0.0,0.0,0.0,0.0,0.0,0.0,0.0,0.0,0.0,0.0,0.0,0.0,0.0,0.0,0.0,0.0,0.0,0.0,0.0,0.0,0.0,0.0,0.0,0.0,0.0,0.7796999085440873,0.0,0.7793432237475965,0.0,0.0,0.0,0.0,0.0,0.0,0.0,0.0,0.0,0.0,0.0,0.0,0.0,0.0,0.7824736191865886
0.0,0.0,0.0,0.0,0.0,0.0,0.0,0.0,0.0,0.0,0.0,0.8352110943962848,0.0,0.0,0.0,0.0,0.7842878086487031,0.0,0.7641044249072394,0.0,0.0,0.0,0.0,0.0,0.0,0.0,0.0,0.0,0.0,0.0,0.0,0.0,0.8382196297590626,0.0,0.0,0.0,0.0,0.0,0.0,0.0,0.0,0.0,0.0,0.0,0.0,0.0,0.0,0.0,0.0,0.0,0.0,0.0,0.0,0.0,0.0,0.0,0.0,0.8370347579972428,0.0,0.0,0.0,0.0,0.0,0.0,0.0,0.0,0.0,0.0,0.0,0.8429145118548727,0.7658994973419875,0.0,0.0,0.0,0.0,0.0,0.0,0.0,0.0,0.0,0.0,0.0,0.0,0.0,0.0,0.0,0.0,0.0,0.0,0.0,0.0,0.0,0.0,1.0,0.0,0.0,0.0,0.0,0.0,0.0,0.8676923209712651,0.0,0.0,0.0,0.0,0.0,0.0,0.0,0.0,0.0,0.0,0.0,0.0,0.0,0.0,0.7829852650475179,0.0,0.0,0.0,0.0,0.0,0.0,0.0,0.0,0.0,0.0,0.0,0.0,0.0,0.0,0.0,0.0,0.0,0.0,0.0,0.0,0.0,0.0,0.0,0.0,0.8404614621934695,0.0,0.0,0.0,0.0,0.0,0.0,0.0,0.0,0.0,0.0,0.0,0.0,0.0,0.0,0.0,0.0,0.837089189691421,0.8582089489345635,0.0,0.0,0.0,0.0,0.0,0.0,0.0,0.0,0.7632380402259489,0.0,0.0,0.0,0.7836625186142548,0.0,0.0,0.0,0.0,0.0,0.0,0.0,0.0,0.0,0.0,0.0,0.0,0.0,0.0,0.0,0.0,0.0,0.0,0.0,0.0,0.0,0.0,0.0,0.0,0.0,0.0,0.0,0.0
0.0,0.0,0.8662713591394385,0.0,0.0,0.0,0.0,0.0,0.0,0.0,0.8399327886575124,0.0,0.0,0.0,0.0,0.0,0.0,0.8583843407106816,0.0,0.8560897788554501,0.0,0.856930432086828,0.0,0.8706871576643871,0.0,0.0,0.8538321803389973,0.0,0.0,0.0,0.0,0.8224667592053327,0.0,0.0,0.8504944978001675,0.9178914045958592,0.0,0.0,0.0,0.0,0.0,0.0,0.0,0.861594506235903,0.0,0.0,0.8553141047014471,0.0,0.0,0.0,0.9185683484809314,0.0,0.0,0.0,0.8548323122775902,0.0,0.0,0.0,0.0,0.0,0.0,0.0,0.0,0.0,0.0,0.0,0.0,0.0,0.8565153717845682,0.0,0.9357530894545742,0.0,0.8831290067208778,0.0,0.0,0.0,0.0,0.0,0.0,0.0,0.8602386371494504,0.0,0.9217889073373733,0.8486365242240411,0.8590750829918148,0.0,0.0,0.0,0.9422216313065546,0.0,0.0,0.0,0.0,0.0,1.0,0.0,0.8433809824708332,0.0,0.0,0.0,0.0,0.0,0.0,0.0,0.0,0.0,0.8330343074902564,0.0,0.0,0.0,0.0,0.0,0.0,0.0,0.0,0.0,0.8464046571793844,0.0,0.0,0.0,0.8611214333572907,0.0,0.8414542840142026,0.0,0.0,0.0,0.8580865565334038,0.0,0.8467195010775025,0.0,0.0,0.0,0.0,0.0,0.8675727335957887,0.8429805153747004,0.9401953108716378,0.0,0.0,0.0,0.0,0.0,0.0,0.0,0.0,0.0,0.0,0.0,0.0,0.0,0.0,0.0,0.0,0.0,0.0,0.0,0.0,0.0,0.0,0.0,0.0,0.0,0.0,0.0,0.0,0.0,0.0,0.0,0.0,0.0,0.0,0.0,0.0,0.0,0.8483236257076624,0.0,0.0,0.0,0.0,0.0,0.0,0.8576134547031931,0.0,0.0,0.8275283584846282,0.0,0.0,0.8434748710867862,0.0,0.0,0.0,0.0,0.0,0.0,0.0,0.8447891795658337,0.0,0.0,0.0,0.0
0.8457591011928242,0.7614755343620914,0.0,0.0,0.0,0.8503395324602446,0.0,0.0,0.0,0.0,0.0,0.0,0.0,0.0,0.0,0.0,0.0,0.0,0.0,0.0,0.0,0.0,0.0,0.0,0.0,0.0,0.0,0.0,0.0,0.0,0.0,0.0,0.0,0.7685625659765295,0.0,0.0,0.0,0.7777220613145804,0.0,0.0,0.0,0.7608413910115506,0.0,0.0,0.0,0.0,0.0,0.0,0.0,0.0,0.0,0.7762023047758202,0.0,0.0,0.0,0.0,0.0,0.0,0.7999381072735682,0.0,0.0,0.8713959799993246,0.0,0.0,0.7756780650909428,0.0,0.0,0.0,0.0,0.0,0.0,0.0,0.0,0.0,0.0,0.0,0.0,0.0,0.0,0.0,0.0,0.8470240951970257,0.0,0.0,0.0,0.8091129147664154,0.0,0.0,0.0,0.0,0.0,0.0,0.0,0.0,0.0,1.0,0.0,0.772060873117827,0.0,0.0,0.0,0.0,0.0,0.0,0.0,0.0,0.0,0.0,0.0,0.0,0.0,0.7617137736210678,0.7604269933922454,0.0,0.0,0.0,0.0,0.7764810281292699,0.0,0.0,0.0,0.0,0.0,0.0,0.0,0.0,0.0,0.8374958064786253,0.0,0.0,0.0,0.0,0.7767232185089193,0.0,0.0,0.0,0.0,0.0,0.0,0.8744523110597485,0.0,0.0,0.8349194664578606,0.0,0.0,0.0,0.0,0.0,0.0,0.0,0.0,0.0,0.0,0.0,0.0,0.0,0.7635865839546763,0.0,0.0,0.0,0.0,0.0,0.0,0.0,0.0,0.8760255758662001,0.0,0.0,0.0,0.0,0.0,0.0,0.0,0.0,0.0,0.0,0.0,0.0,0.0,0.0,0.0,0.0,0.7767083208685586,0.0,0.7763926638084543,0.0,0.7617990588696992,0.0,0.0,0.0,0.0,0.0,0.0,0.0,0.0,0.0,0.0,0.0,0.0,0.7791448604735538
0.0,0.0,0.8535288292957236,0.0,0.0,0.0,0.0,0.0,0.0,0.0,0.8555856563157431,0.0,0.0,0.0,0.0,0.0,0.0,0.8501408983915717,0.0,0.8404304957016869,0.0,0.8759320701472967,0.0,0.8497265987510968,0.0,0.0,0.8598580003276495,0.0,0.0,0.0,0.0,0.8285501546316807,0.0,0.0,0.8311254050399769,0.8445943494729183,0.0,0.0,0.0,0.0,0.0,0.0,0.0,0.8516075190532709,0.0,0.0,0.8935331720749368,0.0,0.0,0.0,0.8437933488565226,0.0,0.0,0.0,0.8501580954682746,0.0,0.0,0.0,0.0,0.0,0.0,0.0,0.0,0.0,0.0,0.0,0.0,0.0,0.8399872279986609,0.0,0.846184293477324,0.0,0.846771764702816,0.0,0.0,0.0,0.0,0.0,0.0,0.0,0.8539249459427739,0.0,0.8398218965518475,0.8531509726961359,0.8414569185786284,0.0,0.0,0.0,0.8397964444128989,0.0,0.0,0.0,0.0,0.0,0.8433809824708332,0.0,1.0,0.0,0.0,0.0,0.0,0.0,0.0,0.0,0.0,0.0,0.8522343147529843,0.0,0.0,0.0,0.0,0.0,0.0,0.0,0.0,0.0,0.851819087824158,0.7692016042306853,0.0,0.0,0.8616132500131405,0.0,0.8146247269733664,0.0,0.0,0.0,0.831570504958198,0.0,0.8508587989138449,0.0,0.0,0.0,0.0,0.0,0.8484611260675051,0.8580899965715597,0.8447270775281002,0.0,0.0,0.0,0.0,0.0,0.0,0.0,0.0,0.0,0.0,0.0,0.0,0.0,0.0,0.0,0.0,0.0,0.0,0.0,0.0,0.0,0.0,0.0,0.0,0.0,0.0,0.0,0.0,0.0,0.0,0.0,0.0,0.0,0.0,0.0,0.0,0.0,0.8544105329685632,0.0,0.0,0.0,0.0,0.0,0.0,0.8514548411867776,0.0,0.0,0.0,0.0,0.0,0.8583401089057165,0.0,0.0,0.0,0.0,0.0,0.0,0.0,0.8306368426536211,0.0,0.0,0.0,0.0
0.7731460056110535,0.0,0.0,0.0,0.0,0.7728013699039243,0.0,0.0,0.0,0.0,0.0,0.0,0.0,0.0,0.0,0.0,0.0,0.0,0.0,0.0,0.0,0.0,0.0,0.0,0.0,0.0,0.0,0.0,0.0,0.0,0.0,0.0,0.0,0.0,0.0,0.0,0.0,0.0,0.0,0.0,0.0,0.0,0.0,0.0,0.0,0.0,0.0,0.0,0.0,0.0,0.0,0.0,0.0,0.0,0.0,0.0,0.0,0.0,0.770425578335102,0.0,0.0,0.7718690821642983,0.0,0.0,0.0,0.0,0.0,0.0,0.0,0.0,0.0,0.0,0.0,0.0,0.0,0.0,0.0,0.0,0.0,0.0,0.0,0.7887592003777218,0.0,0.0,0.0,0.771954587606286,0.0,0.0,0.0,0.0,0.0,0.0,0.0,0.0,0.0,0.772060873117827,0.0,1.0,0.0,0.0,0.0,0.0,0.0,0.0,0.0,0.0,0.0,0.0,0.0,0.0,0.0,0.0,0.0,0.0,0.0,0.0,0.0,0.0,0.0,0.0,0.0,0.0,0.0,0.0,0.0,0.0,0.0,0.7712630257482884,0.0,0.0,0.0,0.7780241354184202,0.0,0.0,0.0,0.0,0.0,0.0,0.0,0.7716546210571157,0.0,0.0,0.7710656566636359,0.0,0.0,0.0,0.0,0.0,0.0,0.7643052550924281,0.0,0.0,0.0,0.0,0.0,0.0,0.0,0.0,0.0,0.0,0.0,0.0,0.0,0.0,0.0,0.771450038066445,0.0,0.0,0.0,0.0,0.0,0.0,0.0,0.0,0.0,0.0,0.0,0.0,0.0,0.0,0.0,0.0,0.0,0.0,0.0,0.0,0.0,0.0,0.0,0.0,0.0,0.0,0.0,0.0,0.0,0.0,0.0,0.0,0.0,0.0
0.0,0.0,0.0,0.0,0.0,0.0,0.0,0.0,0.0,0.0,0.0,0.0,0.0,0.0,0.0,0.0,0.0,0.0,0.0,0.0,0.0,0.0,0.0,0.0,0.0,0.0,0.0,0.0,0.0,0.0,0.0,0.0,0.0,0.7732813696636951,0.0,0.0,0.0,0.0,0.0,0.0,0.0,0.0,0.0,0.0,0.0,0.0,0.0,0.0,0.0,0.0,0.0,0.0,0.0,0.0,0.0,0.0,0.0,0.0,0.0,0.7558981554281083,0.0,0.0,0.0,0.0,0.0,0.0,0.0,0.0,0.0,0.0,0.0,0.0,0.0,0.0,0.0,0.0,0.0,0.0,0.0,0.0,0.0,0.0,0.0,0.0,0.0,0.0,0.0,0.0,0.0,0.0,0.0,0.0,0.0,0.0,0.0,0.0,0.0,0.0,1.0,0.0,0.0,0.0,0.0,0.0,0.0,0.0,0.0,0.0,0.0,0.0,0.0,0.0,0.0,0.0,0.0,0.0,0.0,0.0,0.0,0.0,0.0,0.0,0.0,0.0,0.0,0.0,0.0,0.0,0.0,0.0,0.0,0.0,0.0,0.0,0.0,0.0,0.0,0.0,0.0,0.0,0.0,0.0,0.0,0.0,0.0,0.0,0.0,0.0,0.0,0.0,0.0,0.0,0.0,0.0,0.0,0.0,0.0,0.0,0.0,0.0,0.0,0.0,0.0,0.0,0.0,0.0,0.0,0.0,0.0,0.0,0.0,0.7569387184629194,0.0,0.0,0.0,0.0,0.0,0.0,0.0,0.0,0.0,0.0,0.0,0.0,0.0,0.0,0.0,0.0,0.0,0.0,0.0,0.0,0.0,0.0,0.0,0.0,0.0,0.0,0.0,0.0
0.0,0.0,0.0,0.7744218113994799,0.0,0.0,0.7747126670919248,0.7868336313344144,0.7795711229454424,0.7838714001006541,0.0,0.0,0.0,0.0,0.0,0.0,0.0,0.0,0.0,0.0,0.7852972594611153,0.0,0.0,0.0,0.0,0.0,0.0,0.0,0.0,0.0,0.0,0.0,0.0,0.0,0.0,0.0,0.0,0.0,0.0,0.7604320344905616,0.0,0.0,0.764945480632752,0.0,0.0,0.7688405042547333,0.0,0.0,0.0,0.0,0.0,0.0,0.7800163493641444,0.7923518928155538,0.0,0.0,0.7687046966792684,0.0,0.0,0.0,0.0,0.0,0.0,0.0,0.0,0.0,0.0,0.0,0.0,0.0,0.0,0.7730561824037986,0.0,0.0,0.0,0.0,0.0,0.0,0.0,0.0,0.0,0.0,0.0,0.0,0.0,0.0,0.0,0.0,0.0,0.0,0.7919880973141199,0.0,0.0,0.0,0.0,0.0,0.0,0.0,0.0,1.0,0.0,0.0,0.0,0.0,0.0,0.0,0.0,0.0,0.0,0.0,0.0,0.0,0.0,0.0,0.0,0.0,0.0,0.0,0.0,0.0,0.0,0.0,0.0,0.0,0.0,0.0,0.0,0.0,0.0,0.0,0.0,0.0,0.0,0.0,0.0,0.0,0.0,0.0,0.0,0.0,0.0,0.7747905166786182,0.0,0.0,0.0,0.0,0.0,0.0,0.0,0.0,0.0,0.0,0.0,0.0,0.0,0.7792934812414996,0.0,0.0,0.0,0.0,0.0,0.7920344400632595,0.0,0.0,0.0,0.0,0.0,0.0,0.0,0.0,0.0,0.0,0.0,0.0,0.0,0.0,0.0,0.0,0.7701856041028157,0.0,0.0,0.0,0.0,0.0,0.0,0.0,0.0,0.0,0.0,0.0,0.7699442462840048,0.0,0.784801170791463,0.7858612945798331,0.7792163053992032,0.0,0.0,0.0,0.0,0.0
0.0,0.0,0.0,0.0,0.0,0.0,0.0,0.0,0.0,0.0,0.0,0.8400268654127098,0.0,0.0,0.0,0.0,0.7867174418772342,0.0,0.7662025901286358,0.0,0.0,0.0,0.0,0.0,0.0,0.0,0.0,0.0,0.0,0.0,0.0,0.0,0.8409472223564034,0.0,0.0,0.0,0.0,0.0,0.0,0.0,0.0,0.0,0.0,0.0,0.0,0.0,0.0,0.0,0.0,0.0,0.0,0.0,0.0,0.0,0.0,0.0,0.0,0.8378263881776654,0.0,0.0,0.0,0.0,0.0,0.0,0.0,0.0,0.0,0.0,0.0,0.8340056846127961,0.0,0.0,0.0,0.0,0.0,0.0,0.0,0.0,0.0,0.0,0.0,0.0,0.0,0.0,0.0,0.0,0.0,0.0,0.0,0.0,0.0,0.0,0.0,0.8676923209712651,0.0,0.0,0.0,0.0,0.0,0.0,1.0,0.0,0.0,0.0,0.0,0.0,0.0,0.0,0.0,0.0,0.0,0.0,0.0,0.0,0.0,0.785283146958222,0.0,0.0,0.0,0.0,0.0,0.0,0.0,0.0,0.0,0.0,0.0,0.0,0.0,0.0,0.0,0.0,0.0,0.0,0.0,0.0,0.0,0.0,0.0,0.0,0.8464594958685622,0.0,0.0,0.0,0.0,0.0,0.0,0.0,0.0,0.0,0.0,0.0,0.0,0.0,0.0,0.0,0.0,0.8280064423324378,0.8420736102688204,0.0,0.0,0.0,0.0,0.0,0.0,0.0,0.0,0.7652582481313234,0.0,0.0,0.0,0.768647743436688,0.0,0.0,0.0,0.0,0.0,0.0,0.0,0.0,0.0,0.0,0.0,0.0,0.0,0.0,0.0,0.0,0.0,0.0,0.0,0.0,0.0,0.0,0.0,0.0,0.0,0.0,0.0,0.0
0.0,0.744634332586205,0.0,0.0,0.7806618264536817,0.0,0.0,0.0,0.750351683865716,0.0,0.0,0.0,0.0,0.0,0.7686607832996326,0.0,0.0,0.0,0.0,0.0,0.0,0.0,0.8677217508742234,0.0,0.8704698957814843,0.0,0.0,0.0,0.0,0.0,0.0,0.0,0.0,0.0,0.0,0.0,0.0,0.7441652510728707,0.0,0.0,0.0,0.7443222568011952,0.0,0.0,0.0,0.0,0.0,0.0,0.0,0.0,0.0,0.0,0.0,0.0,0.0,0.0,0.0,0.0,0.0,0.0,0.0,0.0,0.0,0.8039428746425049,0.0,0.0,0.0,0.0,0.0,0.0,0.0,0.0,0.0,0.0,0.7921879896761288,0.0,0.7981434887228278,0.0,0.8695476734446181,0.0,0.0,0.0,0.0,0.0,0.0,0.0,0.0,0.7504390148193578,0.0,0.7489426468380387,0.0,0.0,0.0,0.0,0.0,0.0,0.0,0.0,0.0,0.0,0.0,1.0,0.7756756862503555,0.8407844417580541,0.0,0.0,0.0,0.0,0.7835498674885746,0.7676348043886367,0.0,0.7447505074632101,0.0,0.8693131415201244,0.7843311984342402,0.0,0.0,0.0,0.0,0.8672929086897688,0.0,0.7729369353039698,0.0,0.0,0.7752115505917683,0.0,0.0,0.0,0.0,0.0,0.0,0.0,0.0,0.7507163358119101,0.0,0.0,0.0,0.777884350216402,0.7944767579678709,0.0,0.0,0.0,0.0,0.7507732003053815,0.7480343956401904,0.0,0.0,0.7662765510666842,0.0,0.7734869346581525,0.7493141658672023,0.0,0.0,0.7497958421906538,0.8020740024927421,0.0,0.0,0.0,0.0,0.0,0.0,0.0,0.7502581234843435,0.7667000329096857,0.7790435489423277,0.0,0.0,0.0,0.7718152878401792,0.7657226137566673,0.7650462230775791,0.0,0.0,0.0,0.0,0.8010222569523191,0.0,0.7495450245522854,0.0,0.7663572033380385,0.7969942267616094,0.0,0.0,0.0,0.0,0.0,0.0,0.0,0.7973338705376029,0.7895742019536995,0.0,0.7654503802193738,0.0,0.0,0.0,0.0,0.0,0.7641191344422499,0.0,0.0
0.0,0.7492937198735905,0.0,0.0,0.0,0.0,0.0,0.0,0.0,0.0,0.0,0.0,0.0,0.0,0.8035113835039807,0.7555038466949905,0.0,0.0,0.0,0.0,0.0,0.0,0.7807129811830935,0.0,0.7786411236259163,0.0,0.0,0.0,0.0,0.0,0.0,0.0,0.0,0.0,0.0,0.0,0.0,0.0,0.0,0.0,0.0,0.0,0.0,0.0,0.0,0.0,0.0,0.7540316487717605,0.7543999621484843,0.0,0.0,0.0,0.0,0.0,0.0,0.0,0.0,0.0,0.0,0.0,0.0,0.0,0.0,0.7885383765392334,0.0,0.0,0.0,0.0,0.0,0.0,0.0,0.0,0.0,0.0,0.0,0.0,0.7790039604745986,0.0,0.7860148871628335,0.0,0.0,0.0,0.0,0.0,0.0,0.0,0.0,0.7565931811383194,0.0,0.771731284234592,0.0,0.0,0.0,0.0,0.0,0.0,0.0,0.0,0.0,0.0,0.0,0.7756756862503555,1.0,0.771926052102719,0.0,0.0,0.0,0.0,0.7484098184472971,0.7568822239875185,0.0,0.0,0.0,0.7616234916109911,0.7662556258942091,0.7535443278093078,0.0,0.0,0.0,0.7809762912001076,0.0,0.7510020465123016,0.0,0.7711740095717203,0.8807268792311732,0.757466676174038,0.0,0.0,0.0,0.0,0.0,0.0,0.0,0.0,0.0,0.0,0.0,0.8786791330361396,0.8102765162711643,0.0,0.0,0.0,0.0,0.0,0.0,0.0,0.0,0.7824087105138425,0.0,0.7686566334844278,0.0,0.7557115350136132,0.0,0.7728500011732162,0.7807012792134463,0.0,0.0,0.0,0.0,0.0,0.0,0.0,0.7563585199082546,0.8787465046153323,0.7666596369408688,0.0,0.0,0.0,0.8563785276526951,0.7544743204852103,0.7706757036262445,0.0,0.0,0.7549754591742366,0.0,0.7823497095578719,0.0,0.7725199710077296,0.0,0.7723452296699215,0.7736001992510784,0.0,0.0,0.0,0.0,0.0,0.0,0.0,0.7812096011030455,0.784326788153002,0.0,0.754135743165155,0.0,0.0,0.0,0.0,0.7722665937072719,0.0,0.0,0.0
0.0,0.7484022506185947,0.0,0.0,0.7676075522483248,0.0,0.0,0.0,0.7552776829186232,0.0,0.0,0.0,0.0,0.0,0.7895574114033597,0.0,0.7532020485553934,0.0,0.0,0.0,0.0,0.0,0.8419764382567002,0.0,0.8449759105815401,0.0,0.0,0.0,0.0,0.0,0.0,0.0,0.0,0.0,0.0,0.0,0.0,0.7478518771442156,0.0,0.0,0.7543024782015307,0.7480358853864988,0.0,0.0,0.0,0.0,0.0,0.7529453518593875,0.0,0.0,0.0,0.0,0.0,0.0,0.0,0.0,0.0,0.0,0.0,0.0,0.0,0.0,0.7494577898619399,0.7996571309243534,0.0,0.0,0.0,0.0,0.0,0.0,0.0,0.0,0.0,0.7500753660520529,0.7791759773635201,0.0,0.7958249177754377,0.0,0.8451798451191554,0.0,0.0,0.0,0.0,0.0,0.0,0.0,0.0,0.7553854007634151,0.0,0.7705907546462872,0.0,0.0,0.0,0.0,0.0,0.0,0.0,0.0,0.0,0.0,0.0,0.8407844417580541,0.771926052102719,1.0,0.0,0.0,0.0,0.0,0.7920313478456228,0.7727465130910193,0.0,0.7485388476014673,0.0,0.83873522677246,0.7969055546671892,0.0,0.0,0.0,0.0,0.8409581048563105,0.0,0.77710202554866,0.0,0.0,0.788839227257758,0.7733137112758321,0.0,0.0,0.0,0.0,0.7514079763137225,0.0,0.0,0.755728063911981,0.0,0.0,0.0,0.7919772964803475,0.7947038208851886,0.0,0.0,0.0,0.0,0.7557984410733657,0.7524509995107239,0.0,0.0,0.7885126215121826,0.0,0.7906788320589692,0.7540047362308845,0.0,0.0,0.754594177734928,0.8032656098695351,0.0,0.0,0.0,0.0,0.0,0.0,0.0,0.755162381472102,0.7911825179680202,0.7933555002204826,0.0,0.0,0.0,0.7675667320018823,0.7704026203032447,0.752566386413283,0.0,0.0,0.0,0.0,0.7956968957693459,0.0,0.0,0.0,0.7541241543888147,0.8058502948298657,0.0,0.0,0.0,0.0,0.0,0.0,0.0,0.8037714671619932,0.793678887579438,0.0,0.0,0.0,0.0,0.0,0.0,0.0,0.7684671010324431,0.0,0.0
0.0,0.0,0.0,0.0,0.0,0.0,0.0,0.0,0.0,0.0,0.0,0.0,0.0,0.0,0.0,0.0,0.0,0.0,0.0,0.0,0.0,0.0,0.0,0.0,0.0,0.0,0.0,0.0,0.0,0.7677030704941563,0.0,0.0,0.0,0.0,0.0,0.0,0.9226988800551134,0.0,0.9222433364962304,0.0,0.0,0.0,0.0,0.0,0.0,0.0,0.0,0.0,0.0,0.7653696207092068,0.0,0.0,0.0,0.0,0.0,0.0,0.0,0.0,0.0,0.0,0.0,0.0,0.0,0.0,0.0,0.0,0.0,0.0,0.0,0.0,0.0,0.0,0.0,0.0,0.0,0.0,0.0,0.0,0.0,0.0,0.0,0.0,0.0,0.0,0.0,0.0,0.0,0.0,0.0,0.0,0.0,0.0,0.0,0.0,0.0,0.0,0.0,0.0,0.0,0.0,0.0,0.0,0.0,0.0,1.0,0.0,0.0,0.9218852145545027,0.0,0.0,0.0,0.0,0.0,0.0,0.0,0.0,0.0,0.0,0.0,0.0,0.0,0.0,0.0,0.0,0.0,0.0,0.0,0.0,0.0,0.0,0.0,0.0,0.0,0.0,0.0,0.0,0.0,0.0,0.0,0.0,0.0,0.0,0.0,0.0,0.0,0.9167776307299835,0.0,0.0,0.0,0.0,0.0,0.0,0.0,0.0,0.0,0.0,0.0,0.0,0.0,0.0,0.0,0.0,0.0,0.0,0.0,0.0,0.0,0.0,0.0,0.0,0.0,0.0,0.0,0.0,0.0,0.0,0.0,0.0,0.0,0.0,0.0,0.0,0.0,0.0,0.0,0.0,0.0,0.0,0.0,0.0,0.0,0.0,0.0,0.0,0.0,0.0,0.0,0.0,0.0,0.0
0.0,0.0,0.0,0.7676041479066634,0.0,0.0,0.8029387367396931,0.0,0.0,0.0,0.0,0.0,0.0,0.0,0.0,0.0,0.0,0.0,0.0,0.0,0.0,0.0,0.0,0.0,0.0,0.0,0.0,0.8745246612045333,0.0,0.0,0.0,0.0,0.0,0.0,0.0,0.0,0.0,0.0,0.0,0.0,0.0,0.0,0.0,0.0,0.0,0.0,0.0,0.0,0.0,0.0,0.0,0.0,0.0,0.0,0.0,0.0,0.0,0.0,0.0,0.0,0.0,0.0,0.0,0.0,0.0,0.0,0.0,0.0,0.0,0.0,0.0,0.7665681792399338,0.0,0.0,0.0,0.0,0.0,0.0,0.0,0.0,0.0,0.0,0.0,0.0,0.0,0.0,0.0,0.0,0.0,0.0,0.0,0.0,0.0,0.0,0.0,0.0,0.0,0.0,0.0,0.0,0.0,0.0,0.0,0.0,0.0,1.0,0.0,0.0,0.0,0.0,0.8921352832546323,0.0,0.0,0.0,0.0,0.0,0.0,0.0,0.0,0.0,0.0,0.0,0.0,0.0,0.0,0.0,0.0,0.0,0.0,0.0,0.0,0.0,0.0,0.0,0.0,0.0,0.0,0.0,0.0,0.0,0.0,0.7678814768085079,0.0,0.0,0.0,0.0,0.0,0.0,0.0,0.0,0.0,0.0,0.0,0.0,0.0,0.0,0.0,0.0,0.0,0.0,0.0,0.0,0.0,0.0,0.0,0.0,0.0,0.0,0.0,0.0,0.0,0.0,0.7677852470625671,0.0,0.0,0.0,0.0,0.0,0.0,0.0,0.0,0.0,0.0,0.851902365112003,0.0,0.0,0.0,0.0,0.0,0.0,0.0,0.0,0.0,0.0,0.0,0.0,0.0,0.0,0.0,0.0
0.0,0.0,0.8550138275944335,0.0,0.0,0.0,0.0,0.0,0.0,0.0,0.858988353685829,0.0,0.0,0.0,0.0,0.0,0.0,0.8677627583319343,0.0,0.8337592557920149,0.0,0.8494870646456898,0.0,0.8591776575679692,0.0,0.0,0.8684052593409759,0.0,0.0,0.0,0.0,0.8249417031610936,0.0,0.0,0.8254433512947318,0.8350317217161873,0.0,0.0,0.0,0.0,0.0,0.0,0.0,0.8591948141181238,0.0,0.0,0.8550439970345037,0.0,0.0,0.0,0.8290254576353273,0.0,0.0,0.0,0.8544618989506346,0.0,0.0,0.0,0.0,0.0,0.0,0.0,0.0,0.0,0.0,0.0,0.0,0.0,0.8283585534948749,0.0,0.8265022612727155,0.0,0.8442145595672238,0.0,0.0,0.0,0.0,0.0,0.0,0.0,0.8406021811818221,0.0,0.8290363619912681,0.8615866683213698,0.8309131872376728,0.0,0.0,0.0,0.8313374356171398,0.0,0.0,0.0,0.0,0.0,0.8330343074902564,0.0,0.8522343147529843,0.0,0.0,0.0,0.0,0.0,0.0,0.0,0.0,0.0,1.0,0.0,0.0,0.0,0.0,0.0,0.0,0.0,0.0,0.0,0.8574680812110563,0.0,0.0,0.0,0.8445709667499487,0.0,0.8222322996533049,0.0,0.0,0.0,0.8264696486236913,0.0,0.8573344275474845,0.0,0.0,0.0,0.0,0.0,0.8550465302856641,0.8590205043148595,0.8287112116882481,0.0,0.0,0.0,0.0,0.0,0.0,0.0,0.0,0.0,0.0,0.0,0.0,0.0,0.0,0.0,0.0,0.0,0.0,0.0,0.0,0.0,0.0,0.0,0.0,0.0,0.0,0.0,0.0,0.0,0.0,0.0,0.0,0.0,0.0,0.0,0.0,0.0,0.8601056845309513,0.0,0.0,0.0,0.0,0.0,0.0,0.863369072133809,0.0,0.0,0.0,0.0,0.0,0.8552768406781875,0.0,0.0,0.0,0.0,0.0,0.0,0.0,0.8350917455283275,0.0,0.0,0.0,0.0
0.0,0.0,0.0,0.0,0.0,0.0,0.0,0.0,0.0,0.0,0.0,0.0,0.0,0.0,0.0,0.0,0.0,0.0,0.0,0.0,0.0,0.0,0.0,0.0,0.0,0.0,0.0,0.0,0.0,0.7673569270762486,0.0,0.0,0.0,0.0,0.0,0.0,0.9223178170134053,0.0,0.9296686638821167,0.0,0.0,0.0,0.0,0.0,0.0,0.0,0.0,0.0,0.0,0.7650554025675409,0.0,0.0,0.0,0.0,0.0,0.0,0.0,0.0,0.0,0.0,0.0,0.0,0.0,0.0,0.0,0.0,0.0,0.0,0.0,0.0,0.0,0.0,0.0,0.0,0.0,0.0,0.0,0.0,0.0,0.0,0.0,0.0,0.0,0.0,0.0,0.0,0.0,0.0,0.0,0.0,0.0,0.0,0.0,0.0,0.0,0.0,0.0,0.0,0.0,0.0,0.0,0.0,0.0,0.0,0.9218852145545027,0.0,0.0,1.0,0.0,0.0,0.0,0.0,0.0,0.0,0.0,0.0,0.0,0.0,0.0,0.0,0.0,0.0,0.0,0.0,0.0,0.0,0.0,0.0,0.0,0.0,0.0,0.0,0.0,0.0,0.0,0.0,0.0,0.0,0.0,0.0,0.0,0.0,0.0,0.0,0.0,0.9274412257235876,0.0,0.0,0.0,0.0,0.0,0.0,0.0,0.0,0.0,0.0,0.0,0.0,0.0,0.0,0.0,0.0,0.0,0.0,0.0,0.0,0.0,0.0,0.0,0.0,0.0,0.0,0.0,0.0,0.0,0.0,0.0,0.0,0.0,0.0,0.0,0.0,0.0,0.0,0.0,0.0,0.0,0.0,0.0,0.0,0.0,0.0,0.0,0.0,0.0,0.0,0.0,0.0,0.0,0.0
0.0,0.7523272290535938,0.0,0.0,0.7822253870258965,0.0,0.0,0.0,0.0,0.0,0.0,0.0,0.0,0.0,0.7655298523926215,0.7595341630537065,0.0,0.0,0.0,0.0,0.0,0.0,0.7762785943807876,0.0,0.7739875419034081,0.0,0.0,0.0,0.0,0.0,0.0,0.0,0.0,0.0,0.0,0.0,0.0,0.7516779068724977,0.0,0.0,0.7594759793804263,0.7518947020007118,0.0,0.0,0.0,0.0,0.0,0.0,0.0,0.0,0.0,0.0,0.0,0.0,0.0,0.0,0.0,0.0,0.0,0.0,0.0,0.0,0.0,0.7859626158620809,0.0,0.0,0.0,0.0,0.0,0.0,0.0,0.0,0.0,0.0,0.7839960275040676,0.7592302779670537,0.774387202582541,0.0,0.7759059265469919,0.0,0.0,0.0,0.0,0.0,0.0,0.0,0.0,0.7608311348036058,0.0,0.7585453058897885,0.0,0.0,0.0,0.0,0.0,0.0,0.0,0.0,0.0,0.0,0.0,0.7835498674885746,0.7484098184472971,0.7920313478456228,0.0,0.0,0.0,0.0,1.0,0.7783884570011772,0.0,0.752488798463407,0.0,0.7814300904002234,0.9050967570657027,0.0,0.0,0.0,0.0,0.7941307541499389,0.0,0.7944757342090675,0.0,0.0,0.7820218073396238,0.0,0.0,0.0,0.0,0.0,0.0,0.0,0.0,0.761263139467336,0.0,0.0,0.0,0.7912977709672936,0.769836918203257,0.0,0.0,0.0,0.0,0.7613520620915328,0.0,0.0,0.0,0.7865200585809632,0.0,0.7999657413394043,0.7762704670515501,0.7769603244180265,0.0,0.7598395304474168,0.8117674376034261,0.0,0.0,0.0,0.0,0.0,0.0,0.0,0.0,0.7629813374857612,0.8704003178171187,0.0,0.0,0.0,0.7776200507824584,0.7856742284390731,0.7573335783574633,0.0,0.0,0.7760689696907134,0.0,0.7781046253886909,0.0,0.7594566164765651,0.0,0.7764220828397967,0.8096212528202577,0.0,0.0,0.0,0.0,0.0,0.0,0.0,0.8048549210580377,0.8112337724358074,0.0,0.0,0.0,0.0,0.0,0.0,0.0,0.7832770938716452,0.0,0.0
0.0,0.7627162674659512,0.0,0.0,0.7669791995741726,0.0,0.0,0.0,0.0,0.0,0.0,0.0,0.0,0.0,0.7917875100844238,0.7750348433263591,0.0,0.0,0.0,0.0,0.0,0.0,0.7854435658309129,0.0,0.7720097158665096,0.0,0.0,0.0,0.0,0.0,0.0,0.0,0.0,0.0,0.0,0.0,0.0,0.7617164341651628,0.0,0.0,0.0,0.7620486675199826,0.0,0.0,0.0,0.0,0.0,0.0,0.7726036278447423,0.0,0.0,0.0,0.0,0.0,0.0,0.0,0.0,0.0,0.0,0.0,0.0,0.0,0.0,0.7890548247519976,0.0,0.0,0.0,0.0,0.0,0.0,0.0,0.0,0.0,0.0,0.7698767983217427,0.7744579777931713,0.7827349905778287,0.0,0.7849028303077814,0.0,0.0,0.0,0.0,0.0,0.0,0.0,0.0,0.0,0.0,0.7731803120085593,0.0,0.0,0.0,0.0,0.0,0.0,0.0,0.0,0.0,0.0,0.0,0.7676348043886367,0.7568822239875185,0.7727465130910193,0.0,0.0,0.0,0.0,0.7783884570011772,1.0,0.0,0.7629673127118889,0.0,0.772320369570128,0.7902654401952826,0.0,0.0,0.0,0.0,0.7756590408997779,0.0,0.7658172102031119,0.0,0.0,0.0,0.0,0.0,0.0,0.0,0.0,0.0,0.0,0.0,0.0,0.0,0.0,0.0,0.0,0.7664462356807618,0.0,0.0,0.0,0.0,0.0,0.0,0.0,0.0,0.7742776839225435,0.0,0.7670622563963894,0.0,0.7755073825413832,0.0,0.7756210372525751,0.7854246385098798,0.0,0.0,0.0,0.0,0.0,0.0,0.0,0.0,0.0,0.7807144443240273,0.0,0.0,0.0,0.7502663156135495,0.790236668217637,0.7709910782485323,0.0,0.0,0.7738547950525951,0.0,0.7881479796199503,0.0,0.0,0.0,0.7745032619197524,0.7753966097328148,0.0,0.0,0.0,0.0,0.0,0.0,0.0,0.7760351465700528,0.7640222185523796,0.0,0.0,0.0,0.0,0.0,0.0,0.0,0.7686833233859177,0.0,0.0
0.0,0.0,0.0,0.0,0.0,0.0,0.0,0.0,0.0,0.0,0.0,0.0,0.0,0.0,0.0,0.0,0.0,0.0,0.0,0.0,0.0,0.0,0.0,0.0,0.0,0.0,0.0,0.8877201508736893,0.0,0.0,0.0,0.0,0.0,0.0,0.0,0.0,0.0,0.0,0.0,0.0,0.0,0.0,0.0,0.0,0.0,0.0,0.0,0.0,0.0,0.0,0.0,0.0,0.0,0.0,0.0,0.0,0.0,0.0,0.0,0.0,0.0,0.0,0.0,0.0,0.0,0.0,0.0,0.0,0.0,0.0,0.0,0.0,0.0,0.0,0.0,0.0,0.0,0.0,0.0,0.0,0.0,0.0,0.0,0.0,0.0,0.0,0.0,0.0,0.0,0.0,0.0,0.0,0.0,0.0,0.0,0.0,0.0,0.0,0.0,0.0,0.0,0.0,0.0,0.0,0.0,0.8921352832546323,0.0,0.0,0.0,0.0,1.0,0.0,0.0,0.0,0.0,0.0,0.0,0.0,0.0,0.0,0.0,0.0,0.0,0.0,0.0,0.0,0.0,0.0,0.0,0.0,0.0,0.0,0.0,0.0,0.0,0.0,0.0,0.0,0.0,0.0,0.0,0.0,0.0,0.0,0.0,0.0,0.0,0.0,0.0,0.0,0.0,0.0,0.0,0.0,0.0,0.0,0.0,0.0,0.0,0.0,0.0,0.0,0.0,0.0,0.0,0.0,0.0,0.0,0.0,0.0,0.0,0.0,0.0,0.0,0.0,0.0,0.0,0.0,0.0,0.0,0.0,0.0,0.0,0.8543291717214679,0.0,0.0,0.0,0.0,0.0,0.0,0.0,0.0,0.0,0.0,0.0,0.0,0.0,0.0,0.0,0.0
0.779652234526673,0.9037522400614624,0.0,0.0,0.0,0.7621920968446786,0.0,0.0,0.0,0.0,0.0,0.0,0.0,0.0,0.7496373708124638,0.0,0.759680249286418,0.0,0.0,0.0,0.0,0.0,0.7773811264860563,0.0,0.7480046206345001,0.790107607568511,0.0,0.0,0.7569931676140909,0.0,0.0,0.0,0.0,0.0,0.0,0.0,0.0,0.8883459400395437,0.0,0.0,0.0,0.9060821519060221,0.7541957094600512,0.0,0.0,0.0,0.0,0.7867361450129162,0.0,0.0,0.0,0.7631107539310595,0.0,0.0,0.0,0.0,0.0,0.0,0.7606396456316252,0.0,0.0,0.7615890623187308,0.7719342016599297,0.7527678628343722,0.7628052254129142,0.0,0.0,0.0,0.0,0.0,0.0,0.0,0.0,0.7902043397618187,0.0,0.0,0.7484067910219525,0.0,0.7499376110897867,0.0,0.0,0.7612292272857744,0.0,0.0,0.0,0.7616447036493106,0.7601065676832622,0.0,0.0,0.7601414044863727,0.0,0.0,0.0,0.0,0.0,0.7617137736210678,0.0,0.0,0.0,0.0,0.0,0.7447505074632101,0.0,0.7485388476014673,0.0,0.0,0.0,0.0,0.752488798463407,0.7629673127118889,0.0,1.0,0.8733530170012738,0.7651489279854775,0.7535669471468908,0.0,0.0,0.7632720982803878,0.0,0.7506096692567763,0.0,0.0,0.0,0.0,0.0,0.0,0.0,0.7611927604596338,0.0,0.0,0.7919834678081782,0.0,0.7634116755708319,0.0,0.0,0.0,0.0,0.0,0.7438431808737441,0.7614492099545507,0.0,0.0,0.7610629762911524,0.7631559334888267,0.7933954895504131,0.0,0.0,0.0,0.0,0.7564095204170073,0.76074158121013,0.0,0.0,0.0,0.0,0.0,0.8882446714135136,0.0,0.0,0.7586479679211381,0.0,0.0,0.0,0.0,0.7540412678475846,0.7613154066329123,0.0,0.0,0.744443264561792,0.7770810116583017,0.0,0.0,0.0,0.0,0.0,0.7521614323550524,0.0,0.0,0.0,0.0,0.7504258119299086,0.0,0.7634031065126214,0.0,0.7632210294185652,0.0,0.8836296201453606,0.0,0.7508722051989744,0.0,0.0,0.0,0.0,0.0,0.0,0.0,0.0,0.757433331487399,0.0,0.7647754893782353
0.7610888765323282,0.8761075809596751,0.0,0.0,0.0,0.7608798912416317,0.0,0.0,0.0,0.0,0.0,0.0,0.0,0.0,0.0,0.0,0.0,0.0,0.0,0.0,0.0,0.0,0.0,0.0,0.0,0.7545548131063923,0.0,0.0,0.7559335721121817,0.0,0.0,0.0,0.0,0.0,0.0,0.0,0.0,0.8691270125784805,0.0,0.0,0.0,0.8755977078134192,0.0,0.0,0.0,0.0,0.0,0.7581756936999988,0.0,0.0,0.0,0.7617483839105129,0.0,0.0,0.0,0.0,0.0,0.0,0.7594082782192206,0.0,0.0,0.7603088344114077,0.770942139095832,0.0,0.7614597362232006,0.0,0.0,0.0,0.0,0.0,0.0,0.0,0.0,0.0,0.0,0.0,0.0,0.0,0.0,0.0,0.0,0.7599677291760445,0.0,0.0,0.0,0.7603615562472845,0.7589018574300109,0.0,0.0,0.0,0.0,0.0,0.0,0.0,0.0,0.7604269933922454,0.0,0.0,0.0,0.0,0.0,0.0,0.0,0.0,0.0,0.0,0.0,0.0,0.0,0.0,0.0,0.8733530170012738,1.0,0.0,0.0,0.0,0.0,0.7619007335402045,0.0,0.0,0.0,0.0,0.0,0.7582836705843504,0.0,0.0,0.0,0.7599331459958465,0.0,0.0,0.0,0.0,0.7620324845344972,0.0,0.0,0.0,0.0,0.0,0.0,0.7601762924540882,0.0,0.0,0.7598100441557324,0.0,0.792206666638422,0.0,0.0,0.0,0.0,0.0,0.0,0.0,0.0,0.0,0.0,0.0,0.8772604055749486,0.0,0.0,0.757513437789032,0.7534146865987691,0.0,0.0,0.0,0.0,0.7600494464780195,0.0,0.0,0.0,0.0,0.0,0.0,0.0,0.0,0.0,0.0,0.0,0.0,0.0,0.7596558390634833,0.0,0.0,0.7620243971639331,0.0,0.7618525177235381,0.0,0.8898188758970839,0.0,0.0,0.0,0.0,0.0,0.0,0.0,0.0,0.0,0.0,0.0,0.0,0.7633175847992442
0.0,0.7650110676476413,0.0,0.0,0.7949414384097307,0.0,0.0,0.0,0.75486759936888,0.0,0.0,0.0,0.0,0.0,0.7996648349460054,0.0,0.7698487507152758,0.0,0.0,0.0,0.0,0.0,0.8944118965140146,0.0,0.9210638451381387,0.0,0.0,0.0,0.0,0.0,0.0,0.0,0.0,0.0,0.0,0.0,0.0,0.7644555014370158,0.0,0.0,0.0,0.7477339264092628,0.0,0.0,0.0,0.0,0.0,0.0,0.7529196520585535,0.0,0.0,0.0,0.0,0.0,0.0,0.0,0.0,0.0,0.0,0.0,0.0,0.0,0.0,0.8075914414951324,0.0,0.0,0.0,0.0,0.0,0.0,0.0,0.0,0.0,0.0,0.7964150772609907,0.0,0.798579222039429,0.0,0.8727407848886508,0.0,0.0,0.0,0.0,0.0,0.0,0.0,0.0,0.7549734572824282,0.0,0.7702007696406045,0.0,0.0,0.0,0.0,0.0,0.0,0.0,0.0,0.0,0.0,0.0,0.8693131415201244,0.7616234916109911,0.83873522677246,0.0,0.0,0.0,0.0,0.7814300904002234,0.772320369570128,0.0,0.7651489279854775,0.0,1.0,0.7823278162438209,0.0,0.0,0.0,0.0,0.8957031675813412,0.0,0.7943250206822063,0.0,0.7526587424009896,0.783939421494359,0.7557880783292423,0.0,0.0,0.0,0.0,0.0,0.0,0.0,0.7553101497442858,0.0,0.0,0.0,0.7956110194644801,0.779548794779318,0.0,0.0,0.0,0.0,0.755379290384538,0.0,0.0,0.0,0.770679572072368,0.0,0.7846546235910753,0.7706563707107775,0.7541492706106707,0.0,0.7541957094600512,0.8054429188624668,0.0,0.0,0.0,0.0,0.0,0.0,0.0,0.7547542798602626,0.7767729434502249,0.788374647589088,0.0,0.0,0.0,0.7885989608916643,0.7700156470734398,0.7522005476169668,0.0,0.0,0.0,0.0,0.8045897489691953,0.0,0.0,0.0,0.7537334894577926,0.8078170590016537,0.0,0.0,0.0,0.0,0.0,0.0,0.0,0.8082096593357713,0.7830350923046587,0.0,0.0,0.0,0.0,0.0,0.0,0.0,0.7782223394942265,0.0,0.0
0.0,0.7533978293787889,0.0,0.0,0.7907751866691353,0.0,0.0,0.0,0.0,0.0,0.0,0.0,0.0,0.0,0.7765516231810551,0.7609983488221516,0.0,0.0,0.0,0.0,0.0,0.0,0.7901625909610038,0.0,0.7877428742941175,0.0,0.0,0.0,0.0,0.0,0.0,0.0,0.0,0.0,0.0,0.0,0.0,0.7527186959861148,0.0,0.0,0.7609364712493112,0.7529453518593875,0.0,0.0,0.0,0.0,0.0,0.0,0.0,0.0,0.0,0.0,0.0,0.0,0.0,0.0,0.0,0.0,0.0,0.0,0.0,0.0,0.0,0.7870468185729069,0.0,0.0,0.0,0.0,0.0,0.0,0.0,0.0,0.0,0.0,0.7853372890144528,0.7606752733835376,0.7752832201372476,0.0,0.789768401096538,0.0,0.0,0.0,0.0,0.0,0.0,0.0,0.0,0.7623801291611001,0.0,0.7599479611925538,0.0,0.0,0.0,0.0,0.0,0.0,0.0,0.0,0.0,0.0,0.0,0.7843311984342402,0.7662556258942091,0.7969055546671892,0.0,0.0,0.0,0.0,0.9050967570657027,0.7902654401952826,0.0,0.7535669471468908,0.0,0.7823278162438209,1.0,0.0,0.0,0.0,0.0,0.7951351682798441,0.0,0.7957033484645342,0.0,0.0,0.7656299571632426,0.0,0.0,0.0,0.0,0.0,0.0,0.0,0.0,0.7628414596222937,0.0,0.0,0.0,0.7866912813682759,0.7605634797977134,0.0,0.0,0.0,0.0,0.7629364872176579,0.0,0.0,0.0,0.7777712826060094,0.0,0.8193592059842447,0.7605432100629099,0.7612605291209754,0.0,0.7785378684100277,0.812781447973771,0.0,0.0,0.0,0.0,0.0,0.0,0.0,0.0,0.7469273793358491,0.8690502065402643,0.0,0.0,0.0,0.784008971648739,0.7768851983889247,0.0,0.0,0.0,0.7603339254582249,0.0,0.7791521785179233,0.0,0.0,0.0,0.7607007545104673,0.810637696391756,0.0,0.0,0.0,0.0,0.0,0.0,0.0,0.8058837262655362,0.8248409286864603,0.0,0.0,0.0,0.0,0.0,0.0,0.0,0.7845785352857406,0.0,0.0
0.0,0.0,0.0,0.0,0.0,0.0,0.0,0.0,0.770087260357192,0.0,0.0,0.7856169551804016,0.0,0.0,0.0,0.0,0.8324594145127598,0.0,0.8042680181270001,0.0,0.0,0.0,0.754594177734928,0.0,0.0,0.0,0.0,0.0,0.0,0.0,0.7677921078317776,0.0,0.7848357801270112,0.0,0.0,0.0,0.0,0.0,0.0,0.0,0.0,0.0,0.0,0.0,0.0,0.0,0.0,0.0,0.0,0.0,0.0,0.0,0.0,0.0,0.0,0.0,0.0,0.7854565868357357,0.0,0.0,0.0,0.0,0.0,0.0,0.0,0.0,0.0,0.0,0.0,0.7860207019576596,0.0,0.0,0.0,0.7611459565372977,0.0,0.7679469960382351,0.0,0.0,0.0,0.0,0.0,0.0,0.0,0.0,0.0,0.0,0.7669195763761015,0.0,0.0,0.7669659371505949,0.0,0.0,0.0,0.7829852650475179,0.0,0.0,0.0,0.0,0.0,0.0,0.785283146958222,0.0,0.7535443278093078,0.0,0.0,0.0,0.0,0.0,0.0,0.0,0.0,0.0,0.0,0.0,0.0,1.0,0.0,0.0,0.0,0.0,0.0,0.0,0.0,0.0,0.7528134795026128,0.0,0.0,0.0,0.0,0.0,0.0,0.0,0.0,0.0,0.0,0.0,0.0,0.0,0.7470156322115489,0.0,0.7852866743231669,0.0,0.0,0.7710656566636359,0.0,0.0,0.0,0.0,0.0,0.0,0.7677681037175705,0.0,0.0,0.0,0.0,0.0,0.0,0.7958478966589954,0.7857603896085761,0.0,0.0,0.0,0.0,0.750714665411561,0.0,0.0,0.0,0.7902452962917044,0.7477045315178973,0.0,0.0,0.8248010118294858,0.0,0.0,0.0,0.0,0.0,0.0,0.0,0.0,0.0,0.0,0.0,0.0,0.0,0.0,0.0,0.0,0.0,0.0,0.0,0.0,0.0,0.0,0.0,0.0,0.0,0.0,0.0,0.0
0.0,0.0,0.87066491979923,0.0,0.0,0.0,0.0,0.0,0.0,0.0,0.8549321975395232,0.0,0.0,0.0,0.0,0.0,0.0,0.8676251556321278,0.0,0.8450907397966636,0.0,0.8500553911620409,0.0,0.8918988048089153,0.0,0.0,0.8620885845295483,0.0,0.0,0.0,0.0,0.8159888652295731,0.0,0.0,0.8349826050082986,0.8385901455315232,0.0,0.0,0.0,0.0,0.0,0.0,0.0,0.8747635407690638,0.0,0.0,0.8538652083299496,0.0,0.0,0.0,0.8372257665009555,0.0,0.0,0.0,0.8824974225818774,0.0,0.0,0.0,0.0,0.0,0.0,0.0,0.0,0.0,0.0,0.0,0.0,0.0,0.8242444195980566,0.0,0.84553776949887,0.0,0.8636479552259662,0.0,0.0,0.0,0.0,0.0,0.0,0.0,0.8370697367957384,0.0,0.8372375063281962,0.8591525912376403,0.8351001598901386,0.0,0.0,0.0,0.8454943038150036,0.0,0.0,0.0,0.0,0.0,0.8464046571793844,0.0,0.851819087824158,0.0,0.0,0.0,0.0,0.0,0.0,0.0,0.0,0.0,0.8574680812110563,0.0,0.0,0.0,0.0,0.0,0.0,0.0,0.0,0.0,1.0,0.0,0.0,0.0,0.8598411869164149,0.0,0.8325546725476416,0.0,0.0,0.0,0.8390793907932304,0.0,0.8655198389309228,0.0,0.0,0.0,0.0,0.0,0.8920252535993266,0.8609197717641891,0.8387522147904248,0.0,0.0,0.0,0.0,0.0,0.0,0.0,0.0,0.0,0.0,0.0,0.0,0.0,0.0,0.0,0.0,0.0,0.0,0.0,0.0,0.0,0.0,0.0,0.0,0.0,0.0,0.0,0.0,0.0,0.0,0.0,0.0,0.0,0.0,0.0,0.0,0.0,0.871913472460986,0.0,0.0,0.0,0.0,0.0,0.0,0.8564883917689362,0.0,0.0,0.0,0.0,0.0,0.863300689350848,0.0,0.0,0.0,0.0,0.0,0.0,0.0,0.8412568532660019,0.0,0.0,0.0,0.0
0.7777894419227023,0.763017840552121,0.0,0.0,0.0,0.7773726215942143,0.0,0.0,0.0,0.0,0.7734044987298755,0.0,0.0,0.8257201514689446,0.0,0.0,0.0,0.7912402056603496,0.0,0.7741522728005746,0.0,0.7894847841005377,0.0,0.0,0.0,0.0,0.0,0.0,0.0,0.0,0.0,0.7728987305633986,0.0,0.0,0.0,0.7884122731122281,0.0,0.7620055373070515,0.0,0.0,0.0,0.7623418574702473,0.0,0.0,0.0,0.0,0.7692088818586466,0.0,0.0,0.0,0.7889345126028916,0.8463357636191626,0.0,0.0,0.0,0.0,0.0,0.0,0.7745304731205676,0.0,0.0,0.7762509725636993,0.0,0.0,0.8477184078905922,0.0,0.0,0.0,0.0,0.0,0.7715140342888706,0.0,0.0,0.0,0.0,0.0,0.0,0.0,0.0,0.0,0.77133050113344,0.7755925735699087,0.7715020220503234,0.0,0.0,0.7763534938409623,0.0,0.0,0.0,0.0,0.0,0.0,0.8075610749276309,0.0,0.0,0.7764810281292699,0.7692016042306853,0.0,0.0,0.0,0.0,0.0,0.0,0.0,0.0,0.0,0.0,0.0,0.0,0.0,0.0,0.7632720982803878,0.7619007335402045,0.0,0.0,0.0,0.0,1.0,0.0,0.0,0.7898217850299469,0.0,0.0,0.0,0.0,0.0,0.0,0.7755262880190293,0.7746669898822418,0.0,0.0,0.0,0.850893675183526,0.0,0.0,0.7734391743317004,0.771144410428643,0.0,0.0,0.7759941389562665,0.0,0.0,0.7752910230957171,0.0,0.0,0.0,0.8210488215819357,0.0,0.0,0.0,0.0,0.0,0.0,0.0,0.0,0.0,0.7652767742475751,0.0,0.0,0.0,0.0,0.0,0.0,0.0,0.0,0.7757495390780001,0.0,0.0,0.0,0.0,0.0,0.0,0.0,0.0,0.0,0.0,0.0,0.0,0.0,0.0,0.0,0.0,0.8489837064101898,0.0,0.8942249331776564,0.0,0.7633631582219829,0.7933881397343449,0.0,0.0,0.0,0.0,0.0,0.8119362165024449,0.0,0.0,0.0,0.0,0.0,0.7824736191865886
0.0,0.7570893035653353,0.0,0.8206644668585075,0.0,0.0,0.0,0.0,0.0,0.0,0.0,0.0,0.8586136491517883,0.0,0.0,0.0,0.0,0.0,0.0,0.0,0.0,0.0,0.0,0.0,0.0,0.0,0.0,0.0,0.0,0.0,0.0,0.0,0.0,0.0,0.0,0.0,0.0,0.0,0.0,0.0,0.0,0.756561044391397,0.0,0.0,0.0,0.0,0.0,0.0,0.0,0.0,0.0,0.0,0.0,0.0,0.0,0.0,0.0,0.0,0.0,0.0,0.8774358016213347,0.0,0.0,0.0,0.0,0.0,0.7694282415157597,0.0,0.0,0.0,0.0,0.0,0.0,0.0,0.0,0.0,0.0,0.0,0.0,0.0,0.0,0.0,0.0,0.0,0.0,0.0,0.0,0.0,0.0,0.0,0.0,0.8687309170700401,0.0,0.0,0.0,0.0,0.0,0.0,0.0,0.0,0.0,0.0,0.0,0.0,0.0,0.0,0.0,0.0,0.0,0.0,0.0,0.0,0.0,0.0,0.0,0.0,0.0,0.0,1.0,0.0,0.0,0.0,0.0,0.0,0.0,0.0,0.0,0.0,0.0,0.0,0.0,0.0,0.0,0.0,0.0,0.0,0.0,0.0,0.0,0.0,0.0,0.0,0.0,0.0,0.0,0.0,0.0,0.0,0.0,0.0,0.0,0.0,0.0,0.0,0.0,0.0,0.0,0.0,0.0,0.0,0.0,0.0,0.0,0.0,0.0,0.0,0.0,0.0,0.0,0.0,0.0,0.0,0.0,0.0,0.0,0.0,0.0,0.0,0.0,0.0,0.0,0.0,0.0,0.0,0.0,0.0,0.0,0.0,0.0,0.0,0.0,0.0,0.770881592286791,0.0,0.0,0.0,0.0,0.0,0.0,0.0
0.0,0.7674294743172972,0.0,0.0,0.7930301594402613,0.0,0.0,0.0,0.7580773355408161,0.0,0.0,0.0,0.0,0.0,0.7953945822089088,0.0,0.7557528789704131,0.0,0.0,0.0,0.0,0.0,0.8968347185351757,0.0,0.8934194223467009,0.0,0.0,0.0,0.0,0.0,0.0,0.0,0.0,0.0,0.0,0.0,0.0,0.7498601762940987,0.0,0.0,0.0,0.7500607418487216,0.0,0.0,0.0,0.0,0.0,0.0,0.0,0.0,0.0,0.0,0.0,0.0,0.0,0.0,0.0,0.0,0.0,0.0,0.0,0.0,0.0,0.8123535757137997,0.0,0.0,0.0,0.0,0.0,0.0,0.0,0.0,0.0,0.0,0.7946730739838336,0.0,0.7976492770653816,0.0,0.8713505101856671,0.0,0.0,0.0,0.0,0.0,0.0,0.0,0.0,0.7581986263320786,0.0,0.7732404656618896,0.0,0.0,0.0,0.0,0.0,0.0,0.0,0.0,0.0,0.0,0.0,0.8672929086897688,0.7809762912001076,0.8409581048563105,0.0,0.0,0.0,0.0,0.7941307541499389,0.7756590408997779,0.0,0.7506096692567763,0.0,0.8957031675813412,0.7951351682798441,0.0,0.0,0.0,0.0,1.0,0.0,0.7866632831088202,0.0,0.0,0.7906747339579253,0.7591346147348587,0.0,0.0,0.0,0.0,0.0,0.0,0.0,0.7585849180794971,0.0,0.0,0.0,0.8045262290751048,0.7962453323554989,0.0,0.0,0.0,0.0,0.775818831487975,0.0,0.0,0.0,0.7839714970328892,0.0,0.7801170374611506,0.7566489885169293,0.774378933888945,0.0,0.7573092580735572,0.8120803085781559,0.0,0.0,0.0,0.0,0.0,0.0,0.0,0.7750858629926191,0.7889754621867512,0.7955753250277463,0.0,0.0,0.0,0.7864792901068423,0.7730305798520014,0.7550456326132645,0.0,0.0,0.0,0.0,0.8138729631521929,0.0,0.0,0.0,0.7738945426577917,0.8159591942746128,0.0,0.0,0.0,0.0,0.0,0.0,0.0,0.8196952958271236,0.791261776948787,0.0,0.0,0.0,0.0,0.0,0.0,0.0,0.770881592286791,0.0,0.0
0.0,0.0,0.8690743573577105,0.0,0.0,0.0,0.0,0.0,0.0,0.0,0.8558056383088929,0.0,0.0,0.0,0.0,0.0,0.0,0.8701343864299199,0.0,0.846257544214109,0.0,0.8867008102389857,0.0,0.8752306695448022,0.0,0.0,0.8484942034364287,0.0,0.0,0.0,0.0,0.8290254576353273,0.0,0.0,0.8269595239971863,0.8356874008093489,0.0,0.0,0.0,0.0,0.0,0.0,0.0,0.866698855372572,0.0,0.0,0.8778041871351845,0.0,0.0,0.0,0.8410674362051034,0.7721224053451986,0.0,0.0,0.8570607342258125,0.0,0.0,0.0,0.0,0.0,0.0,0.0,0.0,0.0,0.7716788041625783,0.0,0.0,0.0,0.8360851136831657,0.0,0.8576960246060142,0.0,0.8737659727684258,0.0,0.0,0.0,0.0,0.0,0.0,0.0,0.843789832406215,0.0,0.8361458594122728,0.8462191494761933,0.8413417978209368,0.0,0.0,0.0,0.8521226099206278,0.0,0.0,0.0,0.0,0.0,0.8611214333572907,0.0,0.8616132500131405,0.0,0.0,0.0,0.0,0.0,0.0,0.0,0.0,0.0,0.8445709667499487,0.0,0.0,0.0,0.0,0.0,0.0,0.0,0.0,0.0,0.8598411869164149,0.7898217850299469,0.0,0.0,1.0,0.0,0.9029411841999049,0.0,0.0,0.0,0.8395075405728647,0.0,0.8569109196607615,0.0,0.7641191344422499,0.0,0.7725617631911385,0.0,0.8689097532341271,0.850627549599344,0.835832403062376,0.0,0.0,0.0,0.0,0.0,0.0,0.0,0.0,0.0,0.7724074921757954,0.0,0.0,0.0,0.0,0.0,0.0,0.0,0.0,0.0,0.0,0.0,0.0,0.0,0.0,0.0,0.0,0.0,0.0,0.0,0.0,0.0,0.0,0.0,0.0,0.0,0.0,0.0,0.8545159803107165,0.0,0.0,0.0,0.0,0.0,0.0,0.871017813483468,0.7725492179379884,0.0,0.8290076974020718,0.0,0.0,0.8569607742642703,0.0,0.0,0.0,0.0,0.0,0.0,0.0,0.8313546565412937,0.0,0.0,0.0,0.0
0.0,0.0,0.0,0.0,0.8813435610145954,0.0,0.0,0.0,0.7652335689471771,0.0,0.0,0.0,0.0,0.0,0.7682038948510502,0.7811067888534154,0.0,0.0,0.0,0.0,0.0,0.0,0.7863316086090011,0.0,0.7837518212077198,0.0,0.0,0.0,0.0,0.0,0.0,0.0,0.0,0.0,0.0,0.0,0.0,0.0,0.0,0.0,0.7810355218349075,0.0,0.0,0.0,0.0,0.0,0.0,0.0,0.0,0.0,0.0,0.0,0.0,0.0,0.0,0.0,0.0,0.0,0.0,0.0,0.0,0.0,0.0,0.771644551916513,0.0,0.0,0.0,0.0,0.0,0.0,0.0,0.0,0.0,0.0,0.8436838559454248,0.7807349375157576,0.7769561446456813,0.0,0.78591009373141,0.0,0.0,0.0,0.0,0.0,0.0,0.0,0.0,0.7827042823773809,0.0,0.0,0.0,0.0,0.0,0.0,0.0,0.0,0.0,0.0,0.0,0.0,0.0,0.7729369353039698,0.7510020465123016,0.77710202554866,0.0,0.0,0.0,0.0,0.7944757342090675,0.7658172102031119,0.0,0.0,0.0,0.7943250206822063,0.7957033484645342,0.0,0.0,0.0,0.0,0.7866632831088202,0.0,1.0,0.0,0.7791229195282157,0.0,0.0,0.0,0.0,0.0,0.0,0.0,0.0,0.0,0.800950476549461,0.0,0.0,0.0,0.7542131476462811,0.7450671072549719,0.0,0.0,0.0,0.0,0.8010635574126079,0.0,0.0,0.0,0.7633574567804089,0.0,0.7859046668126316,0.7805831118322866,0.7990777848330288,0.0,0.7642016757053886,0.7863168891550263,0.0,0.0,0.0,0.0,0.0,0.0,0.0,0.7926576072269872,0.0,0.783231637301932,0.0,0.0,0.0,0.7726008346082451,0.7623856015678109,0.0,0.0,0.0,0.7803427158160218,0.0,0.7709754069013351,0.766698940230744,0.7637424980191044,0.0,0.7984184438053434,0.7690673640522625,0.0,0.0,0.0,0.0,0.0,0.0,0.0,0.7525410971052352,0.7909676974419371,0.0,0.0,0.0,0.0,0.0,0.0,0.0,0.8307371753848974,0.0,0.0
0.0,0.0,0.8356615920550384,0.0,0.0,0.0,0.0,0.0,0.0,0.0,0.8278073664308979,0.0,0.0,0.0,0.0,0.0,0.0,0.8281065576289847,0.0,0.8411203355410762,0.0,0.8206608545245926,0.0,0.8314024049140387,0.0,0.0,0.8306410322372678,0.0,0.0,0.0,0.0,0.8178964514215546,0.0,0.0,0.9007903531348174,0.8399077923565075,0.0,0.0,0.0,0.0,0.0,0.0,0.0,0.8368116391662896,0.0,0.0,0.8212622369036843,0.0,0.0,0.0,0.8461202050848035,0.0,0.0,0.0,0.8351643276452537,0.0,0.0,0.0,0.0,0.0,0.0,0.0,0.0,0.0,0.0,0.0,0.0,0.0,0.8388608203967025,0.0,0.8461421607537333,0.0,0.8495563183402935,0.0,0.0,0.0,0.0,0.0,0.0,0.0,0.8402273888422358,0.0,0.8461311806404189,0.831956555121347,0.8438128932355603,0.0,0.0,0.0,0.8508740634349129,0.0,0.0,0.0,0.0,0.0,0.8414542840142026,0.0,0.8146247269733664,0.0,0.0,0.0,0.0,0.0,0.0,0.0,0.0,0.0,0.8222322996533049,0.0,0.0,0.0,0.0,0.0,0.0,0.0,0.0,0.0,0.8325546725476416,0.0,0.0,0.0,0.9029411841999049,0.0,1.0,0.0,0.0,0.0,0.8403614082268838,0.0,0.8338032593513983,0.0,0.0,0.0,0.0,0.0,0.8258722514168858,0.8404847110458736,0.8400581284656942,0.0,0.0,0.0,0.0,0.0,0.0,0.0,0.0,0.0,0.0,0.0,0.0,0.0,0.0,0.0,0.0,0.0,0.0,0.0,0.0,0.0,0.0,0.0,0.0,0.0,0.0,0.0,0.0,0.0,0.0,0.0,0.0,0.0,0.0,0.0,0.0,0.0,0.827806518957921,0.0,0.0,0.0,0.0,0.0,0.0,0.827301315025356,0.0,0.0,0.0,0.0,0.0,0.8369905782142618,0.0,0.0,0.0,0.0,0.0,0.0,0.0,0.8238161394399345,0.0,0.0,0.0,0.0
0.0,0.7592398655396666,0.0,0.0,0.0,0.0,0.0,0.0,0.8212237621941717,0.0,0.0,0.0,0.0,0.0,0.7543687234037634,0.8288065271384163,0.0,0.0,0.0,0.0,0.0,0.0,0.0,0.0,0.7523863423376251,0.0,0.0,0.0,0.0,0.0,0.0,0.0,0.0,0.0,0.0,0.0,0.0,0.7583736434658848,0.0,0.0,0.8413717348872631,0.0,0.7600717818972413,0.0,0.0,0.0,0.0,0.0,0.8892775299143483,0.0,0.0,0.0,0.0,0.0,0.0,0.0,0.0,0.0,0.0,0.0,0.0,0.0,0.0,0.0,0.0,0.0,0.0,0.0,0.0,0.0,0.0,0.0,0.0,0.0,0.0,0.8283118461437663,0.7528719982047308,0.7726120094936728,0.0,0.0,0.0,0.0,0.0,0.0,0.0,0.0,0.0,0.8436486831977719,0.0,0.767991928273761,0.0,0.0,0.0,0.0,0.0,0.0,0.0,0.0,0.0,0.0,0.0,0.0,0.7711740095717203,0.0,0.0,0.0,0.0,0.0,0.0,0.0,0.0,0.0,0.7582836705843504,0.7526587424009896,0.0,0.0,0.0,0.0,0.0,0.0,0.0,0.7791229195282157,0.0,1.0,0.7533735013496401,0.0,0.0,0.0,0.0,0.0,0.0,0.0,0.0,0.8288616382254612,0.0,0.0,0.0,0.0,0.7643527556958923,0.0,0.0,0.0,0.0,0.8258683200397726,0.0,0.0,0.0,0.786258099355666,0.0,0.0,0.832995165683589,0.8435257881146239,0.0,0.0,0.0,0.0,0.0,0.0,0.0,0.0,0.7602887806343434,0.0,0.839547996232059,0.0,0.0,0.0,0.0,0.0,0.7481538763588378,0.7676552638304789,0.8301591800249551,0.0,0.0,0.8183224172599451,0.0,0.0,0.7731588648024367,0.8377234310002358,0.0,0.8373906053645919,0.0,0.0,0.0,0.0,0.0,0.0,0.0,0.0,0.0,0.0,0.0,0.0,0.0,0.0,0.0,0.0,0.8282031889768456,0.0,0.0,0.0
0.0,0.7486823723380819,0.0,0.0,0.0,0.0,0.0,0.0,0.0,0.0,0.0,0.0,0.0,0.0,0.8002143999885557,0.7547106877104829,0.0,0.0,0.0,0.0,0.0,0.0,0.7943543528881879,0.0,0.7883615854953244,0.0,0.0,0.0,0.0,0.0,0.0,0.0,0.0,0.0,0.0,0.0,0.0,0.0,0.0,0.0,0.0,0.0,0.0,0.0,0.0,0.0,0.0,0.0,0.7536425022343101,0.0,0.0,0.0,0.0,0.0,0.0,0.0,0.0,0.0,0.0,0.0,0.0,0.0,0.0,0.7925594937749723,0.0,0.0,0.0,0.0,0.0,0.0,0.0,0.0,0.0,0.0,0.7523737907306013,0.0,0.7926530773174743,0.0,0.7854487734039719,0.0,0.0,0.0,0.0,0.0,0.0,0.0,0.0,0.755763226278416,0.0,0.7709480065479997,0.0,0.0,0.0,0.0,0.0,0.0,0.0,0.0,0.0,0.0,0.0,0.7752115505917683,0.8807268792311732,0.788839227257758,0.0,0.0,0.0,0.0,0.7820218073396238,0.0,0.0,0.0,0.0,0.783939421494359,0.7656299571632426,0.7528134795026128,0.0,0.0,0.0,0.7906747339579253,0.0,0.0,0.0,0.7533735013496401,1.0,0.7566060480778215,0.0,0.0,0.0,0.0,0.0,0.0,0.0,0.0,0.0,0.0,0.0,0.8986302406987845,0.8193432889181363,0.0,0.0,0.0,0.0,0.0,0.0,0.0,0.0,0.7888854627143931,0.0,0.7679659955644964,0.0,0.7549114827409497,0.0,0.0,0.7943427128238366,0.0,0.0,0.0,0.0,0.0,0.0,0.0,0.7555366262836954,0.9074858578175744,0.7490855610106336,0.0,0.0,0.0,0.8638513197034187,0.0,0.7529013122291638,0.0,0.0,0.7541995834976929,0.0,0.7817409377777943,0.0,0.7717110860738267,0.0,0.7544821613382973,0.7944535144223304,0.0,0.0,0.0,0.0,0.0,0.0,0.0,0.7982793946271355,0.7893288013183731,0.0,0.0,0.0,0.0,0.0,0.0,0.7714660212030834,0.7517947976704372,0.0,0.0
0.0,0.0,0.0,0.0,0.0,0.0,0.0,0.0,0.0,0.0,0.0,0.0,0.0,0.0,0.7577508927448874,0.0,0.0,0.0,0.0,0.0,0.0,0.0,0.7587111858886091,0.0,0.7554772467497499,0.0,0.0,0.0,0.0,0.0,0.0,0.0,0.0,0.0,0.0,0.0,0.0,0.0,0.0,0.0,0.0,0.0,0.0,0.0,0.0,0.0,0.0,0.0,0.0,0.0,0.0,0.0,0.0,0.0,0.0,0.0,0.0,0.0,0.0,0.0,0.0,0.0,0.0,0.0,0.0,0.0,0.0,0.0,0.0,0.0,0.0,0.0,0.0,0.0,0.0,0.0,0.0,0.0,0.7581756936999988,0.0,0.0,0.0,0.0,0.0,0.0,0.0,0.0,0.0,0.0,0.0,0.0,0.0,0.0,0.0,0.0,0.0,0.0,0.0,0.0,0.0,0.0,0.0,0.757466676174038,0.7733137112758321,0.0,0.0,0.0,0.0,0.0,0.0,0.0,0.0,0.0,0.7557880783292423,0.0,0.0,0.0,0.0,0.0,0.7591346147348587,0.0,0.0,0.0,0.0,0.7566060480778215,1.0,0.0,0.0,0.0,0.0,0.0,0.0,0.0,0.0,0.0,0.0,0.0,0.7617857128921101,0.0,0.0,0.0,0.0,0.0,0.0,0.0,0.0,0.0,0.0,0.0,0.7679642677131434,0.0,0.0,0.0,0.0,0.0,0.0,0.0,0.0,0.0,0.0,0.0,0.0,0.0,0.7541589378278647,0.0,0.0,0.0,0.0,0.7507063151934068,0.0,0.0,0.0,0.0,0.0,0.0,0.0,0.0,0.0,0.0,0.0,0.7588711523531103,0.0,0.0,0.0,0.0,0.0,0.0,0.0,0.7595123274580038,0.0,0.0,0.0,0.0,0.0,0.0,0.0,0.0,0.0,0.0,0.0
0.0,0.0,0.8514583417188771,0.0,0.0,0.0,0.0,0.0,0.0,0.0,0.838748586216084,0.0,0.0,0.0,0.0,0.0,0.0,0.8372881784210744,0.0,0.8777607717062386,0.0,0.842244317098147,0.0,0.8560046290289763,0.0,0.0,0.8422123413164952,0.0,0.0,0.0,0.0,0.8305801885861032,0.0,0.0,0.8434586213223786,0.8499013010025818,0.0,0.0,0.0,0.0,0.0,0.0,0.0,0.8527903908475395,0.0,0.0,0.8383457295075556,0.0,0.0,0.0,0.8503445366357965,0.0,0.0,0.0,0.8500979543392989,0.0,0.0,0.0,0.0,0.0,0.0,0.0,0.0,0.0,0.0,0.0,0.0,0.0,0.8724654569300632,0.0,0.8771511482899806,0.0,0.912666439495874,0.0,0.0,0.0,0.0,0.0,0.0,0.0,0.8839855333875484,0.0,0.8560697654474712,0.8396945093267948,0.8768184991519427,0.0,0.0,0.0,0.849252078129101,0.0,0.0,0.0,0.0,0.0,0.8580865565334038,0.0,0.831570504958198,0.0,0.0,0.0,0.0,0.0,0.0,0.0,0.0,0.0,0.8264696486236913,0.0,0.0,0.0,0.0,0.0,0.0,0.0,0.0,0.0,0.8390793907932304,0.0,0.0,0.0,0.8395075405728647,0.0,0.8403614082268838,0.0,0.0,0.0,1.0,0.0,0.8429966724059745,0.0,0.0,0.0,0.0,0.0,0.8602465132318352,0.8351723944954021,0.8500447999454869,0.0,0.0,0.0,0.0,0.0,0.0,0.0,0.0,0.0,0.0,0.0,0.0,0.0,0.0,0.0,0.0,0.0,0.0,0.0,0.0,0.0,0.0,0.0,0.0,0.0,0.0,0.0,0.0,0.0,0.0,0.0,0.0,0.0,0.0,0.0,0.0,0.0,0.8358028593167902,0.0,0.0,0.0,0.0,0.0,0.0,0.8346638071169311,0.0,0.0,0.0,0.0,0.0,0.8253083649888198,0.0,0.0,0.0,0.0,0.0,0.0,0.0,0.8279603655952087,0.0,0.0,0.0,0.0
0.8770764377574485,0.7609596564749023,0.0,0.0,0.0,0.8548828243118736,0.0,0.0,0.0,0.0,0.0,0.0,0.0,0.0,0.0,0.0,0.0,0.0,0.0,0.0,0.0,0.0,0.0,0.0,0.0,0.0,0.0,0.0,0.0,0.0,0.0,0.0,0.0,0.0,0.0,0.0,0.0,0.7600296103894443,0.0,0.0,0.0,0.7603389468487247,0.0,0.0,0.0,0.0,0.0,0.7692927333260177,0.0,0.0,0.0,0.7752582675448357,0.0,0.0,0.0,0.0,0.0,0.0,0.8333150433036183,0.0,0.0,0.8264000317253973,0.0,0.0,0.7747538503950167,0.0,0.0,0.0,0.0,0.0,0.0,0.0,0.0,0.0,0.0,0.0,0.0,0.0,0.0,0.0,0.0,0.8567062048479217,0.0,0.0,0.0,0.8188605603998951,0.0,0.0,0.0,0.0,0.0,0.0,0.0,0.0,0.0,0.8374958064786253,0.0,0.7712630257482884,0.0,0.0,0.0,0.0,0.0,0.0,0.0,0.0,0.0,0.0,0.0,0.0,0.0,0.7611927604596338,0.7599331459958465,0.0,0.0,0.0,0.0,0.7755262880190293,0.0,0.0,0.0,0.0,0.0,0.0,0.0,0.0,0.0,1.0,0.0,0.0,0.0,0.0,0.7757590848849609,0.0,0.0,0.0,0.0,0.0,0.0,0.8185304926980395,0.0,0.0,0.807255008039369,0.0,0.0,0.0,0.0,0.0,0.0,0.0,0.0,0.0,0.0,0.0,0.0,0.0,0.763023461371827,0.0,0.0,0.0,0.0,0.0,0.0,0.0,0.0,0.8344630524235953,0.0,0.0,0.0,0.0,0.0,0.0,0.0,0.0,0.0,0.0,0.0,0.0,0.0,0.0,0.0,0.0,0.7757447675837117,0.0,0.7754413292730844,0.0,0.761276195497229,0.0,0.0,0.0,0.0,0.0,0.0,0.0,0.0,0.0,0.0,0.0,0.0,0.7780818512001159
0.0,0.0,0.8601392738410806,0.0,0.0,0.0,0.0,0.0,0.0,0.0,0.8719700562808237,0.0,0.0,0.0,0.0,0.0,0.0,0.8609640442168028,0.0,0.86047039664003,0.0,0.8535828302963527,0.0,0.8599794660557458,0.0,0.0,0.8591567673345478,0.0,0.0,0.0,0.0,0.8284796056603853,0.0,0.0,0.838044390840367,0.8453916534614129,0.0,0.0,0.0,0.0,0.0,0.0,0.0,0.8570010819279952,0.0,0.0,0.8486717435004774,0.0,0.0,0.0,0.8430080481118606,0.7744082629239256,0.0,0.0,0.8591943814653227,0.0,0.0,0.0,0.0,0.0,0.0,0.0,0.0,0.0,0.7739210774004808,0.0,0.0,0.0,0.841771712353988,0.0,0.8459009198695584,0.0,0.8544736962923696,0.0,0.0,0.0,0.0,0.0,0.0,0.0,0.8483304928519201,0.0,0.8430194287320566,0.8580601975587944,0.8449801546229485,0.0,0.0,0.0,0.8429890913301602,0.0,0.0,0.0,0.0,0.0,0.8467195010775025,0.0,0.8508587989138449,0.0,0.0,0.0,0.0,0.0,0.0,0.0,0.0,0.0,0.8573344275474845,0.0,0.0,0.0,0.0,0.0,0.0,0.0,0.0,0.0,0.8655198389309228,0.7746669898822418,0.0,0.0,0.8569109196607615,0.0,0.8338032593513983,0.0,0.0,0.0,0.8429966724059745,0.0,1.0,0.0,0.0,0.0,0.7748916362013759,0.0,0.8597992068178132,0.8569731457549595,0.8426801310399542,0.0,0.0,0.0,0.0,0.0,0.0,0.0,0.0,0.0,0.0,0.0,0.0,0.0,0.0,0.0,0.0,0.0,0.0,0.0,0.0,0.0,0.0,0.0,0.0,0.0,0.0,0.0,0.0,0.0,0.0,0.0,0.0,0.0,0.0,0.0,0.0,0.0,0.8685048133268344,0.0,0.0,0.0,0.0,0.0,0.0,0.8532686835575253,0.7748778222847006,0.0,0.7745849874692294,0.0,0.0,0.8571929762531865,0.0,0.0,0.0,0.0,0.0,0.0,0.0,0.8358991324169001,0.0,0.0,0.0,0.0
0.0,0.0,0.0,0.0,0.0,0.0,0.0,0.0,0.0,0.0,0.0,0.0,0.0,0.0,0.0,0.0,0.0,0.0,0.0,0.0,0.0,0.0,0.0,0.0,0.0,0.0,0.0,0.0,0.0,0.0,0.0,0.0,0.0,0.0,0.0,0.0,0.0,0.0,0.0,0.0,0.0,0.0,0.0,0.0,0.0,0.0,0.0,0.0,0.0,0.0,0.0,0.0,0.0,0.0,0.0,0.0,0.0,0.0,0.0,0.0,0.0,0.0,0.0,0.0,0.0,0.0,0.0,0.0,0.0,0.0,0.0,0.0,0.0,0.0,0.0,0.0,0.0,0.0,0.0,0.0,0.0,0.0,0.0,0.0,0.0,0.0,0.0,0.0,0.0,0.0,0.0,0.0,0.0,0.0,0.0,0.0,0.0,0.0,0.0,0.0,0.0,0.0,0.0,0.0,0.0,0.0,0.0,0.0,0.0,0.0,0.0,0.0,0.0,0.0,0.0,0.0,0.0,0.0,0.0,0.0,0.0,0.0,0.0,0.0,0.0,0.0,0.0,0.0,0.0,1.0,0.0,0.0,0.0,0.0,0.0,0.0,0.0,0.0,0.0,0.0,0.0,0.0,0.0,0.0,0.0,0.0,0.0,0.0,0.0,0.0,0.0,0.0,0.0,0.0,0.0,0.0,0.0,0.0,0.0,0.0,0.0,0.0,0.0,0.0,0.0,0.0,0.0,0.0,0.0,0.0,0.0,0.0,0.0,0.0,0.0,0.0,0.0,0.0,0.0,0.0,0.0,0.0,0.0,0.0,0.0,0.0,0.0,0.0,0.0,0.0,0.0,0.0,0.0,0.0,0.0,0.0,0.0,0.0,0.0,0.0
0.0,0.7844622853530523,0.7845363024541271,0.0,0.0,0.0,0.0,0.0,0.0,0.0,0.0,0.0,0.0,0.0,0.7526532996451698,0.0,0.0,0.0,0.0,0.0,0.0,0.0,0.0,0.0,0.0,0.8765364649806259,0.0,0.0,0.0,0.0,0.0,0.0,0.0,0.0,0.0,0.0,0.0,0.8215971467117673,0.0,0.0,0.0,0.7912222439510257,0.0,0.0,0.0,0.0,0.0,0.8662537201706914,0.0,0.0,0.0,0.0,0.0,0.0,0.7927115768294807,0.0,0.0,0.0,0.0,0.0,0.0,0.0,0.8863328131356686,0.0,0.0,0.0,0.0,0.0,0.0,0.7665681792399338,0.0,0.0,0.766170504319809,0.8437960541374391,0.0,0.0,0.7512587750106217,0.0,0.0,0.0,0.0,0.783698861853197,0.0,0.0,0.0,0.0,0.0,0.7680751017455935,0.8041712399549948,0.0,0.0,0.0,0.0,0.0,0.0,0.0,0.0,0.0,0.0,0.0,0.0,0.0,0.0,0.7514079763137225,0.0,0.0,0.0,0.0,0.0,0.0,0.0,0.7919834678081782,0.0,0.0,0.0,0.0,0.0,0.0,0.0,0.0,0.7641191344422499,0.0,0.0,0.0,0.0,0.0,0.0,0.0,0.0,0.0,1.0,0.0,0.0,0.0,0.0,0.0,0.0,0.0,0.0,0.0,0.0,0.0,0.0,0.0,0.8843422790531947,0.0,0.0,0.0,0.0,0.0,0.0,0.0,0.0,0.7667415916777246,0.7534090661842713,0.0,0.7862715595995013,0.0,0.0,0.0,0.0,0.0,0.0,0.0,0.0,0.0,0.0,0.0,0.0,0.7647301605617344,0.0,0.7639111035966617,0.0,0.0,0.0,0.0,0.0,0.0,0.0,0.0,0.0,0.0,0.0,0.0,0.0,0.0,0.7977795858513648,0.0,0.0,0.0,0.0,0.0,0.0,0.0,0.0,0.0,0.0,0.0,0.0,0.0
0.0,0.0,0.0,0.0,0.0,0.0,0.0,0.0,0.0,0.0,0.0,0.0,0.0,0.0,0.0,0.0,0.0,0.0,0.0,0.0,0.0,0.0,0.0,0.0,0.0,0.0,0.0,0.0,0.0,0.0,0.0,0.0,0.0,0.0,0.0,0.0,0.0,0.0,0.0,0.0,0.0,0.0,0.0,0.0,0.0,0.0,0.0,0.0,0.0,0.0,0.0,0.0,0.0,0.0,0.0,0.0,0.0,0.0,0.0,0.0,0.0,0.0,0.0,0.0,0.0,0.0,0.0,0.0,0.0,0.0,0.0,0.0,0.0,0.0,0.0,0.0,0.0,0.0,0.0,0.0,0.0,0.0,0.0,0.0,0.0,0.0,0.0,0.0,0.0,0.0,0.0,0.0,0.0,0.0,0.0,0.0,0.0,0.7780241354184202,0.0,0.0,0.0,0.0,0.0,0.0,0.0,0.0,0.0,0.0,0.0,0.0,0.0,0.0,0.0,0.0,0.0,0.0,0.0,0.0,0.0,0.0,0.0,0.0,0.0,0.0,0.0,0.0,0.0,0.0,0.0,0.0,0.0,1.0,0.0,0.0,0.0,0.0,0.0,0.0,0.0,0.0,0.0,0.0,0.0,0.0,0.0,0.0,0.0,0.0,0.0,0.7700005977111563,0.0,0.0,0.0,0.0,0.0,0.0,0.0,0.0,0.0,0.0,0.0,0.0,0.0,0.0,0.0,0.0,0.0,0.0,0.0,0.0,0.0,0.0,0.0,0.0,0.0,0.0,0.0,0.0,0.0,0.0,0.0,0.0,0.0,0.0,0.0,0.0,0.0,0.0,0.0,0.0,0.0,0.0,0.0,0.0,0.0,0.0,0.0,0.0,0.0,0.0
0.7780451071271878,0.7631559334888267,0.0,0.0,0.0,0.7776239167884955,0.0,0.0,0.0,0.0,0.7736176717719749,0.0,0.0,0.8386869771868346,0.0,0.0,0.0,0.7739609341805678,0.0,0.0,0.0,0.772229434334129,0.0,0.0,0.0,0.0,0.0,0.0,0.7685307021460648,0.0,0.0,0.7731074690509778,0.0,0.0,0.0,0.7711720351640754,0.0,0.7621378710458692,0.0,0.0,0.0,0.7624760782235932,0.0,0.0,0.0,0.0,0.0,0.0,0.0,0.0,0.7716868705899832,0.9203534909712378,0.0,0.0,0.0,0.0,0.0,0.0,0.7747538503950167,0.0,0.0,0.7764908662809205,0.0,0.0,0.9285240062278522,0.0,0.0,0.0,0.0,0.0,0.0,0.0,0.0,0.0,0.0,0.0,0.0,0.0,0.0,0.0,0.0,0.7758260109849549,0.7716989752924315,0.0,0.0,0.7765944084048435,0.0,0.0,0.0,0.0,0.0,0.0,0.7973472722011717,0.0,0.0,0.7767232185089193,0.0,0.0,0.0,0.0,0.0,0.0,0.0,0.0,0.0,0.0,0.0,0.0,0.0,0.0,0.0,0.7634116755708319,0.7620324845344972,0.0,0.0,0.0,0.0,0.850893675183526,0.0,0.0,0.7725617631911385,0.0,0.0,0.0,0.0,0.0,0.0,0.7757590848849609,0.7748916362013759,0.0,0.0,0.0,1.0,0.0,0.0,0.77365265474319,0.0,0.0,0.0,0.7762314937297512,0.0,0.0,0.7755215602668128,0.0,0.0,0.0,0.7974163091289435,0.0,0.0,0.0,0.0,0.0,0.0,0.0,0.0,0.0,0.7654286104369507,0.0,0.0,0.0,0.0,0.0,0.0,0.0,0.0,0.7759845001754258,0.0,0.0,0.0,0.0,0.0,0.0,0.0,0.0,0.0,0.0,0.0,0.0,0.0,0.0,0.0,0.0,0.9102316219992181,0.0,0.8488921684038614,0.0,0.7635032708801227,0.7760810608176864,0.0,0.0,0.0,0.0,0.0,0.0,0.0,0.0,0.0,0.0,0.0,0.7827837793494954
0.0,0.0,0.0,0.0,0.7844338766373089,0.0,0.0,0.0,0.8465553816345247,0.0,0.0,0.0,0.0,0.0,0.7572320412117197,0.8538387826674154,0.0,0.0,0.0,0.0,0.0,0.0,0.7928454197512051,0.0,0.7550055079525391,0.0,0.0,0.0,0.0,0.0,0.0,0.0,0.0,0.0,0.0,0.0,0.0,0.0,0.0,0.0,0.8492518747110446,0.0,0.0,0.0,0.0,0.0,0.0,0.0,0.839398795926811,0.0,0.0,0.0,0.0,0.0,0.0,0.0,0.0,0.0,0.0,0.0,0.0,0.0,0.0,0.0,0.0,0.0,0.0,0.0,0.0,0.0,0.0,0.0,0.0,0.0,0.7700005977111563,0.8558266155274742,0.7555489303719773,0.7792328225017067,0.774779052498991,0.0,0.0,0.0,0.0,0.0,0.0,0.0,0.0,0.8468526616473728,0.0,0.7733223430208355,0.0,0.0,0.0,0.0,0.0,0.0,0.0,0.0,0.0,0.0,0.0,0.7507163358119101,0.0,0.755728063911981,0.0,0.0,0.0,0.0,0.761263139467336,0.0,0.0,0.0,0.0,0.7553101497442858,0.7628414596222937,0.0,0.0,0.0,0.0,0.7585849180794971,0.0,0.800950476549461,0.0,0.8288616382254612,0.0,0.0,0.0,0.0,0.0,0.0,0.0,0.0,0.0,1.0,0.0,0.0,0.0,0.0,0.0,0.0,0.0,0.0,0.0,0.9431368871799989,0.0,0.0,0.0,0.7919372203157046,0.0,0.0,0.8612371628582401,0.8682760895826094,0.0,0.7757781877826208,0.7581527832431323,0.0,0.0,0.0,0.0,0.0,0.0,0.0,0.8462393502840784,0.7537126071520859,0.7635463275292078,0.0,0.0,0.0,0.0,0.7903794183414692,0.8531965646949493,0.0,0.0,0.8525309431540586,0.0,0.0,0.7799538662280552,0.8609305632077272,0.0,0.8635381049304499,0.7583274608563031,0.0,0.0,0.0,0.0,0.0,0.0,0.0,0.758953910603385,0.7813969650423878,0.0,0.0,0.0,0.0,0.0,0.0,0.8367656836949657,0.7688011125225962,0.0,0.0
0.0,0.0,0.8844160822477766,0.0,0.0,0.0,0.0,0.0,0.0,0.0,0.8586110643752666,0.0,0.0,0.0,0.0,0.0,0.0,0.8806247325041823,0.0,0.8384471028044891,0.0,0.8652980571952414,0.0,0.9112110309974498,0.0,0.0,0.8579768258186171,0.0,0.0,0.0,0.0,0.8099396812816005,0.0,0.0,0.8358108408181192,0.8313629398967511,0.0,0.0,0.0,0.0,0.0,0.0,0.0,0.8815566377514881,0.0,0.0,0.8580550097133741,0.0,0.0,0.0,0.8339880836142665,0.0,0.0,0.0,0.8977495174636707,0.0,0.0,0.0,0.0,0.0,0.0,0.0,0.0,0.0,0.0,0.0,0.0,0.0,0.8229290378414326,0.0,0.8680950081483564,0.0,0.8798464028851204,0.0,0.0,0.0,0.0,0.0,0.0,0.0,0.8468395033254982,0.0,0.8318486246722773,0.8578286678155297,0.8379235693881205,0.0,0.0,0.0,0.8469713818744368,0.0,0.0,0.0,0.0,0.0,0.8675727335957887,0.0,0.8484611260675051,0.0,0.0,0.0,0.0,0.0,0.0,0.0,0.0,0.0,0.8550465302856641,0.0,0.0,0.0,0.0,0.0,0.0,0.0,0.0,0.0,0.8920252535993266,0.0,0.0,0.0,0.8689097532341271,0.0,0.8258722514168858,0.0,0.0,0.0,0.8602465132318352,0.0,0.8597992068178132,0.0,0.0,0.0,0.0,0.0,1.0,0.8595525224596982,0.8356615920550384,0.0,0.0,0.0,0.0,0.0,0.0,0.0,0.0,0.0,0.0,0.0,0.0,0.0,0.0,0.0,0.0,0.0,0.0,0.0,0.0,0.0,0.0,0.0,0.0,0.0,0.0,0.0,0.0,0.0,0.0,0.0,0.0,0.0,0.0,0.0,0.0,0.0,0.8710434056636636,0.0,0.0,0.0,0.0,0.0,0.0,0.859856479682364,0.0,0.0,0.8280449023902781,0.0,0.0,0.858985484965608,0.0,0.0,0.0,0.0,0.0,0.0,0.0,0.8533715234384525,0.0,0.0,0.0,0.0
0.0,0.0,0.8557536856993772,0.0,0.0,0.0,0.0,0.0,0.0,0.0,0.8612035614321552,0.0,0.0,0.0,0.0,0.0,0.0,0.8623215042088002,0.0,0.8394345266865312,0.0,0.8545646383320255,0.0,0.8597253486760884,0.0,0.0,0.905451662887751,0.0,0.0,0.0,0.0,0.8246138611959816,0.0,0.0,0.8405662444682955,0.8515567017199244,0.0,0.0,0.0,0.0,0.0,0.0,0.0,0.8606706178600854,0.0,0.0,0.8564696856553424,0.0,0.0,0.0,0.84484806085675,0.7731931894762344,0.0,0.0,0.8571263422739751,0.0,0.0,0.0,0.0,0.0,0.0,0.0,0.0,0.0,0.772729659111314,0.0,0.0,0.0,0.8423170998090547,0.0,0.8509734969859967,0.0,0.8468844466790245,0.0,0.0,0.0,0.0,0.0,0.0,0.0,0.8460325642712193,0.0,0.8461897940025315,0.8604429481426846,0.8467485142210266,0.0,0.0,0.0,0.843433048240796,0.0,0.0,0.0,0.0,0.0,0.8429805153747004,0.0,0.8580899965715597,0.0,0.0,0.0,0.0,0.0,0.0,0.0,0.0,0.0,0.8590205043148595,0.0,0.0,0.0,0.0,0.0,0.0,0.0,0.0,0.0,0.8609197717641891,0.7734391743317004,0.0,0.0,0.850627549599344,0.0,0.8404847110458736,0.0,0.0,0.0,0.8351723944954021,0.0,0.8569731457549595,0.0,0.0,0.0,0.77365265474319,0.0,0.8595525224596982,1.0,0.8471320630678748,0.0,0.0,0.0,0.0,0.0,0.0,0.0,0.0,0.0,0.0,0.0,0.0,0.0,0.0,0.0,0.0,0.0,0.0,0.0,0.0,0.0,0.0,0.0,0.0,0.0,0.0,0.0,0.0,0.0,0.0,0.0,0.0,0.0,0.0,0.0,0.0,0.0,0.8649501651093592,0.0,0.0,0.0,0.0,0.0,0.0,0.8553022489615143,0.7736395301961808,0.0,0.7733612240716142,0.0,0.0,0.865782442497394,0.0,0.0,0.0,0.0,0.0,0.0,0.0,0.8407585236166955,0.0,0.0,0.0,0.0
0.0,0.0,0.839462350963954,0.0,0.0,0.0,0.0,0.0,0.0,0.0,0.8431064431357659,0.0,0.0,0.0,0.0,0.0,0.0,0.8419195898047589,0.0,0.860518824173765,0.0,0.8433470128113427,0.0,0.8376790743532609,0.0,0.0,0.8497543370927301,0.0,0.0,0.0,0.0,0.8194957523859049,0.0,0.0,0.8599339806825048,0.9256011996930067,0.0,0.0,0.0,0.0,0.0,0.0,0.0,0.8434748710867862,0.0,0.0,0.8365364517786945,0.0,0.0,0.0,0.9198349406769463,0.0,0.0,0.0,0.8387449581440048,0.0,0.0,0.0,0.0,0.0,0.0,0.0,0.0,0.0,0.0,0.0,0.0,0.0,0.8566733222647929,0.0,0.9329538141236151,0.0,0.8622642955762837,0.0,0.0,0.0,0.0,0.0,0.0,0.0,0.8596468051433535,0.0,0.9256837240351926,0.8424159041119259,0.857554823166904,0.0,0.0,0.0,0.9286901332192876,0.0,0.0,0.0,0.0,0.0,0.9401953108716378,0.0,0.8447270775281002,0.0,0.0,0.0,0.0,0.0,0.0,0.0,0.0,0.0,0.8287112116882481,0.0,0.0,0.0,0.0,0.0,0.0,0.0,0.0,0.0,0.8387522147904248,0.771144410428643,0.0,0.0,0.835832403062376,0.0,0.8400581284656942,0.0,0.0,0.0,0.8500447999454869,0.0,0.8426801310399542,0.0,0.0,0.0,0.0,0.0,0.8356615920550384,0.8471320630678748,1.0,0.0,0.0,0.0,0.0,0.0,0.0,0.0,0.0,0.0,0.0,0.0,0.0,0.0,0.0,0.0,0.0,0.0,0.0,0.0,0.0,0.0,0.0,0.0,0.0,0.0,0.0,0.0,0.0,0.0,0.0,0.0,0.0,0.0,0.0,0.0,0.0,0.0,0.8497693591082597,0.0,0.0,0.0,0.0,0.0,0.0,0.8343675551720623,0.0,0.0,0.0,0.0,0.0,0.8436413978661406,0.0,0.0,0.0,0.0,0.0,0.0,0.0,0.8385363444083083,0.0,0.0,0.0,0.0
0.0,0.7522646951402256,0.0,0.0,0.0,0.0,0.0,0.0,0.0,0.0,0.0,0.0,0.0,0.0,0.806266456875355,0.7594493594584476,0.0,0.0,0.0,0.0,0.0,0.0,0.801173803039702,0.0,0.7867945904103715,0.0,0.0,0.0,0.0,0.0,0.0,0.0,0.0,0.0,0.0,0.0,0.0,0.0,0.0,0.0,0.7593913830630157,0.0,0.0,0.0,0.0,0.0,0.0,0.0,0.0,0.0,0.0,0.0,0.0,0.0,0.0,0.0,0.0,0.0,0.0,0.0,0.0,0.0,0.0,0.8067288638453398,0.0,0.0,0.0,0.0,0.0,0.0,0.0,0.0,0.0,0.0,0.7566232148966022,0.7591465515646868,0.7872000166451529,0.0,0.7887405196589915,0.0,0.0,0.0,0.0,0.0,0.0,0.0,0.0,0.0,0.0,0.7584639592276148,0.0,0.0,0.0,0.0,0.0,0.0,0.0,0.0,0.0,0.0,0.0,0.777884350216402,0.8786791330361396,0.7919772964803475,0.0,0.0,0.0,0.0,0.7912977709672936,0.0,0.0,0.0,0.0,0.7956110194644801,0.7866912813682759,0.0,0.0,0.0,0.0,0.8045262290751048,0.0,0.7542131476462811,0.0,0.0,0.8986302406987845,0.7617857128921101,0.0,0.0,0.0,0.0,0.0,0.0,0.0,0.0,0.0,0.0,0.0,1.0,0.8155973806153786,0.0,0.0,0.0,0.0,0.0,0.0,0.0,0.0,0.7937657859049109,0.0,0.7720403971985637,0.75902270116532,0.7596949074770143,0.0,0.0,0.8042101752400179,0.0,0.0,0.0,0.0,0.0,0.0,0.0,0.0,0.8990020296942649,0.7798896567606465,0.0,0.0,0.0,0.8561202548441758,0.0,0.7572562822296532,0.0,0.0,0.7588263470955294,0.0,0.7956360360960804,0.0,0.7867660996560625,0.0,0.7865571796022364,0.7938862910285404,0.0,0.0,0.0,0.0,0.0,0.0,0.0,0.8047946821657742,0.7979069557888201,0.0,0.0,0.0,0.0,0.0,0.0,0.7590797825485355,0.0,0.0,0.0
0.0,0.7437314403090075,0.0,0.0,0.7624006571708235,0.0,0.0,0.0,0.0,0.0,0.0,0.0,0.0,0.0,0.7982350025440051,0.7654084133644647,0.747585858949792,0.0,0.0,0.0,0.0,0.0,0.7810764749417647,0.0,0.8017050569626352,0.0,0.0,0.0,0.0,0.0,0.0,0.0,0.0,0.0,0.0,0.0,0.0,0.7432800547617429,0.0,0.0,0.0,0.7434311745162411,0.0,0.0,0.0,0.0,0.0,0.0,0.7476605084021958,0.0,0.0,0.0,0.0,0.0,0.0,0.0,0.0,0.0,0.0,0.0,0.0,0.0,0.7614281713764705,0.7913663042793702,0.0,0.0,0.0,0.0,0.0,0.0,0.0,0.0,0.0,0.0,0.7808200217295035,0.0,0.7946041466684945,0.0,0.785409270801473,0.0,0.0,0.0,0.0,0.0,0.0,0.0,0.0,0.7492874323886761,0.0,0.7647709526257347,0.0,0.0,0.0,0.0,0.0,0.0,0.0,0.0,0.0,0.0,0.0,0.7944767579678709,0.8102765162711643,0.7947038208851886,0.0,0.0,0.0,0.0,0.769836918203257,0.7664462356807618,0.0,0.7438431808737441,0.0,0.779548794779318,0.7605634797977134,0.7470156322115489,0.0,0.0,0.0,0.7962453323554989,0.0,0.7450671072549719,0.0,0.7643527556958923,0.8193432889181363,0.0,0.0,0.0,0.0,0.0,0.0,0.0,0.0,0.0,0.0,0.0,0.0,0.8155973806153786,1.0,0.0,0.0,0.0,0.0,0.7496054861343227,0.0,0.0,0.0,0.765152000595097,0.0,0.7796746577388968,0.7651335708571904,0.775644782548508,0.0,0.0,0.7856742284390731,0.0,0.0,0.0,0.0,0.0,0.0,0.0,0.749115184915688,0.8201505941362826,0.7708985040329789,0.0,0.0,0.0,0.8190950735874735,0.7477162850373302,0.7740349169151509,0.0,0.0,0.7750781258287075,0.0,0.7870121048335027,0.0,0.7653587700310761,0.0,0.775303513058792,0.8012802564716751,0.0,0.0,0.0,0.0,0.0,0.0,0.0,0.7991493180915029,0.7711562457236253,0.0,0.7474619708388722,0.0,0.0,0.0,0.0,0.7482514060670953,0.7462165773584388,0.0,0.0
0.8413658753466979,0.7612135918001527,0.0,0.0,0.0,0.8920937356978226,0.0,0.0,0.0,0.0,0.0,0.0,0.0,0.0,0.0,0.0,0.0,0.0,0.0,0.0,0.0,0.0,0.0,0.0,0.0,0.0,0.0,0.0,0.0,0.0,0.0,0.0,0.0,0.0,0.0,0.0,0.0,0.7602737514016421,0.0,0.0,0.0,0.7605863039313936,0.0,0.0,0.0,0.0,0.0,0.0,0.0,0.0,0.0,0.7757209241896372,0.0,0.0,0.0,0.0,0.0,0.0,0.8582416686517851,0.0,0.0,0.9571926328165192,0.0,0.0,0.7752068838475273,0.7629589018056828,0.0,0.0,0.0,0.0,0.0,0.0,0.0,0.0,0.0,0.0,0.0,0.0,0.0,0.0,0.0,0.8852773611310644,0.0,0.0,0.0,0.8503421661193805,0.7708387157149457,0.0,0.0,0.0,0.0,0.0,0.0,0.0,0.0,0.8744523110597485,0.0,0.7716546210571157,0.0,0.0,0.0,0.0,0.0,0.0,0.0,0.0,0.0,0.0,0.0,0.0,0.0,0.7614492099545507,0.7601762924540882,0.0,0.0,0.0,0.0,0.7759941389562665,0.0,0.0,0.0,0.0,0.0,0.0,0.0,0.0,0.0,0.8185304926980395,0.0,0.0,0.0,0.0,0.7762314937297512,0.0,0.0,0.0,0.0,0.0,0.0,1.0,0.0,0.0,0.8692421875572118,0.0,0.0,0.0,0.0,0.0,0.0,0.0,0.0,0.0,0.0,0.0,0.0,0.0,0.7633005171881553,0.0,0.0,0.0,0.7623555188745018,0.0,0.0,0.0,0.0,0.9543794769093323,0.0,0.0,0.0,0.0,0.0,0.0,0.0,0.0,0.0,0.0,0.0,0.0,0.0,0.0,0.0,0.0,0.7762168948622862,0.0,0.7759075275480004,0.0,0.7615335507689127,0.0,0.0,0.0,0.0,0.0,0.0,0.0,0.0,0.0,0.0,0.0,0.0,0.7786021838411259
0.0,0.0,0.0,0.0,0.0,0.0,0.0,0.0,0.0,0.0,0.0,0.830962871130575,0.0,0.0,0.0,0.0,0.7693256245503464,0.0,0.7662058010756198,0.0,0.0,0.0,0.0,0.0,0.0,0.0,0.0,0.0,0.0,0.0,0.0,0.0,0.9243214100346883,0.0,0.0,0.0,0.0,0.0,0.0,0.0,0.0,0.0,0.0,0.0,0.0,0.0,0.0,0.0,0.0,0.0,0.0,0.0,0.0,0.0,0.0,0.0,0.0,0.925782838657548,0.0,0.0,0.0,0.0,0.0,0.0,0.0,0.0,0.0,0.0,0.0,0.8405235049224828,0.0,0.0,0.0,0.0,0.0,0.0,0.0,0.0,0.0,0.0,0.0,0.0,0.0,0.0,0.0,0.0,0.0,0.0,0.0,0.0,0.0,0.0,0.0,0.8404614621934695,0.0,0.0,0.0,0.0,0.0,0.0,0.8464594958685622,0.0,0.0,0.0,0.0,0.0,0.0,0.0,0.0,0.0,0.0,0.0,0.0,0.0,0.0,0.7852866743231669,0.0,0.0,0.0,0.0,0.0,0.0,0.0,0.0,0.0,0.0,0.0,0.0,0.0,0.0,0.0,0.0,0.0,0.0,0.0,0.0,0.0,0.0,0.0,0.0,1.0,0.0,0.0,0.0,0.0,0.0,0.0,0.0,0.0,0.0,0.0,0.0,0.0,0.0,0.0,0.0,0.0,0.8280107128503326,0.92436817399379,0.0,0.0,0.0,0.0,0.0,0.0,0.0,0.0,0.7652613348208835,0.0,0.0,0.0,0.7860316084095124,0.0,0.0,0.0,0.0,0.0,0.0,0.0,0.0,0.0,0.0,0.0,0.0,0.0,0.0,0.0,0.0,0.0,0.0,0.0,0.0,0.0,0.0,0.0,0.0,0.0,0.0,0.0,0.0
0.0,0.0,0.0,0.0,0.0,0.0,0.8490421227423888,0.7772606352006216,0.7721306215111595,0.7752208867780989,0.0,0.0,0.0,0.0,0.0,0.0,0.0,0.0,0.0,0.0,0.7762120305249779,0.0,0.0,0.0,0.0,0.0,0.0,0.0,0.0,0.0,0.0,0.0,0.0,0.0,0.0,0.0,0.0,0.0,0.0,0.7567955720492646,0.0,0.0,0.7880530501973289,0.0,0.0,0.7638179325878616,0.0,0.0,0.0,0.0,0.0,0.0,0.7724574180752097,0.780855315960258,0.0,0.0,0.7809762912001076,0.0,0.0,0.0,0.0,0.0,0.0,0.0,0.0,0.0,0.0,0.0,0.0,0.0,0.0,0.8288768896299973,0.0,0.0,0.0,0.0,0.0,0.0,0.0,0.0,0.0,0.0,0.0,0.0,0.0,0.0,0.0,0.0,0.0,0.0,0.7806268108168133,0.0,0.0,0.0,0.0,0.0,0.0,0.0,0.0,0.7747905166786182,0.0,0.0,0.0,0.0,0.0,0.7678814768085079,0.0,0.0,0.0,0.0,0.0,0.0,0.0,0.0,0.0,0.0,0.0,0.0,0.0,0.0,0.0,0.0,0.0,0.0,0.0,0.0,0.0,0.0,0.0,0.0,0.0,0.0,0.0,0.0,0.0,0.0,0.0,0.0,0.0,0.0,0.0,1.0,0.0,0.0,0.0,0.0,0.0,0.0,0.0,0.0,0.0,0.0,0.0,0.0,0.0,0.771926052102719,0.0,0.0,0.0,0.0,0.0,0.7806559870228431,0.0,0.0,0.0,0.0,0.7822794078497931,0.0,0.0,0.0,0.0,0.0,0.0,0.0,0.0,0.0,0.0,0.0,0.8608568802037403,0.0,0.0,0.0,0.0,0.0,0.0,0.0,0.0,0.0,0.0,0.0,0.7647090365016006,0.0,0.7758691326705881,0.7765993500188714,0.8254211264211836,0.0,0.0,0.0,0.8636411708307552,0.0
0.8151297113572503,0.7608311348036058,0.0,0.0,0.0,0.879758598991223,0.0,0.0,0.0,0.0,0.0,0.0,0.0,0.0,0.0,0.0,0.0,0.0,0.0,0.0,0.0,0.0,0.0,0.0,0.0,0.0,0.0,0.0,0.0,0.0,0.0,0.0,0.0,0.0,0.0,0.0,0.0,0.7599060087835676,0.0,0.0,0.0,0.7602137293648783,0.0,0.0,0.0,0.0,0.0,0.0,0.0,0.0,0.0,0.7750255785589578,0.0,0.0,0.0,0.0,0.0,0.0,0.8277261353668767,0.0,0.0,0.8612205703412216,0.0,0.0,0.7745259357954323,0.7625476056266984,0.0,0.0,0.0,0.0,0.0,0.0,0.0,0.0,0.0,0.0,0.0,0.0,0.0,0.0,0.0,0.883723862011648,0.0,0.0,0.0,0.829414785479338,0.7702691330584297,0.0,0.0,0.0,0.0,0.0,0.0,0.0,0.0,0.8349194664578606,0.0,0.7710656566636359,0.0,0.0,0.0,0.0,0.0,0.0,0.0,0.0,0.0,0.0,0.0,0.0,0.0,0.7610629762911524,0.7598100441557324,0.0,0.0,0.0,0.0,0.7752910230957171,0.0,0.0,0.0,0.0,0.0,0.0,0.0,0.0,0.0,0.807255008039369,0.0,0.0,0.0,0.0,0.7755215602668128,0.0,0.0,0.0,0.0,0.0,0.0,0.8692421875572118,0.0,0.0,1.0,0.0,0.0,0.0,0.0,0.0,0.0,0.0,0.0,0.0,0.0,0.0,0.0,0.0,0.7628833368763503,0.0,0.0,0.0,0.7619544214360409,0.0,0.0,0.0,0.0,0.873645130266316,0.0,0.0,0.0,0.0,0.0,0.0,0.0,0.0,0.0,0.0,0.0,0.0,0.0,0.0,0.0,0.0,0.7755073825413832,0.0,0.7752068838475273,0.0,0.7611459565372977,0.0,0.0,0.0,0.0,0.0,0.0,0.0,0.0,0.0,0.0,0.0,0.0,0.7778206037788356
0.0,0.0,0.0,0.0,0.7845499916192761,0.0,0.0,0.0,0.8486323010522074,0.0,0.0,0.0,0.0,0.0,0.7573070483774528,0.8526020707647055,0.772670762647559,0.0,0.0,0.0,0.0,0.0,0.7929270356958434,0.0,0.7721470622408493,0.0,0.0,0.0,0.0,0.0,0.0,0.0,0.0,0.0,0.0,0.0,0.0,0.0,0.0,0.0,0.8538901899531088,0.0,0.7811484575746553,0.0,0.0,0.0,0.0,0.0,0.8468516662514449,0.0,0.0,0.0,0.0,0.0,0.0,0.0,0.0,0.0,0.0,0.0,0.0,0.0,0.0,0.0,0.0,0.0,0.0,0.0,0.0,0.0,0.0,0.0,0.0,0.0,0.7701288182929609,0.8626833097649111,0.7727044001774254,0.7794208034815372,0.774857116174325,0.0,0.0,0.0,0.0,0.0,0.0,0.0,0.0,0.8489324062195838,0.0,0.7909588134085175,0.0,0.0,0.0,0.0,0.0,0.0,0.0,0.0,0.0,0.0,0.0,0.7507732003053815,0.0,0.7557984410733657,0.0,0.0,0.0,0.0,0.7613520620915328,0.0,0.0,0.7631559334888267,0.0,0.755379290384538,0.7629364872176579,0.7710656566636359,0.0,0.0,0.0,0.775818831487975,0.0,0.8010635574126079,0.0,0.8258683200397726,0.0,0.0,0.0,0.0,0.0,0.0,0.0,0.0,0.0,0.9431368871799989,0.0,0.0,0.0,0.0,0.7496054861343227,0.0,0.0,0.0,0.0,1.0,0.0,0.0,0.0,0.7920948156496737,0.0,0.0,0.8624193303596505,0.8759047204275595,0.0,0.775941173011392,0.7582307693519033,0.0,0.0,0.0,0.0,0.0,0.7641309085978318,0.0,0.8500812249570862,0.7537772123764854,0.7636442111999296,0.0,0.0,0.7680542813406952,0.7503763671927239,0.790527362250893,0.857770435445474,0.0,0.0,0.8553233939896346,0.0,0.0,0.7801475157721134,0.8600173883596733,0.0,0.8627343727470387,0.7584060249242142,0.0,0.0,0.0,0.0,0.0,0.0,0.0,0.7590345817977459,0.7814994980528399,0.0,0.0,0.0,0.0,0.0,0.0,0.8392849809864495,0.7689230780710644,0.0,0.0
0.0,0.803618440260876,0.0,0.0,0.0,0.0,0.0,0.0,0.0,0.0,0.0,0.0,0.0,0.0,0.7537543902934511,0.0,0.0,0.0,0.0,0.0,0.0,0.0,0.0,0.0,0.0,0.883981984354094,0.0,0.0,0.0,0.0,0.0,0.0,0.0,0.0,0.0,0.0,0.0,0.7922979191497838,0.0,0.0,0.0,0.7983161000566851,0.0,0.0,0.0,0.0,0.0,0.8665343502482566,0.0,0.0,0.0,0.0,0.0,0.0,0.0,0.0,0.0,0.0,0.0,0.0,0.0,0.0,0.8829811795711984,0.0,0.0,0.0,0.0,0.0,0.0,0.0,0.0,0.0,0.0,0.853597032237533,0.0,0.0,0.7522950479804901,0.0,0.0,0.0,0.0,0.0,0.0,0.0,0.0,0.0,0.0,0.0,0.0,0.0,0.0,0.0,0.0,0.0,0.0,0.0,0.0,0.0,0.0,0.0,0.0,0.7480343956401904,0.0,0.7524509995107239,0.0,0.0,0.0,0.0,0.0,0.0,0.0,0.7933954895504131,0.792206666638422,0.0,0.0,0.0,0.0,0.0,0.0,0.0,0.0,0.0,0.0,0.0,0.0,0.0,0.0,0.0,0.0,0.0,0.8843422790531947,0.0,0.0,0.0,0.0,0.0,0.0,0.0,0.0,0.0,0.0,0.0,0.0,0.0,1.0,0.0,0.0,0.0,0.0,0.0,0.0,0.0,0.0,0.768772504502737,0.7545469480603633,0.0,0.8055803981430256,0.0,0.0,0.0,0.0,0.0,0.0,0.0,0.0,0.0,0.0,0.0,0.0,0.7665910109527257,0.0,0.0,0.0,0.0,0.0,0.0,0.0,0.0,0.0,0.0,0.0,0.0,0.0,0.0,0.0,0.0,0.7992061974216081,0.0,0.0,0.0,0.0,0.0,0.0,0.0,0.0,0.0,0.0,0.7633774177903931,0.0,0.0
0.0,0.0,0.0,0.0,0.0,0.0,0.0,0.0,0.0,0.0,0.0,0.0,0.0,0.0,0.0,0.0,0.0,0.0,0.0,0.0,0.0,0.0,0.0,0.0,0.0,0.0,0.0,0.0,0.0,0.7672024429865499,0.0,0.0,0.0,0.0,0.0,0.0,0.9197712915965843,0.0,0.9267911349240274,0.0,0.0,0.0,0.0,0.0,0.0,0.0,0.0,0.0,0.0,0.7649150362493417,0.0,0.0,0.0,0.0,0.0,0.0,0.0,0.0,0.0,0.0,0.0,0.0,0.0,0.0,0.0,0.0,0.0,0.0,0.0,0.0,0.0,0.0,0.0,0.0,0.0,0.0,0.0,0.0,0.0,0.0,0.0,0.0,0.0,0.0,0.0,0.0,0.0,0.0,0.0,0.0,0.0,0.0,0.0,0.0,0.0,0.0,0.0,0.0,0.0,0.0,0.0,0.0,0.0,0.0,0.9167776307299835,0.0,0.0,0.9274412257235876,0.0,0.0,0.0,0.0,0.0,0.0,0.0,0.0,0.0,0.0,0.0,0.0,0.0,0.0,0.0,0.0,0.0,0.0,0.0,0.0,0.0,0.0,0.0,0.0,0.0,0.0,0.0,0.0,0.0,0.0,0.0,0.0,0.0,0.0,0.0,0.0,0.0,1.0,0.0,0.0,0.0,0.0,0.0,0.0,0.0,0.0,0.0,0.0,0.0,0.0,0.0,0.0,0.0,0.0,0.0,0.0,0.0,0.0,0.0,0.0,0.0,0.0,0.0,0.0,0.0,0.0,0.0,0.0,0.0,0.0,0.0,0.0,0.0,0.0,0.0,0.0,0.0,0.0,0.0,0.0,0.0,0.0,0.0,0.0,0.0,0.0,0.0,0.0,0.0,0.0,0.0,0.0
0.0,0.0,0.0,0.0,0.0,0.0,0.0,0.0,0.0,0.0,0.0,0.0,0.0,0.8017529816844775,0.0,0.0,0.0,0.0,0.0,0.0,0.0,0.0,0.0,0.0,0.0,0.0,0.0,0.0,0.0,0.0,0.0,0.0,0.0,0.0,0.0,0.0,0.0,0.0,0.0,0.0,0.0,0.0,0.0,0.0,0.0,0.0,0.0,0.0,0.0,0.0,0.0,0.7968130017449138,0.0,0.0,0.0,0.0,0.0,0.0,0.0,0.0,0.0,0.0,0.0,0.0,0.7962074969800564,0.0,0.0,0.0,0.0,0.0,0.0,0.0,0.0,0.0,0.0,0.0,0.0,0.0,0.0,0.0,0.7713782447984623,0.0,0.0,0.0,0.0,0.0,0.0,0.0,0.0,0.0,0.0,0.0,0.8076302381703148,0.0,0.0,0.0,0.0,0.0,0.0,0.0,0.0,0.0,0.0,0.0,0.0,0.0,0.0,0.0,0.0,0.0,0.0,0.0,0.0,0.0,0.0,0.0,0.0,0.8210488215819357,0.0,0.0,0.7724074921757954,0.0,0.0,0.0,0.0,0.0,0.0,0.0,0.0,0.0,0.0,0.0,0.7974163091289435,0.0,0.0,0.0,0.0,0.0,0.0,0.0,0.0,0.0,0.0,0.0,0.0,0.0,1.0,0.0,0.0,0.0,0.0,0.0,0.0,0.0,0.0,0.0,0.0,0.0,0.0,0.0,0.0,0.0,0.0,0.0,0.0,0.0,0.0,0.0,0.0,0.0,0.0,0.0,0.0,0.0,0.0,0.0,0.0,0.0,0.0,0.0,0.0,0.0,0.7973990319573002,0.0,0.8075265642571455,0.0,0.0,0.0,0.0,0.0,0.0,0.0,0.0,0.0,0.0,0.0,0.0,0.0,0.0,0.7825492138637185
0.0,0.0,0.0,0.0,0.7919788391680451,0.0,0.0,0.0,0.7909410549153668,0.0,0.0,0.0,0.0,0.0,0.7899728160367446,0.8067901963880387,0.0,0.0,0.0,0.0,0.777784252161945,0.0,0.7908812140257927,0.0,0.7703892382212166,0.0,0.0,0.0,0.0,0.0,0.0,0.0,0.0,0.0,0.0,0.0,0.0,0.0,0.0,0.0,0.7992384040023557,0.0,0.0,0.0,0.0,0.0,0.0,0.0,0.7693915423017277,0.0,0.0,0.0,0.0,0.0,0.0,0.0,0.0,0.0,0.0,0.0,0.0,0.0,0.0,0.7766785529913998,0.0,0.0,0.0,0.7730177887442529,0.0,0.0,0.0,0.0,0.0,0.0,0.8020667467365085,0.8062680972286614,0.75386108302902,0.0,0.7830742752255899,0.0,0.0,0.0,0.0,0.0,0.0,0.0,0.0,0.8090670534351644,0.0,0.7698955149081353,0.0,0.0,0.0,0.0,0.0,0.0,0.0,0.0,0.0,0.0,0.0,0.7662765510666842,0.7824087105138425,0.7885126215121826,0.0,0.0,0.0,0.0,0.7865200585809632,0.7742776839225435,0.0,0.0,0.0,0.770679572072368,0.7777712826060094,0.0,0.0,0.0,0.0,0.7839714970328892,0.0,0.7633574567804089,0.0,0.786258099355666,0.7888854627143931,0.0,0.0,0.0,0.0,0.0,0.0,0.0,0.0,0.7919372203157046,0.0,0.0,0.0,0.7937657859049109,0.765152000595097,0.0,0.0,0.0,0.0,0.7920948156496737,0.0,0.0,0.0,1.0,0.0,0.805215919178282,0.8118788080077811,0.7997602813898356,0.0,0.7894680542715484,0.8012755699167833,0.0,0.0,0.0,0.0,0.0,0.0,0.0,0.8085679949968962,0.786546037408162,0.7960270470365127,0.0,0.0,0.0,0.7489596885435735,0.8105386105866621,0.7679746366877497,0.0,0.0,0.7879047976795877,0.0,0.7587018096206454,0.0,0.7992053721577029,0.0,0.812134037566376,0.7837253272157868,0.0,0.0,0.0,0.0,0.0,0.0,0.0,0.784323961466981,0.7965695863331561,0.0,0.0,0.777418583423074,0.0,0.0,0.0,0.7883282951620688,0.7832467801138479,0.0,0.0
0.0,0.0,0.0,0.0,0.0,0.0,0.0,0.0,0.0,0.0,0.0,0.0,0.0,0.0,0.0,0.0,0.0,0.0,0.0,0.0,0.0,0.0,0.0,0.0,0.0,0.0,0.0,0.0,0.0,0.7588452021500905,0.0,0.0,0.0,0.0,0.0,0.0,0.0,0.0,0.0,0.0,0.0,0.0,0.0,0.0,0.0,0.0,0.0,0.0,0.0,0.7572122261054951,0.0,0.0,0.0,0.0,0.0,0.0,0.0,0.0,0.0,0.0,0.0,0.0,0.0,0.0,0.0,0.0,0.0,0.0,0.0,0.0,0.0,0.0,0.0,0.0,0.0,0.0,0.0,0.0,0.0,0.0,0.0,0.0,0.0,0.0,0.0,0.0,0.0,0.0,0.0,0.0,0.0,0.0,0.0,0.0,0.0,0.0,0.0,0.0,0.0,0.0,0.0,0.0,0.0,0.0,0.0,0.0,0.0,0.0,0.0,0.0,0.0,0.0,0.0,0.0,0.0,0.0,0.0,0.0,0.0,0.0,0.0,0.0,0.0,0.0,0.0,0.0,0.0,0.0,0.0,0.0,0.0,0.0,0.0,0.0,0.0,0.0,0.0,0.0,0.0,0.0,0.0,0.0,0.0,0.0,0.0,0.0,0.0,0.0,1.0,0.0,0.0,0.0,0.0,0.0,0.0,0.0,0.0,0.0,0.0,0.0,0.0,0.0,0.0,0.0,0.0,0.0,0.0,0.0,0.0,0.0,0.0,0.0,0.0,0.0,0.0,0.0,0.0,0.0,0.0,0.0,0.0,0.0,0.0,0.0,0.0,0.0,0.0,0.0,0.0,0.0,0.0,0.0,0.0,0.0,0.0,0.0,0.0,0.0,0.0,0.0
0.0,0.7562188333130213,0.0,0.0,0.7941215011348991,0.0,0.0,0.0,0.0,0.0,0.0,0.0,0.0,0.0,0.7862691117339187,0.0,0.7632068630077273,0.0,0.0,0.0,0.0,0.0,0.7696459144295672,0.0,0.7843964274733453,0.0,0.0,0.0,0.0,0.0,0.0,0.0,0.0,0.0,0.0,0.0,0.0,0.7554547624887913,0.0,0.0,0.0,0.7727971457222119,0.0,0.0,0.0,0.0,0.0,0.0,0.0,0.0,0.0,0.0,0.0,0.0,0.0,0.0,0.0,0.0,0.0,0.0,0.0,0.0,0.0,0.7724303620622863,0.0,0.0,0.0,0.0,0.0,0.0,0.0,0.0,0.0,0.0,0.7786828179392887,0.0,0.7848565691949941,0.0,0.7793487569694164,0.0,0.0,0.0,0.0,0.0,0.0,0.0,0.0,0.0,0.0,0.7637424980191044,0.0,0.0,0.0,0.0,0.0,0.0,0.0,0.7643052550924281,0.0,0.0,0.0,0.7734869346581525,0.7686566334844278,0.7906788320589692,0.0,0.0,0.0,0.0,0.7999657413394043,0.7670622563963894,0.0,0.7564095204170073,0.0,0.7846546235910753,0.8193592059842447,0.0,0.0,0.0,0.0,0.7801170374611506,0.0,0.7859046668126316,0.0,0.0,0.7679659955644964,0.7679642677131434,0.0,0.0,0.0,0.0,0.0,0.7700005977111563,0.0,0.0,0.0,0.0,0.0,0.7720403971985637,0.7796746577388968,0.0,0.0,0.0,0.0,0.0,0.0,0.0,0.0,0.805215919178282,0.0,1.0,0.0,0.0,0.0,0.0,0.8106437248141204,0.0,0.0,0.0,0.0,0.0,0.0,0.0,0.0,0.7490373076088246,0.8058025660190171,0.0,0.0,0.0,0.7859887376074827,0.7634602917908266,0.7622437259531646,0.0,0.0,0.0,0.0,0.7717393682378918,0.0,0.0,0.0,0.0,0.7975414456246389,0.0,0.0,0.0,0.0,0.0,0.0,0.0,0.7980641320919926,0.7975561180814345,0.0,0.0,0.0,0.0,0.0,0.0,0.0,0.788058314465528,0.0,0.0
0.0,0.0,0.0,0.0,0.7993253210126863,0.0,0.0,0.0,0.8504609517397629,0.0,0.0,0.0,0.0,0.0,0.7826503716432254,0.8689437373494835,0.7691616166152487,0.0,0.0,0.0,0.0,0.0,0.773367710332658,0.0,0.7703663148010214,0.0,0.0,0.0,0.0,0.0,0.0,0.0,0.0,0.0,0.0,0.0,0.0,0.0,0.0,0.0,0.8522409098197977,0.0,0.7613913985663219,0.0,0.0,0.0,0.0,0.0,0.8413276661725759,0.0,0.0,0.0,0.0,0.0,0.0,0.0,0.0,0.0,0.0,0.0,0.0,0.0,0.0,0.7594759793804263,0.0,0.0,0.0,0.0,0.0,0.0,0.0,0.0,0.0,0.0,0.7842911957109426,0.8697502917160649,0.753838179584859,0.0,0.7557839345043398,0.0,0.0,0.0,0.0,0.0,0.0,0.0,0.0,0.842375282569766,0.0,0.7976226384956722,0.0,0.0,0.0,0.0,0.0,0.0,0.0,0.0,0.0,0.0,0.0,0.7493141658672023,0.0,0.7540047362308845,0.0,0.0,0.0,0.0,0.7762704670515501,0.0,0.0,0.76074158121013,0.0,0.7706563707107775,0.7605432100629099,0.7677681037175705,0.0,0.0,0.0,0.7566489885169293,0.0,0.7805831118322866,0.0,0.832995165683589,0.0,0.0,0.0,0.0,0.0,0.0,0.0,0.0,0.0,0.8612371628582401,0.0,0.0,0.0,0.75902270116532,0.7651335708571904,0.0,0.0,0.0,0.0,0.8624193303596505,0.0,0.0,0.0,0.8118788080077811,0.0,0.0,1.0,0.8584487710068915,0.0,0.0,0.7562505078469532,0.0,0.0,0.0,0.0,0.0,0.0,0.0,0.8588367763162782,0.7691325764402767,0.7783937773509961,0.0,0.0,0.765122826733169,0.7489410982072096,0.0,0.8540758885955663,0.0,0.0,0.869820620817745,0.0,0.7586737030443853,0.0,0.8495896533970851,0.0,0.8807909733542411,0.0,0.0,0.0,0.0,0.0,0.0,0.0,0.0,0.7569888070669172,0.7789236166054005,0.0,0.78623975635303,0.0,0.0,0.0,0.0,0.8551945845597096,0.793519129162883,0.0,0.0
0.0,0.0,0.0,0.0,0.7928166781915682,0.0,0.0,0.0,0.896288249871117,0.0,0.0,0.0,0.0,0.0,0.7832467801138479,0.8536077420649278,0.0,0.0,0.0,0.0,0.0,0.0,0.7568648681839235,0.0,0.7538591735579614,0.0,0.0,0.0,0.0,0.0,0.0,0.0,0.0,0.0,0.0,0.0,0.0,0.0,0.0,0.0,0.8620789802627388,0.0,0.7621351629939926,0.0,0.0,0.0,0.0,0.0,0.8471521180208595,0.0,0.0,0.0,0.0,0.0,0.0,0.0,0.0,0.0,0.0,0.0,0.0,0.0,0.0,0.7601613341933828,0.0,0.0,0.0,0.0,0.0,0.0,0.0,0.0,0.0,0.0,0.7955931658403633,0.8565556890912319,0.7714340655193779,0.7762023047758202,0.7563691359433865,0.0,0.0,0.0,0.0,0.0,0.0,0.0,0.0,0.8647386772727088,0.0,0.7709167299696662,0.0,0.0,0.0,0.0,0.0,0.0,0.0,0.0,0.0,0.0,0.0,0.0,0.7557115350136132,0.0,0.0,0.0,0.0,0.0,0.7769603244180265,0.7755073825413832,0.0,0.0,0.0,0.7541492706106707,0.7612605291209754,0.0,0.0,0.0,0.0,0.774378933888945,0.0,0.7990777848330288,0.0,0.8435257881146239,0.7549114827409497,0.0,0.0,0.0,0.0,0.0,0.0,0.0,0.0,0.8682760895826094,0.0,0.0,0.0,0.7596949074770143,0.775644782548508,0.0,0.0,0.0,0.0,0.8759047204275595,0.0,0.0,0.0,0.7997602813898356,0.0,0.0,0.8584487710068915,1.0,0.0,0.7731288706620056,0.7739609341805678,0.0,0.0,0.0,0.0,0.0,0.7623719229071895,0.0,0.8650938732350902,0.7526261047425002,0.7791476044824474,0.0,0.0,0.0,0.7764106378663103,0.7983336262940961,0.8530484002927902,0.0,0.0,0.8536494323166961,0.0,0.0,0.7768377385292499,0.8671266592186547,0.0,0.8576856548872005,0.757012800029263,0.0,0.0,0.0,0.0,0.0,0.0,0.0,0.7576050013560713,0.7624541129189474,0.0,0.7872848179679055,0.0,0.0,0.0,0.0,0.8405590238197587,0.7667908994121925,0.0,0.0
0.0,0.0,0.0,0.0,0.0,0.0,0.0,0.0,0.0,0.0,0.0,0.0,0.0,0.0,0.0,0.0,0.0,0.0,0.0,0.0,0.0,0.0,0.0,0.0,0.0,0.0,0.0,0.0,0.0,0.0,0.0,0.0,0.0,0.0,0.0,0.0,0.0,0.0,0.0,0.0,0.0,0.0,0.0,0.0,0.0,0.0,0.0,0.0,0.0,0.0,0.0,0.0,0.0,0.0,0.0,0.0,0.0,0.0,0.0,0.0,0.0,0.0,0.0,0.0,0.0,0.0,0.0,0.0,0.0,0.0,0.0,0.0,0.0,0.0,0.0,0.0,0.0,0.0,0.0,0.0,0.0,0.0,0.0,0.0,0.0,0.0,0.0,0.0,0.0,0.0,0.0,0.0,0.0,0.0,0.0,0.0,0.0,0.0,0.0,0.0,0.0,0.0,0.0,0.0,0.0,0.0,0.0,0.0,0.0,0.0,0.0,0.0,0.0,0.0,0.0,0.0,0.0,0.0,0.0,0.0,0.0,0.0,0.0,0.0,0.0,0.0,0.0,0.0,0.0,0.0,0.0,0.0,0.0,0.0,0.0,0.0,0.0,0.0,0.0,0.0,0.0,0.0,0.0,0.0,0.0,0.0,0.0,0.0,0.0,0.0,0.0,0.0,1.0,0.0,0.0,0.0,0.0,0.0,0.0,0.0,0.0,0.0,0.0,0.0,0.0,0.0,0.0,0.0,0.0,0.0,0.0,0.0,0.0,0.0,0.0,0.0,0.0,0.0,0.0,0.0,0.0,0.0,0.0,0.0,0.0,0.0,0.0,0.0,0.0,0.0,0.0,0.0,0.0,0.0,0.0,0.0,0.0,0.0,0.0,0.0
0.0,0.7612918721970771,0.0,0.0,0.7652860426903523,0.0,0.0,0.0,0.7747492710114346,0.0,0.0,0.0,0.0,0.0,0.7832987695636621,0.7727001929227046,0.0,0.0,0.0,0.0,0.0,0.0,0.7842224172839408,0.0,0.7539050436332191,0.7641250207943442,0.0,0.0,0.0,0.0,0.0,0.0,0.0,0.0,0.0,0.0,0.0,0.0,0.0,0.0,0.77259943811117,0.0,0.0,0.0,0.0,0.0,0.0,0.769764803563281,0.0,0.0,0.0,0.0,0.0,0.0,0.0,0.0,0.0,0.0,0.0,0.0,0.0,0.0,0.0,0.7774109170771125,0.0,0.0,0.0,0.0,0.0,0.0,0.0,0.0,0.0,0.7642578487687669,0.7853396457286222,0.7721758604998412,0.7714820149431241,0.0,0.7910143910755273,0.0,0.0,0.0,0.0,0.0,0.0,0.0,0.0,0.0,0.0,0.8684398616315488,0.0,0.0,0.0,0.0,0.0,0.0,0.0,0.0,0.0,0.0,0.0,0.7497958421906538,0.7728500011732162,0.754594177734928,0.0,0.0,0.0,0.0,0.7598395304474168,0.7756210372525751,0.0,0.0,0.0,0.7541957094600512,0.7785378684100277,0.0,0.0,0.0,0.0,0.7573092580735572,0.0,0.7642016757053886,0.0,0.0,0.0,0.0,0.0,0.0,0.0,0.0,0.7667415916777246,0.0,0.0,0.7757781877826208,0.0,0.0,0.0,0.0,0.0,0.0,0.0,0.0,0.0,0.775941173011392,0.768772504502737,0.0,0.0,0.7894680542715484,0.0,0.0,0.0,0.7731288706620056,0.0,1.0,0.784204408949403,0.0,0.0,0.0,0.0,0.0,0.0,0.0,0.792001991029987,0.7526696316925031,0.7792135536376953,0.0,0.0,0.0,0.766360435085508,0.8883445969798267,0.7967437453550497,0.0,0.0,0.7716264380521025,0.0,0.7765647798329143,0.0,0.8261663388781577,0.0,0.0,0.7570652329284717,0.0,0.0,0.0,0.0,0.0,0.7616128926769274,0.0,0.7576587643214276,0.7625200696720397,0.0,0.7699667710205585,0.0,0.0,0.0,0.0,0.0,0.7668700034353239,0.0,0.0
0.0,0.7501535162694098,0.0,0.0,0.8047811482758059,0.0,0.0,0.0,0.757654279408494,0.0,0.0,0.0,0.0,0.0,0.7808877139116104,0.773738138401496,0.0,0.0,0.0,0.0,0.0,0.0,0.8117976486880342,0.0,0.8074892308794875,0.7518824101425772,0.0,0.0,0.0,0.0,0.0,0.0,0.0,0.0,0.0,0.0,0.0,0.0,0.0,0.0,0.0,0.0,0.0,0.0,0.0,0.0,0.0,0.7550878370728727,0.7554731571092295,0.0,0.0,0.0,0.0,0.0,0.0,0.0,0.0,0.0,0.0,0.0,0.0,0.0,0.0,0.7894187672719051,0.0,0.0,0.0,0.0,0.0,0.0,0.0,0.0,0.0,0.7519615416617369,0.802958245956309,0.7734630426983788,0.7853806888240615,0.0,0.8168907558044249,0.0,0.0,0.0,0.0,0.0,0.0,0.0,0.0,0.7749077624036262,0.0,0.7557528789704131,0.0,0.0,0.0,0.0,0.0,0.0,0.0,0.0,0.0,0.0,0.0,0.8020740024927421,0.7807012792134463,0.8032656098695351,0.0,0.0,0.0,0.0,0.8117674376034261,0.7854246385098798,0.0,0.0,0.0,0.8054429188624668,0.812781447973771,0.0,0.0,0.0,0.0,0.8120803085781559,0.0,0.7863168891550263,0.0,0.0,0.7943427128238366,0.0,0.0,0.0,0.0,0.0,0.7534090661842713,0.0,0.0,0.7581527832431323,0.0,0.0,0.0,0.8042101752400179,0.7856742284390731,0.0,0.0,0.0,0.0,0.7582307693519033,0.7545469480603633,0.0,0.0,0.8012755699167833,0.0,0.8106437248141204,0.7562505078469532,0.7739609341805678,0.0,0.784204408949403,1.0,0.0,0.0,0.0,0.0,0.0,0.0,0.0,0.7575268152345008,0.7840961879060959,0.8057137691405581,0.0,0.0,0.0,0.8017741724609144,0.7828071475530872,0.0,0.0,0.0,0.7560757722084707,0.0,0.8009140006707158,0.0,0.756561044391397,0.0,0.7563818814825712,0.8358427912355477,0.0,0.0,0.0,0.0,0.0,0.7503533286127392,0.0,0.8336301577627963,0.8156860728489426,0.0,0.7722727925027049,0.0,0.0,0.0,0.0,0.0,0.7806637732412798,0.0,0.0
0.0,0.0,0.0,0.7715982879481746,0.0,0.0,0.7718568918061447,0.7822981352136664,0.7761246388544414,0.779812452020997,0.0,0.0,0.0,0.0,0.0,0.0,0.0,0.0,0.0,0.0,0.7810147747579929,0.0,0.0,0.0,0.0,0.0,0.0,0.0,0.0,0.0,0.0,0.0,0.0,0.0,0.0,0.0,0.0,0.0,0.0,0.7588169251872935,0.0,0.0,0.7630066028861459,0.0,0.0,0.76657470036628,0.0,0.0,0.0,0.0,0.0,0.0,0.7765105545586188,0.786796090838669,0.0,0.0,0.7664511015220737,0.0,0.0,0.0,0.0,0.0,0.0,0.0,0.0,0.0,0.0,0.0,0.0,0.0,0.0,0.7703796841433431,0.0,0.0,0.0,0.0,0.0,0.0,0.0,0.0,0.0,0.0,0.0,0.0,0.0,0.0,0.0,0.0,0.0,0.0,0.7865052258558669,0.0,0.0,0.0,0.0,0.0,0.0,0.0,0.0,0.7792934812414996,0.0,0.0,0.0,0.0,0.0,0.0,0.0,0.0,0.0,0.0,0.0,0.0,0.0,0.0,0.0,0.0,0.0,0.0,0.0,0.0,0.0,0.0,0.0,0.0,0.0,0.0,0.0,0.0,0.0,0.0,0.0,0.0,0.0,0.0,0.0,0.0,0.0,0.0,0.0,0.0,0.0,0.771926052102719,0.0,0.0,0.0,0.0,0.0,0.0,0.0,0.0,0.0,0.0,0.0,0.0,0.0,1.0,0.0,0.0,0.0,0.0,0.0,0.7865423244656028,0.0,0.0,0.0,0.0,0.0,0.0,0.0,0.0,0.0,0.0,0.0,0.0,0.0,0.0,0.0,0.0,0.7677955389521947,0.0,0.0,0.0,0.0,0.0,0.0,0.0,0.0,0.0,0.0,0.0,0.7675769305528553,0.0,0.7805976694641782,0.7814874129776773,0.7758164387946965,0.0,0.0,0.0,0.0,0.0
0.7643438421342821,0.8928313597562281,0.0,0.0,0.0,0.7641044249072394,0.0,0.0,0.0,0.0,0.0,0.0,0.0,0.0,0.0,0.0,0.0,0.0,0.0,0.0,0.0,0.0,0.0,0.0,0.0,0.7741009524051996,0.0,0.0,0.7585173841449606,0.0,0.0,0.0,0.0,0.0,0.0,0.0,0.0,0.8916597003716873,0.0,0.0,0.0,0.8922623603272347,0.0,0.0,0.0,0.0,0.0,0.7958370804219111,0.0,0.0,0.0,0.7651013529581419,0.0,0.0,0.0,0.0,0.0,0.0,0.7624266847332427,0.0,0.0,0.7807144443240273,0.8012531680799607,0.0,0.7647694405662606,0.0,0.0,0.0,0.0,0.0,0.0,0.0,0.0,0.7974266811846531,0.0,0.0,0.0,0.0,0.0,0.0,0.0,0.7630628442526232,0.0,0.0,0.0,0.7635118759963444,0.7618525177235381,0.0,0.0,0.0,0.0,0.0,0.0,0.0,0.0,0.7635865839546763,0.0,0.0,0.0,0.0,0.0,0.0,0.0,0.0,0.0,0.0,0.0,0.0,0.0,0.0,0.0,0.8882446714135136,0.8772604055749486,0.0,0.0,0.0,0.0,0.7652767742475751,0.0,0.0,0.0,0.0,0.0,0.0,0.0,0.0,0.0,0.763023461371827,0.0,0.0,0.7862715595995013,0.0,0.7654286104369507,0.0,0.0,0.0,0.0,0.0,0.0,0.7633005171881553,0.0,0.0,0.7628833368763503,0.0,0.8055803981430256,0.0,0.0,0.0,0.0,0.0,0.0,0.0,0.0,0.0,0.0,0.0,1.0,0.0,0.0,0.7602862751019179,0.0,0.0,0.0,0.0,0.0,0.7631559334888267,0.0,0.0,0.0,0.7616287928485201,0.0,0.0,0.0,0.0,0.0,0.0,0.0,0.0,0.0,0.0,0.0,0.0,0.7654192865919989,0.0,0.7652212388994858,0.7481943393142698,0.889416255773376,0.0,0.0,0.0,0.0,0.0,0.0,0.0,0.0,0.0,0.0,0.7589870949314552,0.0,0.7669162683212971
0.0,0.0,0.0,0.0,0.0,0.0,0.0,0.0,0.0,0.0,0.0,0.8361344744607315,0.0,0.0,0.0,0.0,0.786954147519506,0.0,0.7664057254001574,0.0,0.0,0.0,0.0,0.0,0.0,0.0,0.0,0.0,0.0,0.0,0.0,0.0,0.8119239037423991,0.0,0.0,0.0,0.0,0.0,0.0,0.0,0.0,0.0,0.0,0.0,0.0,0.0,0.0,0.0,0.0,0.0,0.0,0.0,0.0,0.0,0.0,0.0,0.0,0.8250757318039446,0.0,0.0,0.0,0.0,0.0,0.0,0.0,0.0,0.0,0.0,0.0,0.8289013909411865,0.0,0.0,0.0,0.0,0.0,0.0,0.0,0.0,0.0,0.0,0.0,0.0,0.0,0.0,0.0,0.0,0.0,0.0,0.0,0.0,0.0,0.0,0.0,0.837089189691421,0.0,0.0,0.0,0.0,0.0,0.0,0.8280064423324378,0.0,0.0,0.0,0.0,0.0,0.0,0.0,0.0,0.0,0.0,0.0,0.0,0.0,0.0,0.7958478966589954,0.0,0.0,0.0,0.0,0.0,0.0,0.0,0.0,0.0,0.0,0.0,0.0,0.0,0.0,0.0,0.0,0.0,0.0,0.0,0.0,0.0,0.0,0.0,0.0,0.8280107128503326,0.0,0.0,0.0,0.0,0.0,0.0,0.0,0.0,0.0,0.0,0.0,0.0,0.0,0.0,0.0,0.0,1.0,0.838472340950161,0.0,0.0,0.0,0.0,0.0,0.0,0.0,0.0,0.7654534918062894,0.0,0.0,0.0,0.786258099355666,0.0,0.0,0.0,0.0,0.0,0.0,0.0,0.0,0.0,0.0,0.0,0.0,0.0,0.0,0.0,0.0,0.0,0.0,0.0,0.0,0.0,0.0,0.0,0.0,0.0,0.0,0.0,0.0
0.0,0.0,0.0,0.0,0.0,0.0,0.0,0.0,0.0,0.0,0.0,0.8406168446597514,0.0,0.0,0.0,0.0,0.7698170029075109,0.0,0.76663673976219,0.0,0.0,0.0,0.0,0.0,0.0,0.0,0.0,0.0,0.0,0.0,0.0,0.0,0.9470300008407385,0.0,0.0,0.0,0.0,0.0,0.0,0.0,0.0,0.0,0.0,0.0,0.0,0.0,0.0,0.0,0.0,0.0,0.0,0.0,0.0,0.0,0.0,0.0,0.0,0.9366986548742241,0.0,0.0,0.0,0.0,0.0,0.0,0.0,0.0,0.0,0.0,0.0,0.8391119718354919,0.0,0.0,0.0,0.0,0.0,0.0,0.0,0.0,0.0,0.0,0.0,0.0,0.0,0.0,0.0,0.0,0.0,0.0,0.0,0.0,0.0,0.0,0.0,0.8582089489345635,0.0,0.0,0.0,0.0,0.0,0.0,0.8420736102688204,0.0,0.0,0.0,0.0,0.0,0.0,0.0,0.0,0.0,0.0,0.0,0.0,0.0,0.0,0.7857603896085761,0.0,0.0,0.0,0.0,0.0,0.0,0.0,0.0,0.0,0.0,0.0,0.0,0.0,0.0,0.0,0.0,0.0,0.0,0.0,0.0,0.0,0.0,0.0,0.0,0.92436817399379,0.0,0.0,0.0,0.0,0.0,0.0,0.0,0.0,0.0,0.0,0.0,0.0,0.0,0.0,0.0,0.0,0.838472340950161,1.0,0.0,0.0,0.0,0.0,0.0,0.0,0.0,0.0,0.7656754553979467,0.0,0.0,0.0,0.7865200585809632,0.0,0.0,0.0,0.0,0.0,0.0,0.0,0.0,0.0,0.0,0.0,0.0,0.0,0.0,0.0,0.0,0.0,0.0,0.0,0.0,0.0,0.0,0.0,0.0,0.0,0.0,0.0,0.0
0.0,0.7584384506857188,0.0,0.0,0.0,0.0,0.0,0.0,0.0,0.0,0.0,0.0,0.0,0.0,0.0,0.0,0.0,0.0,0.0,0.0,0.0,0.0,0.0,0.0,0.0,0.0,0.0,0.0,0.8305332392671896,0.0,0.0,0.0,0.0,0.0,0.0,0.0,0.0,0.7576005266149001,0.0,0.0,0.0,0.7578795721940934,0.0,0.0,0.0,0.0,0.0,0.0,0.0,0.0,0.0,0.0,0.0,0.0,0.0,0.0,0.0,0.0,0.0,0.0,0.0,0.0,0.0,0.0,0.0,0.0,0.0,0.0,0.0,0.0,0.0,0.0,0.0,0.0,0.0,0.0,0.0,0.0,0.0,0.0,0.0,0.0,0.0,0.0,0.0,0.0,0.766797481449609,0.0,0.0,0.0,0.0,0.0,0.0,0.0,0.0,0.0,0.0,0.0,0.0,0.0,0.0,0.0,0.0,0.0,0.0,0.0,0.0,0.0,0.0,0.0,0.0,0.7586479679211381,0.757513437789032,0.0,0.0,0.0,0.0,0.0,0.0,0.0,0.0,0.0,0.0,0.0,0.0,0.0,0.0,0.0,0.0,0.0,0.0,0.0,0.0,0.0,0.0,0.0,0.0,0.0,0.0,0.0,0.0,0.0,0.0,0.0,0.0,0.0,0.0,0.0,0.0,0.0,0.0,0.0,0.0,0.0,0.0,0.0,0.7602862751019179,0.0,0.0,1.0,0.0,0.0,0.0,0.0,0.0,0.0,0.0,0.0,0.0,0.0,0.0,0.0,0.0,0.0,0.0,0.0,0.0,0.0,0.0,0.0,0.0,0.0,0.0,0.0,0.0,0.0,0.7587229114402657,0.0,0.0,0.0,0.0,0.0,0.0,0.0,0.0,0.0,0.0,0.0,0.0,0.0
0.0,0.0,0.0,0.0,0.0,0.7631276862364622,0.0,0.0,0.7633945405312607,0.0,0.0,0.0,0.0,0.0,0.0,0.0,0.0,0.0,0.0,0.0,0.0,0.0,0.0,0.0,0.0,0.0,0.0,0.0,0.0,0.0,0.0,0.0,0.0,0.0,0.0,0.0,0.0,0.0,0.0,0.0,0.7620324845344972,0.0,0.7548596293371674,0.0,0.0,0.0,0.0,0.0,0.7606498195415283,0.0,0.0,0.0,0.0,0.0,0.0,0.0,0.0,0.0,0.761515075656253,0.0,0.0,0.7625008134190723,0.0,0.0,0.0,0.8277746342735104,0.0,0.0,0.0,0.0,0.0,0.0,0.0,0.0,0.0,0.0,0.0,0.0,0.0,0.0,0.0,0.7621270406853721,0.0,0.0,0.0,0.7625586289240613,0.7609622340070373,0.0,0.0,0.0,0.0,0.0,0.0,0.0,0.0,0.0,0.0,0.0,0.0,0.0,0.0,0.0,0.0,0.0,0.0,0.0,0.0,0.0,0.0,0.0,0.0,0.0,0.7534146865987691,0.0,0.0,0.0,0.0,0.0,0.0,0.0,0.0,0.0,0.0,0.7602887806343434,0.0,0.0,0.0,0.0,0.0,0.0,0.0,0.0,0.0,0.0,0.0,0.0,0.0,0.0,0.0,0.7623555188745018,0.0,0.0,0.7619544214360409,0.7641309085978318,0.0,0.0,0.0,0.0,0.0,0.0,0.0,0.7623719229071895,0.0,0.0,0.0,0.0,0.0,0.0,0.0,0.0,1.0,0.0,0.0,0.0,0.0,0.7622165387889799,0.0,0.0,0.0,0.0,0.0,0.0,0.0,0.0,0.0,0.0,0.0,0.0,0.0,0.7617857128921101,0.0,0.0,0.0,0.0,0.0,0.0,0.0,0.0,0.0,0.0,0.0,0.0,0.0,0.0,0.0,0.0,0.7616845272459578,0.0,0.0,0.0
0.0,0.0,0.0,0.0,0.0,0.0,0.7805569299683575,0.7973070888158379,0.7869164227255327,0.7929126133335472,0.0,0.0,0.0,0.0,0.0,0.0,0.0,0.0,0.0,0.0,0.7949971336573742,0.0,0.0,0.0,0.0,0.0,0.0,0.0,0.0,0.0,0.0,0.0,0.0,0.0,0.0,0.0,0.0,0.0,0.0,0.7634832043366387,0.0,0.0,0.7686833233859177,0.0,0.0,0.7733007694364499,0.0,0.0,0.0,0.0,0.0,0.0,0.7875193468552327,0.8492589952708859,0.0,0.0,0.7731374366174906,0.0,0.0,0.0,0.0,0.0,0.0,0.0,0.0,0.0,0.0,0.0,0.0,0.0,0.0,0.7784683846894522,0.0,0.0,0.0,0.0,0.0,0.0,0.0,0.0,0.0,0.0,0.0,0.0,0.0,0.0,0.0,0.0,0.0,0.0,0.8056603359290748,0.0,0.0,0.0,0.0,0.0,0.0,0.0,0.0,0.7920344400632595,0.0,0.0,0.0,0.0,0.0,0.0,0.0,0.0,0.0,0.0,0.0,0.0,0.0,0.0,0.0,0.0,0.0,0.0,0.0,0.0,0.0,0.0,0.0,0.0,0.0,0.0,0.0,0.0,0.0,0.0,0.0,0.0,0.0,0.0,0.0,0.0,0.0,0.0,0.0,0.0,0.0,0.7806559870228431,0.0,0.0,0.0,0.0,0.0,0.0,0.0,0.0,0.0,0.0,0.0,0.0,0.0,0.7865423244656028,0.0,0.0,0.0,0.0,0.0,1.0,0.0,0.0,0.0,0.0,0.0,0.0,0.0,0.0,0.0,0.0,0.0,0.0,0.0,0.0,0.0,0.0,0.7749285118844903,0.0,0.0,0.0,0.0,0.0,0.0,0.0,0.0,0.0,0.0,0.0,0.7746350670382343,0.0,0.7942657349582337,0.7958370804219111,0.7864385891464186,0.0,0.0,0.0,0.0,0.0
0.0,0.0,0.0,0.0,0.783507838587956,0.0,0.0,0.0,0.8935652635912802,0.0,0.0,0.0,0.0,0.0,0.7566296556683414,0.8445785928795256,0.0,0.0,0.0,0.0,0.0,0.0,0.7746738359719131,0.0,0.7544566880938411,0.0,0.0,0.0,0.0,0.0,0.0,0.0,0.0,0.0,0.0,0.0,0.0,0.0,0.0,0.0,0.8239547853169251,0.0,0.0,0.0,0.0,0.0,0.0,0.0,0.8437933488565226,0.0,0.0,0.0,0.0,0.0,0.0,0.0,0.0,0.0,0.0,0.0,0.0,0.0,0.0,0.760944197146367,0.0,0.0,0.0,0.0,0.0,0.0,0.0,0.0,0.0,0.0,0.7863684458648307,0.8439768534658992,0.0,0.0,0.7741522728005746,0.0,0.0,0.0,0.0,0.0,0.0,0.0,0.0,0.8453346042528345,0.0,0.7721552868083349,0.0,0.0,0.0,0.0,0.0,0.0,0.0,0.0,0.0,0.0,0.0,0.7502581234843435,0.7563585199082546,0.755162381472102,0.0,0.0,0.0,0.0,0.0,0.0,0.0,0.0,0.0,0.7547542798602626,0.0,0.0,0.0,0.0,0.0,0.7750858629926191,0.0,0.7926576072269872,0.0,0.839547996232059,0.7555366262836954,0.0,0.0,0.0,0.0,0.0,0.0,0.0,0.0,0.8462393502840784,0.0,0.0,0.0,0.0,0.749115184915688,0.0,0.0,0.0,0.0,0.8500812249570862,0.0,0.0,0.0,0.8085679949968962,0.0,0.0,0.8588367763162782,0.8650938732350902,0.0,0.792001991029987,0.7575268152345008,0.0,0.0,0.0,0.0,0.0,0.0,0.0,1.0,0.0,0.0,0.0,0.0,0.0,0.7668254752961112,0.7892060451699467,0.8467806184337886,0.0,0.0,0.841472166599347,0.0,0.7600916532508417,0.0,0.8274739202185727,0.0,0.8474387659128364,0.7576969204201067,0.0,0.0,0.0,0.0,0.0,0.0,0.0,0.7583067080084838,0.7633175847992442,0.0,0.7710617257237152,0.0,0.0,0.0,0.0,0.8419690241714922,0.7678298771690752,0.0,0.0
0.0,0.7469103366071401,0.0,0.0,0.7489984659014127,0.0,0.0,0.0,0.7532988031699236,0.0,0.0,0.0,0.0,0.0,0.8100126899458018,0.7524438065941288,0.0,0.0,0.0,0.0,0.0,0.0,0.788732131479402,0.0,0.7765857630007788,0.0,0.0,0.0,0.0,0.0,0.0,0.0,0.0,0.0,0.0,0.0,0.0,0.7463936463556557,0.0,0.0,0.0,0.0,0.0,0.0,0.0,0.0,0.0,0.7511462169686164,0.0,0.0,0.0,0.0,0.0,0.0,0.0,0.0,0.0,0.0,0.0,0.0,0.0,0.0,0.0,0.7804553779293074,0.0,0.0,0.0,0.0,0.0,0.0,0.0,0.0,0.0,0.0,0.0,0.752218348821572,0.7944862297385746,0.0,0.7709884656493592,0.0,0.0,0.0,0.0,0.0,0.0,0.0,0.0,0.0,0.0,0.7687046966792684,0.0,0.0,0.0,0.0,0.0,0.0,0.0,0.0,0.0,0.0,0.0,0.7667000329096857,0.8787465046153323,0.7911825179680202,0.0,0.0,0.0,0.0,0.7629813374857612,0.0,0.0,0.0,0.0,0.7767729434502249,0.7469273793358491,0.750714665411561,0.0,0.0,0.0,0.7889754621867512,0.0,0.0,0.0,0.0,0.9074858578175744,0.7541589378278647,0.0,0.0,0.0,0.0,0.0,0.0,0.0,0.7537126071520859,0.0,0.0,0.0,0.8990020296942649,0.8201505941362826,0.0,0.0,0.0,0.0,0.7537772123764854,0.0,0.0,0.0,0.786546037408162,0.0,0.7490373076088246,0.7691325764402767,0.7526261047425002,0.0,0.7526696316925031,0.7840961879060959,0.0,0.0,0.0,0.0,0.0,0.0,0.0,0.0,1.0,0.7641810136272009,0.0,0.0,0.0,0.8646517141675474,0.0,0.7677715314067752,0.0,0.0,0.7689824911019185,0.0,0.7799723104894672,0.0,0.7795283452561187,0.0,0.7793727488011359,0.784198559088805,0.0,0.0,0.0,0.0,0.0,0.0,0.0,0.7891908813322508,0.781759256862133,0.0,0.0,0.0,0.0,0.0,0.0,0.7521685393810671,0.7497813913277982,0.0,0.0
0.0,0.75386872246132,0.0,0.0,0.7913302104407147,0.0,0.0,0.0,0.0,0.0,0.0,0.0,0.0,0.0,0.7842083471419753,0.7616500096140367,0.0,0.0,0.0,0.0,0.0,0.0,0.7905946647953468,0.0,0.7824814827373302,0.0,0.0,0.0,0.0,0.0,0.0,0.0,0.0,0.0,0.0,0.0,0.0,0.7531760670453528,0.0,0.0,0.7615864159734465,0.7704428112371859,0.0,0.0,0.0,0.0,0.0,0.0,0.7602287206635554,0.0,0.0,0.0,0.0,0.0,0.0,0.0,0.0,0.0,0.0,0.0,0.0,0.0,0.0,0.7802487481878091,0.0,0.0,0.0,0.0,0.0,0.0,0.0,0.0,0.0,0.0,0.7989892690633791,0.76131802300789,0.7655954988836193,0.0,0.7772792637831499,0.0,0.0,0.0,0.0,0.0,0.0,0.0,0.0,0.7630712919104462,0.0,0.7605710854072203,0.0,0.0,0.0,0.0,0.0,0.0,0.0,0.0,0.0,0.0,0.0,0.7790435489423277,0.7666596369408688,0.7933555002204826,0.0,0.0,0.0,0.0,0.8704003178171187,0.7807144443240273,0.0,0.7540412678475846,0.0,0.788374647589088,0.8690502065402643,0.0,0.0,0.0,0.0,0.7955753250277463,0.0,0.783231637301932,0.0,0.0,0.7490855610106336,0.0,0.0,0.0,0.0,0.0,0.0,0.0,0.0,0.7635463275292078,0.0,0.0,0.0,0.7798896567606465,0.7708985040329789,0.0,0.0,0.0,0.0,0.7636442111999296,0.0,0.0,0.0,0.7960270470365127,0.0,0.8058025660190171,0.7783937773509961,0.7791476044824474,0.0,0.7792135536376953,0.8057137691405581,0.0,0.0,0.0,0.0,0.0,0.0,0.0,0.0,0.7641810136272009,1.0,0.0,0.0,0.0,0.7787191906405317,0.787752232133072,0.0,0.0,0.0,0.7609673899095974,0.0,0.7694815550678273,0.0,0.0,0.0,0.7785592880021689,0.8058496429504034,0.0,0.0,0.0,0.0,0.0,0.0,0.0,0.8063347128166639,0.8198656006323641,0.0,0.7598912197282028,0.0,0.0,0.0,0.0,0.0,0.7924743556542635,0.0,0.0
0.8467681863756344,0.7610811034980033,0.0,0.0,0.0,0.8976238203738843,0.0,0.0,0.0,0.0,0.0,0.0,0.0,0.0,0.0,0.0,0.0,0.0,0.0,0.0,0.0,0.0,0.0,0.0,0.0,0.0,0.0,0.0,0.0,0.0,0.0,0.0,0.0,0.0,0.0,0.0,0.0,0.7601463853457853,0.0,0.0,0.0,0.760457256035479,0.0,0.0,0.0,0.0,0.0,0.0,0.0,0.0,0.0,0.7754790519491922,0.0,0.0,0.0,0.0,0.0,0.0,0.8728882611411166,0.0,0.0,0.9546124628585637,0.0,0.0,0.774970064258473,0.7628163685354422,0.0,0.0,0.0,0.0,0.0,0.0,0.0,0.0,0.0,0.0,0.0,0.0,0.0,0.0,0.0,0.9043943092194254,0.0,0.0,0.0,0.847056843630489,0.7880662129783601,0.0,0.0,0.0,0.0,0.0,0.0,0.0,0.0,0.8760255758662001,0.0,0.771450038066445,0.0,0.0,0.0,0.0,0.0,0.0,0.0,0.0,0.0,0.0,0.0,0.0,0.0,0.7613154066329123,0.7600494464780195,0.0,0.0,0.0,0.0,0.7757495390780001,0.0,0.0,0.0,0.0,0.0,0.0,0.0,0.0,0.0,0.8344630524235953,0.0,0.0,0.0,0.0,0.7759845001754258,0.0,0.0,0.0,0.0,0.0,0.0,0.9543794769093323,0.0,0.0,0.873645130266316,0.0,0.0,0.0,0.0,0.0,0.0,0.0,0.0,0.0,0.0,0.0,0.0,0.0,0.7631559334888267,0.0,0.0,0.0,0.7622165387889799,0.0,0.0,0.0,0.0,1.0,0.0,0.0,0.0,0.0,0.0,0.0,0.0,0.0,0.0,0.0,0.0,0.0,0.0,0.0,0.0,0.0,0.775970049183979,0.0,0.7756637955479768,0.0,0.7613992736713563,0.0,0.0,0.0,0.0,0.0,0.0,0.0,0.0,0.0,0.0,0.0,0.0,0.7783300098293148
0.0,0.0,0.0,0.0,0.0,0.0,0.764930253594276,0.0,0.0,0.0,0.0,0.0,0.0,0.0,0.0,0.0,0.0,0.0,0.0,0.0,0.0,0.0,0.0,0.0,0.0,0.0,0.0,0.0,0.0,0.0,0.0,0.0,0.0,0.0,0.0,0.0,0.0,0.0,0.0,0.0,0.0,0.0,0.7926853710132751,0.0,0.0,0.0,0.0,0.0,0.0,0.0,0.0,0.0,0.0,0.0,0.0,0.0,0.795565518035154,0.0,0.0,0.0,0.0,0.0,0.0,0.0,0.0,0.0,0.0,0.0,0.0,0.0,0.0,0.7913693144785189,0.0,0.0,0.0,0.0,0.0,0.0,0.0,0.0,0.0,0.0,0.0,0.0,0.0,0.0,0.0,0.0,0.0,0.0,0.0,0.0,0.0,0.0,0.0,0.0,0.0,0.0,0.0,0.0,0.0,0.0,0.0,0.0,0.0,0.0,0.0,0.0,0.0,0.0,0.0,0.0,0.0,0.0,0.0,0.0,0.0,0.0,0.0,0.0,0.0,0.0,0.0,0.0,0.0,0.0,0.0,0.0,0.0,0.0,0.0,0.0,0.0,0.0,0.0,0.0,0.0,0.0,0.0,0.0,0.0,0.7822794078497931,0.0,0.0,0.0,0.0,0.0,0.0,0.0,0.0,0.0,0.0,0.0,0.0,0.0,0.0,0.0,0.0,0.0,0.0,0.0,0.0,0.0,0.0,0.0,0.0,1.0,0.0,0.0,0.0,0.0,0.0,0.0,0.0,0.0,0.0,0.0,0.0,0.0,0.0,0.0,0.0,0.0,0.0,0.0,0.0,0.0,0.0,0.0,0.0,0.0,0.0,0.0,0.0,0.785198641954376,0.0,0.0,0.0,0.0,0.0
0.0,0.7566984666185667,0.0,0.0,0.0,0.0,0.0,0.0,0.7671890565088787,0.0,0.0,0.7655501523023417,0.0,0.0,0.0,0.0,0.7914084804463574,0.0,0.8248792049662533,0.0,0.0,0.0,0.0,0.0,0.0,0.0,0.0,0.0,0.7606829148540807,0.0,0.7651443198112429,0.0,0.7648664057448733,0.0,0.0,0.0,0.0,0.0,0.0,0.0,0.0,0.7561787730865733,0.0,0.0,0.0,0.0,0.0,0.0,0.0,0.0,0.0,0.0,0.0,0.0,0.0,0.0,0.0,0.7654099663800974,0.0,0.0,0.0,0.0,0.0,0.0,0.0,0.0,0.0,0.0,0.0,0.7659026678888685,0.0,0.0,0.0,0.0,0.0,0.765282952810293,0.0,0.0,0.0,0.0,0.0,0.0,0.0,0.0,0.0,0.0,0.0,0.0,0.0,0.7644033288034776,0.0,0.0,0.0,0.7632380402259489,0.0,0.0,0.0,0.0,0.0,0.0,0.7652582481313234,0.0,0.0,0.0,0.0,0.0,0.0,0.0,0.0,0.0,0.0,0.0,0.0,0.0,0.0,0.7902452962917044,0.0,0.0,0.0,0.0,0.0,0.0,0.0,0.0,0.0,0.0,0.0,0.0,0.0,0.0,0.0,0.0,0.0,0.0,0.0,0.0,0.0,0.0,0.0,0.0,0.7652613348208835,0.0,0.0,0.7680542813406952,0.0,0.0,0.0,0.0,0.0,0.0,0.765122826733169,0.0,0.0,0.0,0.0,0.0,0.0,0.7654534918062894,0.7656754553979467,0.0,0.0,0.0,0.0,0.0,0.0,0.0,0.0,1.0,0.0,0.0,0.7628637850029177,0.803990779368694,0.0,0.0,0.0,0.0,0.0,0.0,0.0,0.0,0.7531649408860797,0.0,0.0,0.0,0.0,0.0,0.0,0.0,0.7536671099204236,0.0,0.0,0.0,0.0,0.0,0.0,0.0,0.0,0.0,0.0,0.0
0.0,0.7443286099613019,0.0,0.0,0.7731074690509778,0.0,0.0,0.0,0.0,0.0,0.0,0.0,0.0,0.0,0.785753197952024,0.76615928443725,0.0,0.0,0.0,0.0,0.0,0.0,0.7688739782645225,0.0,0.7845146435625502,0.0,0.0,0.0,0.0,0.0,0.0,0.0,0.0,0.0,0.0,0.0,0.0,0.7438655935914038,0.0,0.0,0.0,0.7440205822728796,0.0,0.0,0.0,0.0,0.0,0.0,0.7652906782591022,0.0,0.0,0.0,0.0,0.0,0.0,0.0,0.0,0.0,0.0,0.0,0.0,0.0,0.0,0.7834383865291954,0.0,0.0,0.0,0.0,0.0,0.0,0.0,0.0,0.0,0.0,0.7473503072062088,0.7490217631904574,0.7978615593621591,0.0,0.7685992025818155,0.0,0.0,0.0,0.0,0.0,0.0,0.0,0.0,0.7771053894592304,0.0,0.7485754085887721,0.0,0.0,0.0,0.0,0.0,0.0,0.0,0.0,0.0,0.0,0.0,0.7718152878401792,0.8563785276526951,0.7675667320018823,0.0,0.0,0.0,0.0,0.7776200507824584,0.7502663156135495,0.0,0.744443264561792,0.0,0.7885989608916643,0.784008971648739,0.7477045315178973,0.0,0.0,0.0,0.7864792901068423,0.0,0.7726008346082451,0.0,0.7481538763588378,0.8638513197034187,0.7507063151934068,0.0,0.0,0.0,0.0,0.0,0.0,0.0,0.0,0.0,0.0,0.0,0.8561202548441758,0.8190950735874735,0.0,0.0,0.0,0.0,0.7503763671927239,0.0,0.0,0.0,0.7489596885435735,0.0,0.7859887376074827,0.7489410982072096,0.7764106378663103,0.0,0.766360435085508,0.8017741724609144,0.0,0.0,0.0,0.0,0.0,0.0,0.0,0.7668254752961112,0.8646517141675474,0.7787191906405317,0.0,0.0,0.0,1.0,0.7484264762952029,0.0,0.0,0.0,0.7657446528371687,0.0,0.7915462684033725,0.0,0.7661080603978253,0.0,0.765974116452769,0.7936739311444563,0.0,0.0,0.0,0.0,0.0,0.0,0.0,0.7970307566092972,0.7892419240741148,0.0,0.0,0.0,0.0,0.0,0.0,0.7659137681115746,0.7468819596836186,0.0,0.0
0.0,0.787082846404836,0.0,0.0,0.7806501489894259,0.0,0.0,0.0,0.0,0.0,0.0,0.0,0.0,0.0,0.7892412336027399,0.7979343902239749,0.0,0.0,0.0,0.0,0.0,0.0,0.7901226299317063,0.0,0.7871379381982779,0.7623145581418362,0.0,0.0,0.0,0.0,0.0,0.0,0.0,0.0,0.0,0.0,0.0,0.7759532005712851,0.0,0.0,0.7700608517147085,0.7762534085181002,0.0,0.0,0.0,0.0,0.0,0.7674954633047919,0.0,0.0,0.0,0.0,0.0,0.0,0.0,0.0,0.0,0.0,0.0,0.0,0.0,0.0,0.0,0.7758307984976874,0.0,0.0,0.0,0.0,0.0,0.0,0.0,0.0,0.0,0.7624376522188556,0.8008875061080334,0.7974451310609371,0.7876529865281027,0.0,0.7896316560286631,0.0,0.0,0.0,0.0,0.0,0.0,0.0,0.0,0.7722046931688499,0.0,0.9121819662210039,0.0,0.0,0.0,0.0,0.0,0.0,0.0,0.0,0.0,0.0,0.0,0.7657226137566673,0.7544743204852103,0.7704026203032447,0.0,0.0,0.0,0.0,0.7856742284390731,0.790236668217637,0.0,0.7770810116583017,0.0,0.7700156470734398,0.7768851983889247,0.0,0.0,0.0,0.0,0.7730305798520014,0.0,0.7623856015678109,0.0,0.7676552638304789,0.0,0.0,0.0,0.0,0.0,0.0,0.7647301605617344,0.0,0.0,0.7903794183414692,0.0,0.0,0.0,0.0,0.7477162850373302,0.0,0.0,0.0,0.0,0.790527362250893,0.7665910109527257,0.0,0.0,0.8105386105866621,0.0,0.7634602917908266,0.0,0.7983336262940961,0.0,0.8883445969798267,0.7828071475530872,0.0,0.7616287928485201,0.0,0.0,0.0,0.0,0.0,0.7892060451699467,0.0,0.787752232133072,0.0,0.0,0.0,0.7484264762952029,1.0,0.794462770250178,0.0,0.0,0.0,0.0,0.7750371600720722,0.0,0.8234552041163128,0.0,0.7871208275365749,0.7727950339084004,0.0,0.0,0.0,0.0,0.0,0.7599776193416073,0.0,0.773367710332658,0.7608234455499858,0.0,0.7676791552538182,0.0,0.0,0.0,0.0,0.7869768102050051,0.7648481947836802,0.0,0.0
0.0,0.7586362793664102,0.0,0.0,0.7621758161382627,0.0,0.0,0.0,0.8237101733286208,0.0,0.0,0.0,0.0,0.0,0.7883542577613167,0.8547679880686069,0.7838414506044586,0.0,0.0,0.0,0.0,0.0,0.7546889218127517,0.0,0.7519333754698753,0.0,0.0,0.0,0.0,0.0,0.0,0.0,0.0,0.0,0.0,0.0,0.0,0.0,0.0,0.0,0.8575833620447415,0.758072770666065,0.0,0.0,0.0,0.0,0.0,0.0,0.84706322791325,0.0,0.0,0.0,0.0,0.0,0.0,0.0,0.0,0.0,0.0,0.0,0.0,0.0,0.0,0.0,0.0,0.0,0.0,0.0,0.0,0.0,0.0,0.0,0.0,0.0,0.7645197556208387,0.8521580187664793,0.7795525147194602,0.7890123750528663,0.754236418649215,0.0,0.0,0.0,0.0,0.0,0.0,0.0,0.0,0.8425568090506713,0.0,0.8022094072595943,0.0,0.0,0.0,0.0,0.0,0.0,0.0,0.0,0.0,0.0,0.0,0.7650462230775791,0.7706757036262445,0.752566386413283,0.0,0.0,0.0,0.0,0.7573335783574633,0.7709910782485323,0.0,0.0,0.0,0.7522005476169668,0.0,0.0,0.0,0.0,0.0,0.7550456326132645,0.0,0.0,0.0,0.8301591800249551,0.7529013122291638,0.0,0.0,0.0,0.0,0.0,0.0,0.0,0.0,0.8531965646949493,0.0,0.0,0.0,0.7572562822296532,0.7740349169151509,0.0,0.0,0.0,0.0,0.857770435445474,0.0,0.0,0.0,0.7679746366877497,0.0,0.7622437259531646,0.8540758885955663,0.8530484002927902,0.0,0.7967437453550497,0.0,0.0,0.0,0.0,0.0,0.0,0.0,0.0,0.8467806184337886,0.7677715314067752,0.0,0.0,0.0,0.7628637850029177,0.0,0.794462770250178,1.0,0.0,0.0,0.8547613769553623,0.0,0.0,0.7895476221896673,0.8566145678229207,0.0,0.8659050156664893,0.754823797480771,0.0,0.0,0.0,0.0,0.0,0.0,0.0,0.7553630037693806,0.0,0.0,0.0,0.0,0.0,0.0,0.0,0.8272340863001962,0.0,0.0,0.0
0.0,0.0,0.0,0.0,0.0,0.0,0.0,0.0,0.0,0.0,0.0,0.7689842937919296,0.0,0.0,0.0,0.0,0.7947061169572152,0.0,0.781463260753715,0.0,0.0,0.0,0.0,0.0,0.0,0.0,0.0,0.0,0.0,0.0,0.7685165540019936,0.0,0.7681969153669232,0.0,0.0,0.0,0.0,0.0,0.0,0.0,0.0,0.0,0.0,0.0,0.0,0.0,0.0,0.0,0.0,0.0,0.0,0.0,0.0,0.0,0.0,0.0,0.0,0.7688225909150863,0.0,0.0,0.0,0.0,0.0,0.0,0.0,0.0,0.0,0.0,0.0,0.7693915423017277,0.0,0.0,0.0,0.0,0.0,0.0,0.0,0.0,0.0,0.0,0.0,0.0,0.0,0.0,0.0,0.0,0.7676177681731273,0.0,0.0,0.0,0.0,0.0,0.0,0.7836625186142548,0.0,0.0,0.0,0.0,0.7569387184629194,0.0,0.768647743436688,0.0,0.0,0.0,0.0,0.0,0.0,0.0,0.0,0.0,0.0,0.0,0.0,0.0,0.0,0.8248010118294858,0.0,0.0,0.0,0.0,0.0,0.0,0.0,0.0,0.0,0.0,0.0,0.0,0.0,0.0,0.7639111035966617,0.0,0.0,0.0,0.0,0.0,0.0,0.0,0.0,0.0,0.7860316084095124,0.0,0.0,0.0,0.0,0.0,0.0,0.0,0.0,0.0,0.0,0.0,0.0,0.0,0.0,0.0,0.0,0.786258099355666,0.7865200585809632,0.0,0.0,0.0,0.0,0.0,0.0,0.0,0.0,0.803990779368694,0.0,0.0,0.0,1.0,0.0,0.0,0.0,0.0,0.0,0.0,0.0,0.0,0.0,0.0,0.0,0.0,0.0,0.0,0.0,0.0,0.0,0.0,0.0,0.0,0.0,0.0,0.0,0.0,0.0,0.0,0.0,0.0
0.0,0.0,0.0,0.0,0.0,0.0,0.0,0.0,0.0,0.0,0.0,0.0,0.0,0.0,0.0,0.0,0.0,0.0,0.0,0.0,0.0,0.0,0.0,0.0,0.0,0.0,0.0,0.0,0.0,0.0,0.0,0.0,0.0,0.0,0.0,0.0,0.0,0.0,0.0,0.0,0.0,0.0,0.0,0.0,0.0,0.0,0.0,0.0,0.0,0.0,0.0,0.0,0.0,0.0,0.0,0.0,0.0,0.0,0.0,0.0,0.0,0.0,0.0,0.0,0.0,0.0,0.0,0.789053454265561,0.0,0.0,0.0,0.0,0.0,0.0,0.0,0.0,0.0,0.0,0.0,0.0,0.0,0.0,0.0,0.0,0.0,0.0,0.0,0.0,0.0,0.0,0.0,0.0,0.0,0.0,0.0,0.0,0.0,0.0,0.0,0.0,0.0,0.0,0.0,0.0,0.0,0.7677852470625671,0.0,0.0,0.0,0.0,0.0,0.0,0.0,0.0,0.0,0.0,0.0,0.0,0.0,0.0,0.0,0.0,0.0,0.0,0.0,0.0,0.0,0.0,0.0,0.0,0.0,0.0,0.0,0.0,0.0,0.0,0.0,0.0,0.0,0.0,0.0,0.0,0.0,0.0,0.0,0.0,0.0,0.0,0.0,0.0,0.0,0.0,0.0,0.0,0.0,0.0,0.0,0.0,0.0,0.0,0.0,0.0,0.0,0.0,0.0,0.0,0.0,0.0,0.0,0.0,0.0,0.0,1.0,0.0,0.0,0.0,0.0,0.0,0.0,0.0,0.0,0.0,0.0,0.0,0.0,0.0,0.0,0.0,0.0,0.0,0.0,0.0,0.0,0.0,0.0,0.0,0.0,0.0,0.0,0.0
0.0,0.0,0.0,0.0,0.7916874417834316,0.0,0.0,0.0,0.8266768942658539,0.0,0.0,0.0,0.0,0.0,0.7824757158862042,0.9236468183255988,0.0,0.0,0.0,0.0,0.0,0.0,0.756092558039675,0.0,0.0,0.0,0.0,0.0,0.0,0.0,0.0,0.0,0.0,0.0,0.0,0.0,0.0,0.0,0.0,0.0,0.8564814451944958,0.0,0.0,0.0,0.0,0.0,0.0,0.0,0.8392484670310129,0.0,0.0,0.0,0.0,0.0,0.0,0.0,0.0,0.0,0.0,0.0,0.0,0.0,0.0,0.0,0.0,0.0,0.0,0.0,0.0,0.0,0.0,0.0,0.0,0.0,0.7666760054768016,0.9184058799519471,0.0,0.0,0.0,0.0,0.0,0.0,0.0,0.0,0.0,0.0,0.0,0.850318472578735,0.0,0.7869428240035837,0.0,0.0,0.0,0.0,0.0,0.0,0.0,0.0,0.0,0.0,0.0,0.0,0.7549754591742366,0.0,0.0,0.0,0.0,0.0,0.7760689696907134,0.7738547950525951,0.0,0.0,0.0,0.0,0.7603339254582249,0.0,0.0,0.0,0.0,0.0,0.0,0.7803427158160218,0.0,0.8183224172599451,0.7541995834976929,0.0,0.0,0.0,0.0,0.0,0.0,0.0,0.0,0.8525309431540586,0.0,0.0,0.0,0.7588263470955294,0.7750781258287075,0.0,0.0,0.0,0.0,0.8553233939896346,0.0,0.0,0.0,0.7879047976795877,0.0,0.0,0.869820620817745,0.8536494323166961,0.0,0.7716264380521025,0.7560757722084707,0.0,0.0,0.0,0.0,0.0,0.0,0.0,0.841472166599347,0.7689824911019185,0.7609673899095974,0.0,0.0,0.0,0.7657446528371687,0.0,0.8547613769553623,0.0,0.0,1.0,0.0,0.0,0.0,0.8604092082674956,0.0,0.8651172547119849,0.0,0.0,0.0,0.0,0.0,0.0,0.0,0.0,0.0,0.0,0.0,0.0,0.0,0.0,0.0,0.0,0.8408673842074679,0.7656283898006989,0.0,0.0
0.0,0.0,0.8589968698531676,0.0,0.0,0.0,0.0,0.0,0.0,0.0,0.8615352727791857,0.0,0.0,0.0,0.0,0.0,0.0,0.8682883758942865,0.0,0.8404658889599861,0.0,0.8592194868589893,0.0,0.8725469886792955,0.0,0.0,0.8660313558099122,0.0,0.0,0.0,0.0,0.8301612681657857,0.0,0.0,0.8397798683501994,0.8496015960120495,0.0,0.0,0.0,0.0,0.0,0.0,0.0,0.8619487729443125,0.0,0.0,0.8513001815259731,0.0,0.0,0.0,0.8513401621068023,0.0,0.0,0.0,0.8716962911162124,0.0,0.0,0.0,0.0,0.0,0.0,0.0,0.0,0.0,0.0,0.0,0.0,0.0,0.8398965772661272,0.0,0.8525342033106328,0.0,0.8434764153355858,0.0,0.0,0.0,0.0,0.0,0.0,0.0,0.8444741372974433,0.0,0.8488576694144357,0.8588423597493584,0.8467375915624141,0.0,0.0,0.0,0.8524894110908269,0.0,0.0,0.0,0.0,0.0,0.8483236257076624,0.0,0.8544105329685632,0.0,0.0,0.0,0.0,0.0,0.0,0.0,0.0,0.0,0.8601056845309513,0.0,0.0,0.0,0.0,0.0,0.0,0.0,0.0,0.0,0.871913472460986,0.0,0.0,0.0,0.8545159803107165,0.0,0.827806518957921,0.0,0.0,0.0,0.8358028593167902,0.0,0.8685048133268344,0.0,0.0,0.0,0.0,0.0,0.8710434056636636,0.8649501651093592,0.8497693591082597,0.0,0.0,0.0,0.0,0.0,0.0,0.0,0.0,0.0,0.0,0.0,0.0,0.0,0.0,0.0,0.0,0.0,0.0,0.0,0.0,0.0,0.0,0.0,0.0,0.0,0.0,0.0,0.0,0.0,0.0,0.0,0.0,0.0,0.0,0.0,0.0,0.0,1.0,0.0,0.0,0.0,0.0,0.0,0.0,0.8549964804404924,0.0,0.0,0.0,0.0,0.0,0.8648977838485702,0.0,0.0,0.0,0.0,0.0,0.0,0.0,0.8328565817576552,0.0,0.0,0.0,0.0
0.0,0.7520020898009928,0.0,0.0,0.7546257168195704,0.0,0.0,0.0,0.7602337198660496,0.0,0.0,0.0,0.0,0.0,0.7825492138637185,0.0,0.0,0.0,0.0,0.0,0.0,0.0,0.8221551866565563,0.0,0.8131371070282726,0.0,0.0,0.0,0.0,0.0,0.0,0.0,0.0,0.0,0.0,0.0,0.0,0.7513615709175661,0.0,0.0,0.0,0.7515754526257595,0.0,0.0,0.0,0.0,0.0,0.0,0.0,0.0,0.0,0.0,0.0,0.0,0.0,0.0,0.0,0.0,0.0,0.0,0.0,0.0,0.0,0.9243370075867112,0.0,0.0,0.0,0.0,0.0,0.0,0.0,0.0,0.0,0.0,0.7908967144238415,0.0,0.795563608032176,0.0,0.8063305099188619,0.0,0.0,0.0,0.0,0.0,0.0,0.0,0.0,0.0,0.0,0.7752652828642593,0.0,0.0,0.0,0.0,0.0,0.0,0.0,0.0,0.0,0.0,0.0,0.8010222569523191,0.7823497095578719,0.7956968957693459,0.0,0.0,0.0,0.0,0.7781046253886909,0.7881479796199503,0.0,0.7521614323550524,0.0,0.8045897489691953,0.7791521785179233,0.0,0.0,0.0,0.0,0.8138729631521929,0.0,0.7709754069013351,0.0,0.0,0.7817409377777943,0.0,0.0,0.0,0.0,0.0,0.0,0.0,0.0,0.0,0.0,0.0,0.0,0.7956360360960804,0.7870121048335027,0.0,0.0,0.0,0.0,0.0,0.0,0.0,0.0,0.7587018096206454,0.0,0.7717393682378918,0.7586737030443853,0.0,0.0,0.7765647798329143,0.8009140006707158,0.0,0.0,0.0,0.0,0.0,0.0,0.0,0.7600916532508417,0.7799723104894672,0.7694815550678273,0.0,0.0,0.0,0.7915462684033725,0.7750371600720722,0.0,0.0,0.0,0.0,0.0,1.0,0.0,0.7761804360877665,0.0,0.0,0.7975972027581834,0.0,0.0,0.0,0.0,0.0,0.0,0.0,0.7980455561620889,0.7799822477989169,0.0,0.7575089803199476,0.0,0.0,0.0,0.0,0.7587299495556686,0.7828837817568407,0.0,0.0
0.0,0.0,0.0,0.0,0.0,0.0,0.0,0.0,0.0,0.0,0.0,0.0,0.0,0.0,0.0,0.0,0.0,0.0,0.0,0.0,0.0,0.0,0.0,0.0,0.0,0.0,0.0,0.0,0.0,0.0,0.0,0.0,0.0,0.0,0.0,0.0,0.0,0.0,0.0,0.0,0.7937732485177671,0.0,0.0,0.0,0.0,0.0,0.0,0.0,0.7737798940261951,0.0,0.0,0.0,0.0,0.0,0.0,0.0,0.0,0.0,0.0,0.0,0.0,0.0,0.0,0.0,0.0,0.0,0.0,0.0,0.0,0.0,0.0,0.0,0.0,0.0,0.0,0.0,0.0,0.9591890945331669,0.0,0.0,0.0,0.0,0.0,0.0,0.0,0.0,0.0,0.7790244292304384,0.0,0.0,0.0,0.0,0.0,0.0,0.0,0.0,0.0,0.0,0.0,0.0,0.0,0.0,0.0,0.0,0.0,0.0,0.0,0.0,0.0,0.0,0.0,0.0,0.0,0.0,0.0,0.0,0.0,0.0,0.0,0.0,0.0,0.766698940230744,0.0,0.7731588648024367,0.0,0.0,0.0,0.0,0.0,0.0,0.0,0.0,0.0,0.7799538662280552,0.0,0.0,0.0,0.0,0.0,0.0,0.0,0.0,0.0,0.7801475157721134,0.0,0.0,0.0,0.0,0.0,0.0,0.0,0.7768377385292499,0.0,0.0,0.0,0.0,0.0,0.0,0.0,0.0,0.0,0.0,0.0,0.0,0.0,0.0,0.0,0.0,0.0,0.0,0.7895476221896673,0.0,0.0,0.0,0.0,0.0,1.0,0.7761828649685716,0.0,0.0,0.0,0.0,0.0,0.0,0.0,0.0,0.0,0.0,0.0,0.0,0.0,0.0,0.0,0.0,0.0,0.0,0.0,0.0,0.0,0.0
0.0,0.0,0.0,0.0,0.7820991125320367,0.0,0.0,0.0,0.8428217812680174,0.0,0.0,0.0,0.0,0.0,0.7727865884993774,0.8553967086903682,0.0,0.0,0.0,0.0,0.0,0.0,0.0,0.0,0.0,0.0,0.0,0.0,0.0,0.0,0.0,0.0,0.0,0.0,0.0,0.0,0.0,0.0,0.0,0.0,0.851611844735021,0.0,0.0,0.0,0.0,0.0,0.0,0.0,0.845123594903411,0.0,0.0,0.0,0.0,0.0,0.0,0.0,0.0,0.0,0.0,0.0,0.0,0.0,0.0,0.7770130512915265,0.0,0.0,0.0,0.0,0.0,0.0,0.0,0.0,0.0,0.0,0.0,0.8590924083152184,0.7886073230882554,0.7755641432751215,0.0,0.0,0.0,0.0,0.0,0.0,0.0,0.0,0.0,0.8600843469870254,0.0,0.7981945524424149,0.0,0.0,0.0,0.0,0.0,0.0,0.0,0.0,0.0,0.0,0.0,0.7495450245522854,0.7725199710077296,0.0,0.0,0.0,0.0,0.0,0.7594566164765651,0.0,0.0,0.0,0.0,0.0,0.0,0.0,0.0,0.0,0.0,0.0,0.0,0.7637424980191044,0.0,0.8377234310002358,0.7717110860738267,0.0,0.0,0.0,0.0,0.0,0.0,0.0,0.0,0.8609305632077272,0.0,0.0,0.0,0.7867660996560625,0.7653587700310761,0.0,0.0,0.0,0.0,0.8600173883596733,0.0,0.0,0.0,0.7992053721577029,0.0,0.0,0.8495896533970851,0.8671266592186547,0.0,0.8261663388781577,0.756561044391397,0.0,0.0,0.0,0.0,0.0,0.0,0.0,0.8274739202185727,0.7795283452561187,0.0,0.0,0.0,0.0,0.7661080603978253,0.8234552041163128,0.8566145678229207,0.0,0.0,0.8604092082674956,0.0,0.7761804360877665,0.7761828649685716,1.0,0.0,0.8498624846949244,0.0,0.0,0.0,0.0,0.0,0.0,0.0,0.0,0.7573092580735572,0.0,0.0,0.7867810906744497,0.0,0.0,0.0,0.0,0.830906934586953,0.0,0.0,0.0
0.0,0.0,0.0,0.0,0.0,0.0,0.8577991576884515,0.7722088149352682,0.7679677235402583,0.7705406980162863,0.0,0.0,0.0,0.0,0.0,0.0,0.0,0.0,0.0,0.0,0.7713543611454066,0.0,0.0,0.0,0.0,0.0,0.0,0.0,0.0,0.0,0.0,0.0,0.0,0.0,0.0,0.0,0.0,0.0,0.0,0.754517477480669,0.0,0.0,0.7579589337555301,0.0,0.0,0.7608029530229495,0.0,0.0,0.0,0.0,0.0,0.0,0.7682423183270444,0.7750858629926191,0.0,0.0,0.7607058540151128,0.0,0.0,0.0,0.0,0.0,0.0,0.0,0.0,0.0,0.0,0.0,0.0,0.0,0.0,0.7637396014453481,0.0,0.0,0.0,0.0,0.0,0.0,0.0,0.0,0.0,0.0,0.0,0.0,0.0,0.0,0.0,0.0,0.0,0.0,0.7749054580028478,0.0,0.0,0.0,0.0,0.0,0.0,0.0,0.0,0.7701856041028157,0.0,0.0,0.0,0.0,0.0,0.0,0.0,0.0,0.0,0.0,0.0,0.0,0.0,0.0,0.0,0.0,0.0,0.0,0.0,0.0,0.0,0.0,0.0,0.0,0.0,0.0,0.0,0.0,0.0,0.0,0.0,0.0,0.0,0.0,0.0,0.0,0.0,0.0,0.0,0.0,0.0,0.8608568802037403,0.0,0.0,0.0,0.0,0.0,0.0,0.0,0.0,0.0,0.0,0.0,0.0,0.0,0.7677955389521947,0.0,0.0,0.0,0.0,0.0,0.7749285118844903,0.0,0.0,0.0,0.0,0.0,0.0,0.0,0.0,0.0,0.0,0.0,0.0,0.0,0.0,0.0,0.0,1.0,0.0,0.0,0.0,0.0,0.0,0.0,0.0,0.0,0.0,0.0,0.0,0.7615864159734465,0.0,0.7710735204678538,0.7716707404324818,0.7851074220960429,0.0,0.0,0.0,0.8336635052130066,0.0
0.0,0.0,0.0,0.0,0.7995188631602828,0.0,0.0,0.0,0.8382395498788149,0.0,0.0,0.0,0.0,0.0,0.8044718624020272,0.8654881251128248,0.0,0.0,0.0,0.0,0.0,0.0,0.7735021509375845,0.0,0.7534484372901004,0.0,0.0,0.0,0.0,0.0,0.0,0.0,0.0,0.0,0.0,0.0,0.0,0.0,0.0,0.0,0.8470142266322999,0.0,0.7615546827609676,0.0,0.0,0.0,0.0,0.0,0.8261013019758757,0.0,0.0,0.0,0.0,0.0,0.0,0.0,0.0,0.0,0.0,0.0,0.0,0.0,0.0,0.0,0.0,0.0,0.0,0.0,0.0,0.0,0.0,0.0,0.0,0.0,0.7671556229793048,0.8657098921705505,0.781155409282042,0.0,0.7559127323384047,0.0,0.0,0.0,0.0,0.0,0.0,0.0,0.0,0.8463097143642119,0.0,0.7874961790686541,0.0,0.0,0.0,0.0,0.0,0.0,0.0,0.0,0.0,0.0,0.0,0.7663572033380385,0.7723452296699215,0.7541241543888147,0.0,0.0,0.0,0.0,0.7764220828397967,0.7745032619197524,0.0,0.0,0.7596558390634833,0.7537334894577926,0.7607007545104673,0.0,0.0,0.0,0.0,0.7738945426577917,0.0,0.7984184438053434,0.0,0.8373906053645919,0.7544821613382973,0.0,0.0,0.0,0.0,0.0,0.0,0.0,0.0,0.8635381049304499,0.0,0.0,0.0,0.7865571796022364,0.775303513058792,0.0,0.0,0.0,0.0,0.8627343727470387,0.0,0.0,0.0,0.812134037566376,0.0,0.0,0.8807909733542411,0.8576856548872005,0.0,0.0,0.7563818814825712,0.0,0.0,0.0,0.0,0.0,0.7617857128921101,0.0,0.8474387659128364,0.7793727488011359,0.7785592880021689,0.0,0.0,0.0,0.765974116452769,0.7871208275365749,0.8659050156664893,0.0,0.0,0.8651172547119849,0.0,0.0,0.0,0.8498624846949244,0.0,1.0,0.0,0.0,0.0,0.0,0.0,0.0,0.0,0.0,0.7571243591752045,0.7790927829764384,0.0,0.0,0.0,0.0,0.0,0.0,0.8519435627375244,0.7834096151369805,0.0,0.0
0.0,0.7502777894053676,0.0,0.0,0.7974932418145484,0.0,0.0,0.0,0.7578253061277143,0.0,0.0,0.0,0.0,0.0,0.8044291312439023,0.7567934098132671,0.7555243286040713,0.0,0.0,0.0,0.0,0.0,0.809823591460995,0.0,0.8028626930753253,0.0,0.0,0.0,0.0,0.0,0.0,0.0,0.0,0.0,0.0,0.0,0.0,0.7666334705223569,0.0,0.0,0.0,0.7498811229655363,0.0,0.0,0.0,0.0,0.0,0.7552412110436048,0.0,0.0,0.0,0.0,0.0,0.0,0.0,0.0,0.0,0.0,0.0,0.0,0.0,0.0,0.0,0.7766422195414894,0.0,0.0,0.0,0.0,0.0,0.0,0.0,0.0,0.0,0.0,0.7887470156946033,0.7565225378677843,0.8057230100093025,0.0,0.8047159012149487,0.0,0.0,0.0,0.0,0.0,0.0,0.0,0.0,0.7579453100171869,0.0,0.7559106493718386,0.0,0.0,0.0,0.0,0.0,0.0,0.0,0.0,0.0,0.0,0.0,0.7969942267616094,0.7736001992510784,0.8058502948298657,0.0,0.0,0.0,0.0,0.8096212528202577,0.7753966097328148,0.0,0.7504258119299086,0.0,0.8078170590016537,0.810637696391756,0.0,0.0,0.0,0.0,0.8159591942746128,0.0,0.7690673640522625,0.0,0.0,0.7944535144223304,0.7588711523531103,0.0,0.0,0.0,0.0,0.0,0.0,0.0,0.7583274608563031,0.0,0.0,0.0,0.7938862910285404,0.8012802564716751,0.0,0.0,0.0,0.0,0.7584060249242142,0.0,0.0,0.0,0.7837253272157868,0.0,0.7975414456246389,0.0,0.757012800029263,0.0,0.7570652329284717,0.8358427912355477,0.0,0.0,0.0,0.0,0.0,0.0,0.0,0.7576969204201067,0.784198559088805,0.8058496429504034,0.0,0.0,0.7531649408860797,0.7936739311444563,0.7727950339084004,0.754823797480771,0.0,0.0,0.0,0.0,0.7975972027581834,0.0,0.0,0.0,0.0,1.0,0.0,0.0,0.0,0.0,0.0,0.0,0.0,0.9727380778638227,0.8213082946606165,0.0,0.0,0.0,0.0,0.0,0.0,0.0,0.7706660352285702,0.0,0.0
0.0,0.0,0.8652521976130105,0.0,0.0,0.0,0.0,0.0,0.0,0.0,0.8510288989251587,0.0,0.0,0.0,0.0,0.0,0.0,0.8832046754318176,0.0,0.8777095414981938,0.0,0.8925742546070349,0.0,0.8662387527046094,0.0,0.0,0.8640290154191121,0.0,0.0,0.0,0.0,0.8209624230598049,0.0,0.0,0.8299276824867963,0.8360793713969163,0.0,0.0,0.0,0.0,0.0,0.0,0.0,0.8841636230555721,0.0,0.0,0.8800712507218355,0.0,0.0,0.0,0.8346744500358122,0.0,0.0,0.0,0.8489642628470249,0.0,0.0,0.0,0.0,0.0,0.0,0.0,0.0,0.0,0.0,0.0,0.0,0.0,0.8383756006771487,0.0,0.8443549214461756,0.0,0.8661615736172846,0.0,0.0,0.0,0.0,0.0,0.0,0.0,0.8441901883299785,0.0,0.8346850972991114,0.8582195336528586,0.8433247396318553,0.0,0.0,0.0,0.8469152960098795,0.0,0.0,0.0,0.0,0.0,0.8576134547031931,0.0,0.8514548411867776,0.0,0.0,0.0,0.0,0.0,0.0,0.0,0.0,0.0,0.863369072133809,0.0,0.0,0.0,0.0,0.0,0.0,0.0,0.0,0.0,0.8564883917689362,0.0,0.0,0.0,0.871017813483468,0.0,0.827301315025356,0.0,0.0,0.0,0.8346638071169311,0.0,0.8532686835575253,0.0,0.0,0.0,0.0,0.0,0.859856479682364,0.8553022489615143,0.8343675551720623,0.0,0.0,0.0,0.0,0.0,0.0,0.0,0.0,0.0,0.0,0.0,0.0,0.0,0.0,0.0,0.0,0.0,0.0,0.0,0.0,0.0,0.0,0.0,0.0,0.0,0.0,0.0,0.0,0.0,0.0,0.0,0.0,0.0,0.0,0.0,0.0,0.0,0.8549964804404924,0.0,0.0,0.0,0.0,0.0,0.0,1.0,0.0,0.0,0.8080962336652153,0.0,0.0,0.8520071634712414,0.0,0.0,0.0,0.0,0.0,0.0,0.0,0.8435708771664157,0.0,0.0,0.0,0.0
0.7780293766499922,0.7631474557995042,0.0,0.0,0.0,0.7776084564532659,0.0,0.0,0.0,0.0,0.7736045661975541,0.0,0.0,0.8418577975146572,0.0,0.0,0.0,0.7739476412878876,0.0,0.0,0.0,0.7722170605807476,0.0,0.0,0.0,0.0,0.0,0.0,0.0,0.0,0.0,0.7730946371784805,0.0,0.0,0.0,0.7711601921139846,0.0,0.762129747813813,0.0,0.0,0.0,0.762467838861237,0.0,0.0,0.0,0.0,0.0,0.0,0.0,0.0,0.7716747719604775,0.9362125730038681,0.0,0.0,0.0,0.0,0.0,0.0,0.774740114841965,0.0,0.0,0.7764761105488506,0.0,0.0,0.9271917041198194,0.0,0.0,0.0,0.0,0.0,0.0,0.0,0.0,0.0,0.0,0.0,0.0,0.0,0.0,0.0,0.0,0.7758116541164365,0.7716868705899832,0.0,0.0,0.7765795895972447,0.0,0.0,0.0,0.0,0.0,0.0,0.7796999085440873,0.0,0.0,0.7767083208685586,0.0,0.0,0.0,0.0,0.0,0.0,0.0,0.0,0.0,0.0,0.0,0.0,0.0,0.0,0.0,0.7634031065126214,0.7620243971639331,0.0,0.0,0.0,0.0,0.8489837064101898,0.0,0.0,0.7725492179379884,0.0,0.0,0.0,0.0,0.0,0.0,0.7757447675837117,0.7748778222847006,0.0,0.0,0.0,0.9102316219992181,0.0,0.0,0.7736395301961808,0.0,0.0,0.0,0.7762168948622862,0.0,0.0,0.7755073825413832,0.0,0.0,0.0,0.7973990319573002,0.0,0.0,0.0,0.0,0.0,0.0,0.0,0.0,0.0,0.7654192865919989,0.0,0.0,0.0,0.0,0.0,0.0,0.0,0.0,0.775970049183979,0.0,0.0,0.0,0.0,0.0,0.0,0.0,0.0,0.0,0.0,0.0,0.0,0.0,0.0,0.0,0.0,1.0,0.0,0.850765236321857,0.0,0.7634946688662878,0.7760665521885242,0.0,0.0,0.0,0.0,0.0,0.0,0.0,0.0,0.0,0.0,0.0,0.7827646765003597
0.0,0.0,0.0,0.0,0.0,0.0,0.0,0.0,0.0,0.0,0.0,0.0,0.0,0.0,0.0,0.0,0.0,0.0,0.0,0.0,0.0,0.0,0.0,0.0,0.0,0.0,0.0,0.854288704235734,0.0,0.0,0.0,0.0,0.0,0.0,0.0,0.0,0.0,0.0,0.0,0.0,0.0,0.0,0.0,0.0,0.0,0.0,0.0,0.0,0.0,0.0,0.0,0.0,0.0,0.0,0.0,0.0,0.0,0.0,0.0,0.0,0.0,0.0,0.0,0.0,0.0,0.0,0.0,0.0,0.0,0.0,0.0,0.0,0.0,0.0,0.0,0.0,0.0,0.0,0.0,0.0,0.0,0.0,0.0,0.0,0.0,0.0,0.0,0.0,0.0,0.0,0.0,0.0,0.0,0.0,0.0,0.0,0.0,0.0,0.0,0.0,0.0,0.0,0.0,0.0,0.0,0.851902365112003,0.0,0.0,0.0,0.0,0.8543291717214679,0.0,0.0,0.0,0.0,0.0,0.0,0.0,0.0,0.0,0.0,0.0,0.0,0.0,0.0,0.0,0.0,0.0,0.0,0.0,0.0,0.0,0.0,0.0,0.0,0.0,0.0,0.0,0.0,0.0,0.0,0.0,0.0,0.0,0.0,0.0,0.0,0.0,0.0,0.0,0.0,0.0,0.0,0.0,0.0,0.0,0.0,0.0,0.0,0.0,0.0,0.0,0.0,0.0,0.0,0.0,0.0,0.0,0.0,0.0,0.0,0.0,0.0,0.0,0.0,0.0,0.0,0.0,0.0,0.0,0.0,0.0,0.0,1.0,0.0,0.0,0.0,0.0,0.0,0.0,0.0,0.0,0.0,0.0,0.0,0.0,0.0,0.0,0.0,0.0
0.7776961953557633,0.7629673127118889,0.8181033166931169,0.0,0.0,0.7772809579993041,0.0,0.0,0.0,0.0,0.7733266600497746,0.0,0.0,0.8196723886598679,0.0,0.0,0.0,0.8304919134304877,0.0,0.7915748723405144,0.0,0.8286550262356959,0.0,0.8282477608414127,0.0,0.0,0.0,0.0,0.0,0.0,0.0,0.7728225019025498,0.0,0.0,0.0,0.7709089171654553,0.0,0.7619571090111605,0.0,0.0,0.0,0.7622927411810528,0.0,0.8379261264889033,0.0,0.0,0.7691434623946093,0.0,0.0,0.0,0.7714181035480779,0.8462287535305149,0.0,0.0,0.0,0.0,0.0,0.0,0.7744489311265874,0.0,0.0,0.7761634407289325,0.0,0.0,0.8624800196196658,0.0,0.0,0.0,0.0,0.0,0.0,0.0,0.834989308182814,0.0,0.0,0.0,0.0,0.0,0.0,0.0,0.0,0.7755073825413832,0.7714300740356134,0.0,0.0,0.7762655919606796,0.0,0.0,0.7992260119405321,0.0,0.0,0.0,0.7793432237475965,0.0,0.8275283584846282,0.7763926638084543,0.0,0.0,0.0,0.0,0.0,0.0,0.0,0.0,0.0,0.0,0.0,0.0,0.0,0.0,0.0,0.7632210294185652,0.7618525177235381,0.0,0.0,0.0,0.0,0.8942249331776564,0.0,0.0,0.8290076974020718,0.0,0.0,0.0,0.0,0.0,0.0,0.7754413292730844,0.7745849874692294,0.0,0.0,0.0,0.8488921684038614,0.0,0.8280449023902781,0.7733612240716142,0.0,0.0,0.0,0.7759075275480004,0.0,0.0,0.7752068838475273,0.0,0.0,0.0,0.8075265642571455,0.0,0.0,0.0,0.0,0.0,0.0,0.0,0.0,0.0,0.7652212388994858,0.0,0.0,0.0,0.0,0.0,0.0,0.0,0.0,0.7756637955479768,0.0,0.0,0.0,0.0,0.0,0.0,0.0,0.0,0.0,0.0,0.0,0.0,0.0,0.0,0.0,0.8080962336652153,0.850765236321857,0.0,1.0,0.0,0.7633118942385271,0.7757590848849609,0.0,0.0,0.0,0.0,0.0,0.80126436649312,0.0,0.0,0.0,0.0,0.0,0.8000509613325946
0.0,0.0,0.0,0.0,0.0,0.0,0.0,0.0,0.0,0.0,0.0,0.0,0.0,0.0,0.0,0.0,0.0,0.0,0.0,0.0,0.0,0.0,0.0,0.0,0.0,0.0,0.0,0.0,0.0,0.0,0.0,0.0,0.0,0.0,0.0,0.0,0.0,0.0,0.0,0.0,0.0,0.0,0.0,0.0,0.0,0.0,0.0,0.0,0.0,0.0,0.0,0.0,0.0,0.0,0.0,0.0,0.0,0.0,0.0,0.0,0.0,0.0,0.0,0.0,0.0,0.0,0.0,0.0,0.0,0.0,0.0,0.0,0.0,0.0,0.0,0.0,0.0,0.0,0.0,0.0,0.0,0.0,0.0,0.0,0.0,0.0,0.0,0.0,0.0,0.0,0.0,0.0,0.0,0.0,0.0,0.0,0.0,0.0,0.0,0.0,0.0,0.0,0.0,0.0,0.0,0.0,0.0,0.0,0.0,0.0,0.0,0.0,0.0,0.0,0.0,0.0,0.0,0.0,0.0,0.0,0.0,0.0,0.0,0.0,0.0,0.0,0.0,0.0,0.0,0.0,0.0,0.0,0.0,0.0,0.0,0.0,0.0,0.0,0.0,0.0,0.0,0.0,0.0,0.0,0.0,0.0,0.0,0.0,0.0,0.0,0.0,0.0,0.0,0.0,0.0,0.0,0.7481943393142698,0.0,0.0,0.0,0.0,0.0,0.0,0.0,0.0,0.0,0.0,0.0,0.0,0.0,0.0,0.0,0.0,0.0,0.0,0.0,0.0,0.0,0.0,0.0,0.0,0.0,0.0,0.0,0.0,1.0,0.0,0.0,0.0,0.0,0.0,0.0,0.0,0.0,0.0,0.0,0.0,0.0,0.0,0.0
0.7625008134190723,0.8885366277882959,0.0,0.0,0.0,0.7622791157201517,0.0,0.0,0.0,0.0,0.0,0.0,0.0,0.0,0.7496884767354888,0.0,0.0,0.0,0.7576251481640478,0.0,0.0,0.0,0.0,0.0,0.0,0.7901763559608539,0.0,0.0,0.7570630459026473,0.0,0.7608413910115506,0.0,0.0,0.0,0.0,0.0,0.0,0.8980368985927111,0.0,0.0,0.0,0.8906535824042034,0.0,0.0,0.0,0.0,0.0,0.8086181027492935,0.0,0.0,0.0,0.7632011987985989,0.0,0.0,0.0,0.0,0.0,0.0,0.7607211590958826,0.0,0.0,0.7616739011036229,0.7719994974205053,0.0,0.7628945165790828,0.0,0.0,0.0,0.0,0.0,0.0,0.0,0.0,0.7829734927800853,0.0,0.0,0.7484552769156353,0.0,0.0,0.0,0.0,0.7613127905456333,0.0,0.0,0.0,0.7617297413479995,0.7601862698631614,0.0,0.0,0.0,0.0,0.0,0.0,0.0,0.0,0.7617990588696992,0.0,0.0,0.0,0.0,0.0,0.0,0.0,0.0,0.0,0.0,0.0,0.0,0.0,0.0,0.0,0.8836296201453606,0.8898188758970839,0.0,0.0,0.0,0.0,0.7633631582219829,0.0,0.0,0.0,0.0,0.0,0.0,0.0,0.0,0.0,0.761276195497229,0.0,0.0,0.7977795858513648,0.0,0.7635032708801227,0.0,0.0,0.0,0.0,0.0,0.0,0.7615335507689127,0.0,0.0,0.7611459565372977,0.0,0.7992061974216081,0.0,0.0,0.0,0.0,0.0,0.0,0.0,0.0,0.7616128926769274,0.7503533286127392,0.0,0.889416255773376,0.0,0.0,0.7587229114402657,0.0,0.0,0.0,0.0,0.0,0.7613992736713563,0.0,0.0,0.0,0.7599776193416073,0.0,0.0,0.0,0.0,0.0,0.0,0.0,0.0,0.0,0.0,0.0,0.0,0.7634946688662878,0.0,0.7633118942385271,0.0,1.0,0.0,0.0,0.0,0.0,0.0,0.0,0.0,0.0,0.0,0.0,0.0,0.0,0.764872479149906
0.0,0.0,0.8546604189703136,0.0,0.0,0.0,0.0,0.0,0.0,0.0,0.8608206930626822,0.0,0.0,0.0,0.0,0.0,0.0,0.8593075410491826,0.0,0.8465851459079707,0.0,0.8585415841975189,0.0,0.8601459967430127,0.0,0.0,0.8628792671670883,0.0,0.0,0.0,0.0,0.8320394135682451,0.0,0.0,0.8390819105007179,0.8449511300688248,0.0,0.0,0.0,0.0,0.0,0.0,0.0,0.8591911287804626,0.0,0.0,0.8591744615380555,0.0,0.0,0.0,0.848188812287801,0.7755736163350458,0.0,0.0,0.8593292736638771,0.0,0.0,0.0,0.0,0.0,0.0,0.0,0.0,0.0,0.7750626589115913,0.0,0.0,0.0,0.8371917808177534,0.0,0.8440051986188672,0.0,0.8444836617736252,0.0,0.0,0.0,0.0,0.0,0.0,0.0,0.8480310811775038,0.0,0.8439933844361707,0.8590900276082082,0.8460307415065741,0.0,0.0,0.0,0.848169044487944,0.0,0.0,0.0,0.0,0.0,0.8434748710867862,0.0,0.8583401089057165,0.0,0.0,0.0,0.0,0.0,0.0,0.0,0.0,0.0,0.8552768406781875,0.0,0.0,0.0,0.0,0.0,0.0,0.0,0.0,0.0,0.863300689350848,0.7933881397343449,0.0,0.0,0.8569607742642703,0.0,0.8369905782142618,0.0,0.0,0.0,0.8253083649888198,0.0,0.8571929762531865,0.0,0.0,0.0,0.7760810608176864,0.0,0.858985484965608,0.865782442497394,0.8436413978661406,0.0,0.0,0.0,0.0,0.0,0.0,0.0,0.0,0.0,0.0,0.0,0.0,0.0,0.0,0.0,0.0,0.0,0.0,0.0,0.0,0.0,0.0,0.0,0.0,0.0,0.0,0.0,0.0,0.0,0.0,0.0,0.0,0.0,0.0,0.0,0.0,0.0,0.8648977838485702,0.0,0.0,0.0,0.0,0.0,0.0,0.8520071634712414,0.7760665521885242,0.0,0.7757590848849609,0.0,0.0,1.0,0.0,0.0,0.0,0.0,0.0,0.0,0.0,0.8480356684023517,0.0,0.0,0.0,0.0
0.0,0.7676962351353138,0.0,0.0,0.7980149079951642,0.0,0.0,0.0,0.7584384506857188,0.0,0.0,0.0,0.0,0.0,0.8136244197727018,0.7573800775035617,0.7560799675484149,0.0,0.0,0.0,0.0,0.0,0.8161022531482703,0.0,0.8032496011694122,0.0,0.0,0.0,0.0,0.0,0.0,0.0,0.0,0.0,0.0,0.0,0.0,0.7670755722360896,0.0,0.0,0.0,0.7503171708017399,0.0,0.0,0.0,0.0,0.0,0.7557901505143623,0.7561872011766925,0.0,0.0,0.0,0.0,0.0,0.0,0.0,0.0,0.0,0.0,0.0,0.0,0.0,0.0,0.7770885745641942,0.0,0.0,0.0,0.0,0.0,0.0,0.0,0.0,0.0,0.0,0.7949992246600704,0.7742216164739613,0.8083829883885317,0.0,0.807611880958106,0.0,0.0,0.0,0.0,0.0,0.0,0.0,0.0,0.7585616087757057,0.0,0.7837650789587562,0.0,0.0,0.0,0.0,0.0,0.0,0.0,0.0,0.0,0.0,0.0,0.7973338705376029,0.7812096011030455,0.8037714671619932,0.0,0.0,0.0,0.0,0.8048549210580377,0.7760351465700528,0.0,0.7508722051989744,0.0,0.8082096593357713,0.8058837262655362,0.0,0.0,0.0,0.0,0.8196952958271236,0.0,0.7525410971052352,0.0,0.0,0.7982793946271355,0.7595123274580038,0.0,0.0,0.0,0.0,0.0,0.0,0.0,0.758953910603385,0.0,0.0,0.0,0.8047946821657742,0.7991493180915029,0.0,0.0,0.0,0.0,0.7590345817977459,0.0,0.0,0.0,0.784323961466981,0.0,0.7980641320919926,0.7569888070669172,0.7576050013560713,0.0,0.7576587643214276,0.8336301577627963,0.0,0.0,0.0,0.0,0.0,0.0,0.0,0.7583067080084838,0.7891908813322508,0.8063347128166639,0.0,0.0,0.7536671099204236,0.7970307566092972,0.773367710332658,0.7553630037693806,0.0,0.0,0.0,0.0,0.7980455561620889,0.0,0.7573092580735572,0.0,0.7571243591752045,0.9727380778638227,0.0,0.0,0.0,0.0,0.0,0.0,0.0,1.0,0.8234182756175913,0.0,0.0,0.0,0.0,0.0,0.0,0.0,0.7813428566545569,0.0,0.0
0.0,0.0,0.0,0.0,0.7844645594731788,0.0,0.0,0.0,0.7634803390647783,0.0,0.0,0.0,0.0,0.0,0.7772962112646897,0.0,0.0,0.0,0.0,0.0,0.0,0.0,0.7852690425664728,0.0,0.7827933363711707,0.0,0.0,0.0,0.0,0.0,0.0,0.0,0.0,0.0,0.0,0.0,0.0,0.0,0.0,0.0,0.0,0.0,0.0,0.0,0.0,0.0,0.0,0.0,0.0,0.0,0.0,0.0,0.0,0.0,0.0,0.0,0.0,0.0,0.0,0.0,0.0,0.0,0.0,0.7935987150300191,0.0,0.0,0.0,0.0,0.0,0.0,0.0,0.0,0.0,0.0,0.7761925829247096,0.0,0.7759893190869421,0.0,0.777615326499064,0.0,0.0,0.0,0.0,0.0,0.0,0.0,0.0,0.7911803839694831,0.0,0.0,0.0,0.0,0.0,0.0,0.0,0.0,0.0,0.0,0.0,0.0,0.0,0.7895742019536995,0.784326788153002,0.793678887579438,0.0,0.0,0.0,0.0,0.8112337724358074,0.7640222185523796,0.0,0.0,0.0,0.7830350923046587,0.8248409286864603,0.0,0.0,0.0,0.0,0.791261776948787,0.0,0.7909676974419371,0.0,0.0,0.7893288013183731,0.0,0.0,0.0,0.0,0.0,0.0,0.0,0.0,0.7813969650423878,0.0,0.0,0.0,0.7979069557888201,0.7711562457236253,0.0,0.0,0.0,0.0,0.7814994980528399,0.0,0.0,0.0,0.7965695863331561,0.0,0.7975561180814345,0.7789236166054005,0.7624541129189474,0.0,0.7625200696720397,0.8156860728489426,0.0,0.0,0.0,0.0,0.0,0.0,0.0,0.7633175847992442,0.781759256862133,0.8198656006323641,0.0,0.0,0.0,0.7892419240741148,0.7608234455499858,0.0,0.0,0.0,0.0,0.0,0.7799822477989169,0.0,0.0,0.0,0.7790927829764384,0.8213082946606165,0.0,0.0,0.0,0.0,0.0,0.0,0.0,0.8234182756175913,1.0,0.0,0.0,0.0,0.0,0.0,0.0,0.0,0.7929438724016308,0.0,0.0
0.0,0.0,0.0,0.0,0.0,0.0,0.7646578128194732,0.7719464311603124,0.7677475478595841,0.770295771355989,0.0,0.0,0.0,0.0,0.0,0.0,0.0,0.0,0.0,0.0,0.7711010640102279,0.0,0.0,0.0,0.0,0.0,0.0,0.0,0.0,0.0,0.0,0.0,0.0,0.0,0.0,0.0,0.0,0.0,0.0,0.771450038066445,0.0,0.0,0.7578140163314008,0.0,0.0,0.7778387999945964,0.0,0.0,0.0,0.0,0.0,0.0,0.768019620750944,0.7747905166786182,0.0,0.0,0.7605432100629099,0.0,0.0,0.0,0.0,0.0,0.0,0.0,0.0,0.0,0.0,0.0,0.0,0.0,0.0,0.763554948190465,0.0,0.0,0.0,0.0,0.0,0.0,0.0,0.0,0.0,0.0,0.0,0.0,0.0,0.0,0.0,0.0,0.0,0.0,0.7746122907531757,0.0,0.0,0.0,0.0,0.0,0.0,0.0,0.0,0.7699442462840048,0.0,0.0,0.0,0.0,0.0,0.0,0.0,0.0,0.0,0.0,0.0,0.0,0.0,0.0,0.0,0.0,0.0,0.0,0.0,0.0,0.0,0.0,0.0,0.0,0.0,0.0,0.0,0.0,0.0,0.0,0.0,0.0,0.0,0.0,0.0,0.0,0.0,0.0,0.0,0.0,0.0,0.7647090365016006,0.0,0.0,0.0,0.0,0.0,0.0,0.0,0.0,0.0,0.0,0.0,0.0,0.0,0.7675769305528553,0.0,0.0,0.0,0.0,0.0,0.7746350670382343,0.0,0.0,0.0,0.0,0.0,0.0,0.0,0.0,0.0,0.0,0.0,0.0,0.0,0.0,0.0,0.0,0.7615864159734465,0.0,0.0,0.0,0.0,0.0,0.0,0.0,0.0,0.0,0.0,0.0,1.0,0.0,0.7708231431364805,0.7714141147061014,0.7675293743703862,0.0,0.0,0.0,0.0,0.0
0.0,0.0,0.0,0.0,0.7628973123241158,0.0,0.0,0.0,0.0,0.0,0.0,0.0,0.0,0.0,0.0,0.0,0.0,0.0,0.0,0.0,0.0,0.0,0.7552128829441299,0.0,0.7523989006487362,0.0,0.0,0.0,0.0,0.0,0.0,0.0,0.0,0.0,0.0,0.0,0.0,0.0,0.0,0.0,0.7694135551076525,0.0,0.0,0.0,0.0,0.0,0.0,0.0,0.7675497440470745,0.0,0.0,0.0,0.0,0.0,0.0,0.0,0.0,0.0,0.0,0.0,0.0,0.0,0.0,0.7582721602656041,0.0,0.0,0.0,0.0,0.0,0.0,0.0,0.0,0.0,0.0,0.0,0.0,0.0,0.0,0.0,0.0,0.0,0.0,0.0,0.0,0.0,0.0,0.0,0.0,0.0,0.0,0.0,0.0,0.0,0.0,0.0,0.0,0.0,0.0,0.0,0.0,0.0,0.7654503802193738,0.754135743165155,0.0,0.0,0.0,0.0,0.0,0.0,0.0,0.0,0.0,0.0,0.0,0.0,0.0,0.0,0.0,0.0,0.0,0.0,0.0,0.0,0.0,0.0,0.0,0.0,0.0,0.0,0.0,0.0,0.0,0.0,0.0,0.0,0.0,0.0,0.0,0.7474619708388722,0.0,0.0,0.0,0.0,0.0,0.0,0.0,0.0,0.0,0.0,0.0,0.78623975635303,0.7872848179679055,0.0,0.7699667710205585,0.7722727925027049,0.0,0.0,0.0,0.0,0.0,0.0,0.0,0.7710617257237152,0.0,0.7598912197282028,0.0,0.0,0.0,0.0,0.7676791552538182,0.0,0.0,0.0,0.0,0.0,0.7575089803199476,0.0,0.7867810906744497,0.0,0.0,0.0,0.0,0.0,0.0,0.0,0.0,0.0,0.0,0.0,0.0,0.0,1.0,0.0,0.0,0.0,0.0,0.7689410665122005,0.0,0.0,0.0
0.0,0.0,0.0,0.0,0.0,0.0,0.7757877448791578,0.7886254990229457,0.7808906613139182,0.7854530349675075,0.0,0.0,0.0,0.0,0.0,0.0,0.0,0.0,0.0,0.0,0.8047714856686472,0.0,0.0,0.0,0.0,0.0,0.0,0.0,0.0,0.0,0.0,0.0,0.0,0.0,0.0,0.0,0.0,0.0,0.0,0.7610190105105544,0.0,0.0,0.7656566180477956,0.0,0.0,0.7696792926455512,0.0,0.0,0.0,0.0,0.0,0.0,0.7813608794647411,0.7946132954289694,0.0,0.0,0.7695386764318153,0.0,0.0,0.0,0.7769277412603267,0.0,0.0,0.0,0.0,0.0,0.0,0.780302399626684,0.0,0.0,0.0,0.7740586392620731,0.0,0.0,0.0,0.0,0.0,0.0,0.0,0.0,0.0,0.0,0.0,0.0,0.0,0.0,0.0,0.0,0.0,0.0,0.7942150310875229,0.0,0.0,0.0,0.0,0.0,0.0,0.0,0.0,0.784801170791463,0.0,0.0,0.0,0.0,0.0,0.0,0.0,0.0,0.0,0.0,0.0,0.0,0.0,0.0,0.0,0.0,0.0,0.0,0.770881592286791,0.0,0.0,0.0,0.0,0.0,0.0,0.0,0.0,0.0,0.0,0.0,0.0,0.0,0.0,0.0,0.0,0.0,0.0,0.0,0.0,0.0,0.0,0.7758691326705881,0.0,0.0,0.0,0.0,0.0,0.777418583423074,0.0,0.0,0.0,0.0,0.0,0.0,0.0,0.7805976694641782,0.0,0.0,0.0,0.0,0.0,0.7942657349582337,0.0,0.0,0.0,0.0,0.0,0.0,0.0,0.0,0.0,0.0,0.0,0.0,0.0,0.0,0.0,0.0,0.7710735204678538,0.0,0.0,0.0,0.0,0.0,0.0,0.0,0.0,0.0,0.0,0.0,0.7708231431364805,0.0,1.0,0.7875812344572695,0.7805162584010399,0.0,0.0,0.0,0.0,0.0
0.0,0.0,0.0,0.0,0.0,0.0,0.776515479125035,0.8410387639462364,0.7817913483508475,0.8284561319918051,0.0,0.0,0.0,0.0,0.0,0.0,0.0,0.0,0.0,0.0,0.7881374138190883,0.0,0.0,0.0,0.0,0.0,0.0,0.0,0.0,0.0,0.0,0.0,0.0,0.0,0.0,0.0,0.0,0.0,0.0,0.7614097778675241,0.0,0.0,0.7661320580209717,0.0,0.0,0.7702425242078058,0.0,0.0,0.0,0.0,0.0,0.0,0.7822794078497931,0.7962074969800564,0.0,0.0,0.7700985872244231,0.0,0.0,0.0,0.0,0.0,0.0,0.0,0.0,0.0,0.0,0.0,0.0,0.0,0.0,0.774735538055433,0.0,0.0,0.0,0.0,0.0,0.0,0.0,0.0,0.0,0.0,0.0,0.0,0.0,0.0,0.0,0.0,0.0,0.0,0.7957830696872101,0.0,0.0,0.0,0.0,0.0,0.0,0.0,0.0,0.7858612945798331,0.0,0.0,0.0,0.0,0.0,0.0,0.0,0.0,0.0,0.0,0.0,0.0,0.0,0.0,0.0,0.0,0.0,0.8119362165024449,0.0,0.0,0.0,0.0,0.0,0.0,0.0,0.0,0.0,0.0,0.0,0.0,0.0,0.0,0.0,0.0,0.0,0.0,0.0,0.0,0.0,0.0,0.0,0.7765993500188714,0.0,0.0,0.0,0.0,0.0,0.0,0.0,0.0,0.0,0.0,0.0,0.0,0.0,0.7814874129776773,0.0,0.0,0.0,0.0,0.0,0.7958370804219111,0.0,0.0,0.0,0.0,0.0,0.0,0.0,0.0,0.0,0.0,0.0,0.0,0.0,0.0,0.0,0.0,0.7716707404324818,0.0,0.0,0.0,0.0,0.0,0.80126436649312,0.0,0.0,0.0,0.0,0.0,0.7714141147061014,0.0,0.7875812344572695,1.0,0.7814029844933534,0.0,0.0,0.0,0.0,0.0
0.0,0.0,0.0,0.0,0.0,0.0,0.7996424298387175,0.7822108633319356,0.7760568845888751,0.7797336170418303,0.0,0.0,0.0,0.0,0.0,0.0,0.0,0.0,0.0,0.0,0.7809319623683297,0.0,0.0,0.0,0.0,0.0,0.0,0.0,0.0,0.0,0.0,0.0,0.0,0.0,0.0,0.0,0.0,0.0,0.0,0.7587839779585088,0.0,0.0,0.7802190989691467,0.0,0.0,0.7665290897174205,0.0,0.0,0.0,0.0,0.0,0.0,0.7764417153630769,0.7866912813682759,0.0,0.0,0.7837352591044865,0.0,0.0,0.0,0.0,0.0,0.0,0.0,0.0,0.0,0.0,0.0,0.0,0.0,0.0,0.8055564662195025,0.0,0.0,0.0,0.0,0.0,0.0,0.0,0.0,0.0,0.0,0.0,0.0,0.0,0.0,0.0,0.0,0.0,0.0,0.7864016466746278,0.0,0.0,0.0,0.0,0.0,0.0,0.0,0.0,0.7792163053992032,0.0,0.0,0.0,0.0,0.0,0.0,0.0,0.0,0.0,0.0,0.0,0.0,0.0,0.0,0.0,0.0,0.0,0.0,0.0,0.0,0.0,0.0,0.0,0.0,0.0,0.0,0.0,0.0,0.0,0.0,0.0,0.0,0.0,0.0,0.0,0.0,0.0,0.0,0.0,0.0,0.0,0.8254211264211836,0.0,0.0,0.0,0.0,0.0,0.0,0.0,0.0,0.0,0.0,0.0,0.0,0.0,0.7758164387946965,0.0,0.0,0.0,0.0,0.0,0.7864385891464186,0.0,0.0,0.0,0.0,0.785198641954376,0.0,0.0,0.0,0.0,0.0,0.0,0.0,0.0,0.0,0.0,0.0,0.7851074220960429,0.0,0.0,0.0,0.0,0.0,0.0,0.0,0.0,0.0,0.0,0.0,0.7675293743703862,0.0,0.7805162584010399,0.7814029844933534,1.0,0.0,0.0,0.0,0.0,0.0
0.0,0.0,0.8379188820184811,0.0,0.0,0.0,0.0,0.0,0.0,0.0,0.8407251185884191,0.0,0.0,0.0,0.0,0.0,0.0,0.8410526434498837,0.0,0.8305102499488094,0.0,0.8355289807068772,0.0,0.8635547491046313,0.0,0.0,0.8427885135747868,0.0,0.0,0.0,0.0,0.8233707726678089,0.0,0.0,0.8239020470179962,0.8461919945330224,0.0,0.0,0.0,0.0,0.0,0.0,0.0,0.8409935555479502,0.0,0.0,0.8257729712083235,0.0,0.0,0.0,0.8438207150450704,0.0,0.0,0.0,0.8392039859260435,0.0,0.0,0.0,0.0,0.0,0.0,0.0,0.0,0.0,0.0,0.0,0.0,0.0,0.8370198240468202,0.0,0.8549537666526552,0.0,0.8341557749474178,0.0,0.0,0.0,0.0,0.0,0.0,0.0,0.8303678736871707,0.0,0.8438324521113132,0.8290134681424932,0.8325255466747803,0.0,0.0,0.0,0.8516681426723659,0.0,0.0,0.0,0.0,0.0,0.8447891795658337,0.0,0.8306368426536211,0.0,0.0,0.0,0.0,0.0,0.0,0.0,0.0,0.0,0.8350917455283275,0.0,0.0,0.0,0.0,0.0,0.0,0.0,0.0,0.0,0.8412568532660019,0.0,0.0,0.0,0.8313546565412937,0.0,0.8238161394399345,0.0,0.0,0.0,0.8279603655952087,0.0,0.8358991324169001,0.0,0.0,0.0,0.0,0.0,0.8533715234384525,0.8407585236166955,0.8385363444083083,0.0,0.0,0.0,0.0,0.0,0.0,0.0,0.0,0.0,0.0,0.0,0.0,0.0,0.0,0.0,0.0,0.0,0.0,0.0,0.0,0.0,0.0,0.0,0.0,0.0,0.0,0.0,0.0,0.0,0.0,0.0,0.0,0.0,0.0,0.0,0.0,0.0,0.8328565817576552,0.0,0.0,0.0,0.0,0.0,0.0,0.8435708771664157,0.0,0.0,0.0,0.0,0.0,0.8480356684023517,0.0,0.0,0.0,0.0,0.0,0.0,0.0,1.0,0.0,0.0,0.0,0.0
0.0,0.0,0.0,0.0,0.0,0.0,0.0,0.0,0.8303185931008905,0.0,0.0,0.0,0.0,0.0,0.7725304122730066,0.8419859051547626,0.0,0.0,0.0,0.0,0.0,0.0,0.7563182224046464,0.0,0.0,0.0,0.0,0.0,0.0,0.0,0.0,0.0,0.0,0.0,0.0,0.0,0.0,0.0,0.0,0.0,0.8380037450187245,0.0,0.7614544725068194,0.0,0.0,0.0,0.0,0.0,0.8336515610962265,0.0,0.0,0.0,0.0,0.0,0.0,0.0,0.0,0.0,0.0,0.0,0.0,0.0,0.0,0.0,0.0,0.0,0.0,0.0,0.0,0.0,0.0,0.0,0.0,0.7634459826157368,0.0,0.8354048978756456,0.7538840087617766,0.0,0.0,0.0,0.0,0.0,0.0,0.0,0.0,0.0,0.0,0.8238611028949803,0.0,0.0,0.0,0.0,0.0,0.0,0.0,0.0,0.0,0.0,0.0,0.0,0.0,0.0,0.7722665937072719,0.0,0.0,0.0,0.0,0.0,0.0,0.0,0.0,0.0,0.0,0.0,0.0,0.0,0.0,0.0,0.0,0.0,0.0,0.0,0.0,0.8282031889768456,0.7714660212030834,0.0,0.0,0.0,0.0,0.0,0.0,0.0,0.0,0.8367656836949657,0.0,0.0,0.0,0.7590797825485355,0.7482514060670953,0.0,0.0,0.0,0.0,0.8392849809864495,0.0,0.0,0.0,0.7883282951620688,0.0,0.0,0.8551945845597096,0.8405590238197587,0.0,0.0,0.0,0.0,0.0,0.0,0.0,0.0,0.7616845272459578,0.0,0.8419690241714922,0.7521685393810671,0.0,0.0,0.0,0.0,0.7659137681115746,0.7869768102050051,0.8272340863001962,0.0,0.0,0.8408673842074679,0.0,0.7587299495556686,0.0,0.830906934586953,0.0,0.8519435627375244,0.0,0.0,0.0,0.0,0.0,0.0,0.0,0.0,0.0,0.0,0.0,0.7689410665122005,0.0,0.0,0.0,0.0,1.0,0.7659661671832438,0.0,0.0
0.0,0.7572342439147797,0.0,0.0,0.834879481728295,0.0,0.0,0.0,0.7680265488657037,0.0,0.0,0.0,0.0,0.0,0.7697443276284794,0.7664608361712282,0.0,0.0,0.0,0.0,0.0,0.0,0.7705349289415246,0.0,0.7678487841556855,0.0,0.0,0.0,0.0,0.0,0.0,0.0,0.0,0.0,0.0,0.0,0.0,0.0,0.0,0.0,0.7663830695368954,0.0,0.0,0.0,0.0,0.0,0.0,0.7641662659375161,0.7647331798094653,0.0,0.0,0.0,0.0,0.0,0.0,0.0,0.0,0.0,0.0,0.0,0.0,0.0,0.0,0.7836130464121434,0.0,0.0,0.0,0.0,0.0,0.0,0.0,0.0,0.0,0.0,0.8912876998763225,0.7660553501473469,0.7784292761188301,0.0,0.7700948110096246,0.0,0.0,0.0,0.0,0.0,0.0,0.0,0.0,0.7682108763649452,0.0,0.0,0.0,0.0,0.0,0.0,0.0,0.0,0.0,0.0,0.0,0.0,0.0,0.7641191344422499,0.0,0.7684671010324431,0.0,0.0,0.0,0.0,0.7832770938716452,0.7686833233859177,0.0,0.757433331487399,0.0,0.7782223394942265,0.7845785352857406,0.0,0.0,0.0,0.0,0.770881592286791,0.0,0.8307371753848974,0.0,0.0,0.7517947976704372,0.0,0.0,0.0,0.0,0.0,0.0,0.0,0.0,0.7688011125225962,0.0,0.0,0.0,0.0,0.7462165773584388,0.0,0.0,0.0,0.0,0.7689230780710644,0.7633774177903931,0.0,0.0,0.7832467801138479,0.0,0.788058314465528,0.793519129162883,0.7667908994121925,0.0,0.7668700034353239,0.7806637732412798,0.0,0.7589870949314552,0.0,0.0,0.0,0.0,0.0,0.7678298771690752,0.7497813913277982,0.7924743556542635,0.0,0.0,0.0,0.7468819596836186,0.7648481947836802,0.0,0.0,0.0,0.7656283898006989,0.0,0.7828837817568407,0.0,0.0,0.0,0.7834096151369805,0.7706660352285702,0.0,0.0,0.0,0.0,0.0,0.0,0.0,0.7813428566545569,0.7929438724016308,0.0,0.0,0.0,0.0,0.0,0.0,0.7659661671832438,1.0,0.0,0.0
0.0,0.0,0.0,0.7735435006164937,0.0,0.0,0.8444629128548002,0.0,0.0,0.0,0.0,0.0,0.0,0.0,0.0,0.0,0.0,0.0,0.0,0.0,0.0,0.0,0.0,0.0,0.0,0.0,0.0,0.0,0.0,0.0,0.0,0.0,0.0,0.0,0.0,0.0,0.0,0.0,0.0,0.0,0.0,0.0,0.0,0.0,0.0,0.0,0.0,0.0,0.0,0.0,0.0,0.0,0.0,0.0,0.0,0.0,0.0,0.0,0.0,0.7705984649101946,0.0,0.0,0.0,0.0,0.0,0.0,0.0,0.7779561020287118,0.0,0.0,0.0,0.0,0.0,0.0,0.0,0.0,0.0,0.0,0.0,0.8213201514552627,0.0,0.0,0.0,0.0,0.0,0.0,0.0,0.0,0.0,0.0,0.0,0.0,0.0,0.0,0.0,0.0,0.0,0.0,0.0,0.0,0.0,0.0,0.0,0.0,0.0,0.0,0.0,0.0,0.0,0.0,0.0,0.0,0.0,0.0,0.0,0.0,0.0,0.0,0.0,0.0,0.0,0.0,0.0,0.0,0.0,0.0,0.0,0.0,0.0,0.0,0.0,0.0,0.0,0.0,0.0,0.0,0.0,0.0,0.0,0.0,0.0,0.8636411708307552,0.0,0.0,0.0,0.0,0.0,0.0,0.0,0.0,0.0,0.0,0.0,0.0,0.0,0.0,0.0,0.0,0.0,0.0,0.0,0.0,0.0,0.0,0.0,0.0,0.0,0.0,0.0,0.0,0.0,0.0,0.0,0.0,0.0,0.0,0.0,0.0,0.8336635052130066,0.0,0.0,0.0,0.0,0.0,0.0,0.0,0.0,0.0,0.0,0.0,0.0,0.0,0.0,0.0,0.0,0.0,0.0,0.0,1.0,0.0
0.7806093218280712,0.7645047973585147,0.0,0.0,0.0,0.7801417981856577,0.0,0.0,0.0,0.0,0.0,0.0,0.0,0.0,0.0,0.0,0.0,0.0,0.0,0.0,0.0,0.0,0.0,0.0,0.0,0.0,0.0,0.0,0.0,0.0,0.0,0.0,0.0,0.0,0.0,0.0,0.0,0.7634288229265105,0.0,0.0,0.0,0.7637859888622306,0.0,0.0,0.0,0.0,0.0,0.0,0.0,0.0,0.0,0.7998025062761761,0.0,0.0,0.0,0.0,0.0,0.0,0.7769778873234754,0.0,0.0,0.7788882948389589,0.0,0.0,0.7814511935932881,0.0,0.0,0.0,0.0,0.0,0.0,0.0,0.0,0.0,0.0,0.0,0.0,0.0,0.0,0.0,0.0,0.7781555063431608,0.0,0.0,0.0,0.7790025965026051,0.0,0.0,0.0,0.0,0.0,0.0,0.7824736191865886,0.0,0.0,0.7791448604735538,0.0,0.0,0.0,0.0,0.0,0.0,0.0,0.0,0.0,0.0,0.0,0.0,0.0,0.0,0.0,0.7647754893782353,0.7633175847992442,0.0,0.0,0.0,0.0,0.7824736191865886,0.0,0.0,0.0,0.0,0.0,0.0,0.0,0.0,0.0,0.7780818512001159,0.0,0.0,0.0,0.0,0.7827837793494954,0.0,0.0,0.0,0.0,0.0,0.0,0.7786021838411259,0.0,0.0,0.7778206037788356,0.0,0.0,0.0,0.7825492138637185,0.0,0.0,0.0,0.0,0.0,0.0,0.0,0.0,0.0,0.7669162683212971,0.0,0.0,0.0,0.0,0.0,0.0,0.0,0.0,0.7783300098293148,0.0,0.0,0.0,0.0,0.0,0.0,0.0,0.0,0.0,0.0,0.0,0.0,0.0,0.0,0.0,0.0,0.7827646765003597,0.0,0.8000509613325946,0.0,0.764872479149906,0.0,0.0,0.0,0.0,0.0,0.0,0.0,0.0,0.0,0.0,0.0,0.0,1.0
